Get:1 http://archive.ubuntu.com/ubuntu jammy InRelease [270 kB]
Get:2 http://packages.ros.org/ros2/ubuntu jammy InRelease [4682 B]
Get:3 http://packages.ros.org/ros2/ubuntu jammy/main Sources [1879 kB]
Get:4 http://security.ubuntu.com/ubuntu jammy-security InRelease [129 kB]
Get:5 http://archive.ubuntu.com/ubuntu jammy-updates InRelease [128 kB]
Get:6 http://archive.ubuntu.com/ubuntu jammy-backports InRelease [127 kB]
Get:7 http://archive.ubuntu.com/ubuntu jammy/main amd64 Packages [1792 kB]
Get:8 http://archive.ubuntu.com/ubuntu jammy/multiverse amd64 Packages [266 kB]
Get:9 http://archive.ubuntu.com/ubuntu jammy/restricted amd64 Packages [164 kB]
Get:10 http://archive.ubuntu.com/ubuntu jammy/universe amd64 Packages [17.5 MB]
Get:11 http://archive.ubuntu.com/ubuntu jammy-updates/main amd64 Packages [4718 kB]
Get:12 http://archive.ubuntu.com/ubuntu jammy-updates/multiverse amd64 Packages [93.2 kB]
Get:13 http://archive.ubuntu.com/ubuntu jammy-updates/universe amd64 Packages [1623 kB]
Get:14 http://archive.ubuntu.com/ubuntu jammy-updates/restricted amd64 Packages [8152 kB]
Get:15 http://packages.ros.org/ros2/ubuntu jammy/main amd64 Packages [1842 kB]
Get:16 http://archive.ubuntu.com/ubuntu jammy-backports/universe amd64 Packages [35.6 kB]
Get:17 http://archive.ubuntu.com/ubuntu jammy-backports/main amd64 Packages [82.9 kB]
Get:18 http://security.ubuntu.com/ubuntu jammy-security/restricted amd64 Packages [7843 kB]
Get:19 http://security.ubuntu.com/ubuntu jammy-security/main amd64 Packages [4372 kB]
Get:20 http://security.ubuntu.com/ubuntu jammy-security/universe amd64 Packages [1321 kB]
Get:21 http://security.ubuntu.com/ubuntu jammy-security/multiverse amd64 Packages [84.6 kB]
Fetched 52.4 MB in 3s (19.7 MB/s)
Reading package lists...
Reading package lists...
Building dependency tree...
Reading state information...
The following additional packages will be installed:
  acl adwaita-icon-theme alsa-topology-conf alsa-ucm-conf at-spi2-core
  autoconf automake autotools-dev binutils binutils-common
  binutils-x86-64-linux-gnu bzip2 bzip2-doc comerr-dev cpp cpp-11 curl dbus
  dbus-user-session dconf-gsettings-backend dconf-service
  default-libmysqlclient-dev dmsetup file fontconfig fontconfig-config
  fonts-dejavu-core fonts-droid-fallback fonts-liberation fonts-noto-mono
  fonts-urw-base35 freeglut3 freeglut3-dev gazebo gazebo-common
  gazebo-plugin-base gcc gcc-11 gcc-11-base gdal-data gfortran gfortran-11
  ghostscript gir1.2-glib-2.0 git-man graphicsmagick-libmagick-dev-compat
  graphviz gsettings-desktop-schemas gsfonts gstreamer1.0-plugins-base
  gtk-update-icon-cache hdf5-helpers hicolor-icon-theme humanity-icon-theme
  i965-va-driver ibverbs-providers icu-devtools intel-media-va-driver
  iso-codes javascript-common krb5-multidev less libaacs0 libacl1-dev
  libaec-dev libaec0 libamd2 libann0 libaom-dev libaom3 libapparmor1
  libargon2-1 libarmadillo-dev libarmadillo10 libarpack2 libarpack2-dev
  libasan6 libasound2 libasound2-data libass9 libassimp-dev libassimp5
  libasyncns0 libatk-bridge2.0-0 libatk1.0-0 libatk1.0-data libatspi2.0-0
  libattr1-dev libavahi-client3 libavahi-common-data libavahi-common3
  libavc1394-0 libavcodec-dev libavcodec58 libavdevice-dev libavdevice58
  libavfilter-dev libavfilter7 libavformat-dev libavformat58 libavutil-dev
  libavutil56 libbdplus0 libbenchmark-dev libbenchmark1 libbinutils
  libblas-dev libblkid-dev libblosc-dev libblosc1 libbluray2 libboost-all-dev
  libboost-atomic-dev libboost-atomic1.74-dev libboost-atomic1.74.0
  libboost-chrono-dev libboost-chrono1.74-dev libboost-chrono1.74.0
  libboost-container-dev libboost-container1.74-dev libboost-container1.74.0
  libboost-context-dev libboost-context1.74-dev libboost-context1.74.0
  libboost-coroutine-dev libboost-coroutine1.74-dev libboost-coroutine1.74.0
  libboost-date-time-dev libboost-date-time1.74-dev libboost-date-time1.74.0
  libboost-dev libboost-exception-dev libboost-exception1.74-dev
  libboost-fiber-dev libboost-fiber1.74-dev libboost-fiber1.74.0
  libboost-filesystem-dev libboost-filesystem1.74-dev
  libboost-filesystem1.74.0 libboost-graph-dev libboost-graph-parallel-dev
  libboost-graph-parallel1.74-dev libboost-graph-parallel1.74.0
  libboost-graph1.74-dev libboost-graph1.74.0 libboost-iostreams-dev
  libboost-iostreams1.74-dev libboost-iostreams1.74.0 libboost-locale-dev
  libboost-locale1.74-dev libboost-locale1.74.0 libboost-log-dev
  libboost-log1.74-dev libboost-log1.74.0 libboost-math-dev
  libboost-math1.74-dev libboost-math1.74.0 libboost-mpi-dev
  libboost-mpi-python-dev libboost-mpi-python1.74-dev
  libboost-mpi-python1.74.0 libboost-mpi1.74-dev libboost-mpi1.74.0
  libboost-nowide-dev libboost-nowide1.74-dev libboost-nowide1.74.0
  libboost-numpy-dev libboost-numpy1.74-dev libboost-numpy1.74.0
  libboost-program-options-dev libboost-program-options1.74-dev
  libboost-program-options1.74.0 libboost-python-dev libboost-python1.74-dev
  libboost-python1.74.0 libboost-random-dev libboost-random1.74-dev
  libboost-random1.74.0 libboost-regex-dev libboost-regex1.74-dev
  libboost-regex1.74.0 libboost-serialization-dev
  libboost-serialization1.74-dev libboost-serialization1.74.0
  libboost-stacktrace-dev libboost-stacktrace1.74-dev
  libboost-stacktrace1.74.0 libboost-system-dev libboost-system1.74-dev
  libboost-system1.74.0 libboost-test-dev libboost-test1.74-dev
  libboost-test1.74.0 libboost-thread-dev libboost-thread1.74-dev
  libboost-thread1.74.0 libboost-timer-dev libboost-timer1.74-dev
  libboost-timer1.74.0 libboost-tools-dev libboost-type-erasure-dev
  libboost-type-erasure1.74-dev libboost-type-erasure1.74.0 libboost-wave-dev
  libboost-wave1.74-dev libboost-wave1.74.0 libboost1.74-dev
  libboost1.74-tools-dev libbrotli-dev libbs2b0 libbsd-dev libbsd0 libbtf1
  libbullet-dev libbullet3.06 libbz2-dev libcaca0 libcaf-openmpi-3
  libcairo-gobject2 libcairo2 libcamd2 libcap-dev libcap2-bin libcbor0.8
  libcc1-0 libccd-dev libccd2 libccolamd2 libcdio-cdda2 libcdio-paranoia2
  libcdio19 libcdparanoia0 libcdt5 libceres-dev libceres2 libcfitsio-dev
  libcfitsio-doc libcfitsio9 libcgraph6 libcharls-dev libcharls2 libcholmod3
  libchromaprint1 libcoarrays-dev libcoarrays-openmpi-dev libcodec2-1.0
  libcolamd2 libcolord2 libcryptsetup12 libctf-nobfd0 libctf0 libcups2
  libcurl3-gnutls libcurl4 libcurl4-openssl-dev libcxsparse3
  libdart-collision-bullet6.12 libdart-dev libdart-external-convhull-3d-dev
  libdart-external-odelcpsolver-dev libdart-external-odelcpsolver6.12
  libdart-utils6.12 libdart6.12 libdatrie1 libdav1d-dev libdav1d5 libdbus-1-3
  libdc1394-25 libdc1394-dev libdconf1 libde265-0 libde265-dev libdecor-0-0
  libdecor-0-plugin-1-cairo libdeflate-dev libdeflate0 libdevmapper1.02.1
  libdouble-conversion3 libdpkg-perl libdraco-dev libdraco4 libdrm-amdgpu1
  libdrm-common libdrm-intel1 libdrm-nouveau2 libdrm-radeon1 libdrm2 libdw-dev
  libdw1 libedit2 libegl-dev libegl-mesa0 libegl1 libeigen3-dev libelf-dev
  libelf1 libepoxy0 liberror-perl libevdev2 libevent-2.1-7 libevent-core-2.1-7
  libevent-dev libevent-extra-2.1-7 libevent-openssl-2.1-7
  libevent-pthreads-2.1-7 libexif-dev libexif-doc libexif12 libexpected-dev
  libfabric1 libfcl-dev libfcl0.7 libffi-dev libfido2-1 libfile-fcntllock-perl
  libflac8 libflann-dev libflann1.9 libflite1 libfontconfig1 libfreeimage-dev
  libfreeimage3 libfreetype-dev libfreetype6 libfreexl-dev libfreexl1
  libfribidi0 libfyba-dev libfyba0 libgazebo-dev libgazebo11 libgbm1
  libgcc-11-dev libgd3 libgdal-dev libgdal30 libgdbm-compat4 libgdbm6
  libgdcm-dev libgdcm3.0 libgdk-pixbuf-2.0-0 libgdk-pixbuf2.0-bin
  libgdk-pixbuf2.0-common libgeos-c1v5 libgeos-dev libgeos3.10.2
  libgeotiff-dev libgeotiff5 libgflags-dev libgflags2.2 libgfortran-11-dev
  libgif-dev libgif7 libgirepository-1.0-1 libgl-dev libgl1 libgl1-amber-dri
  libgl1-mesa-dev libgl1-mesa-dri libgl2ps1.4 libglapi-mesa libgles-dev
  libgles1 libgles2 libglew-dev libglew2.2 libglib2.0-0 libglib2.0-bin
  libglib2.0-data libglib2.0-dev libglib2.0-dev-bin libglu1-mesa
  libglu1-mesa-dev libglvnd-core-dev libglvnd-dev libglvnd0 libglx-dev
  libglx-mesa0 libglx0 libgme0 libgomp1 libgoogle-glog-dev libgoogle-glog0v5
  libgphoto2-6 libgphoto2-dev libgphoto2-l10n libgphoto2-port12
  libgraphblas-dev libgraphblas6 libgraphics-magick-perl
  libgraphicsmagick++-q16-12 libgraphicsmagick++1-dev libgraphicsmagick-q16-3
  libgraphicsmagick1-dev libgraphite2-3 libgs9 libgs9-common libgsm1
  libgssapi-krb5-2 libgssrpc4 libgstreamer-plugins-base1.0-0 libgstreamer1.0-0
  libgtk-3-0 libgtk-3-bin libgtk-3-common libgts-0.7-5 libgts-bin libgts-dev
  libgudev-1.0-0 libgvc6 libgvpr2 libharfbuzz0b libhdf4-0-alt libhdf4-alt-dev
  libhdf5-103-1 libhdf5-cpp-103-1 libhdf5-dev libhdf5-fortran-102
  libhdf5-hl-100 libhdf5-hl-cpp-100 libhdf5-hl-fortran-100 libhdf5-mpi-dev
  libhdf5-openmpi-103-1 libhdf5-openmpi-cpp-103-1 libhdf5-openmpi-dev
  libhdf5-openmpi-fortran-102 libhdf5-openmpi-hl-100
  libhdf5-openmpi-hl-cpp-100 libhdf5-openmpi-hl-fortran-100 libheif-dev
  libheif1 libhwloc-dev libhwloc-plugins libhwloc15 libibverbs-dev libibverbs1
  libice-dev libice6 libicu-dev libidn12 libiec61883-0 libigdgmm12
  libignition-cmake2-dev libignition-common3-3 libignition-common3-av-dev
  libignition-common3-av3 libignition-common3-core-dev libignition-common3-dev
  libignition-common3-events3 libignition-common3-graphics-dev
  libignition-common3-graphics3 libignition-common3-profiler3
  libignition-fuel-tools4-4 libignition-fuel-tools4-dev libignition-math6
  libignition-math6-dev libignition-msgs5-5 libignition-msgs5-dev
  libignition-transport8-8 libignition-transport8-dev libijs-0.35
  libilmbase-dev libilmbase25 libinput-bin libinput10 libip4tc2 libisl23
  libitm1 libjack-jackd2-0 libjbig-dev libjbig0 libjbig2dec0 libjpeg-dev
  libjpeg-turbo8 libjpeg-turbo8-dev libjpeg8 libjpeg8-dev libjs-jquery-hotkeys
  libjs-jquery-isonscreen libjs-jquery-metadata libjs-jquery-tablesorter
  libjs-jquery-throttle-debounce libjs-jquery-ui libjson-c-dev libjson-c5
  libjsoncpp-dev libjxr0 libk5crypto3 libkadm5clnt-mit12 libkadm5srv-mit12
  libkdb5-10 libklu1 libkml-dev libkmlbase1 libkmlconvenience1 libkmldom1
  libkmlengine1 libkmlregionator1 libkmlxsd1 libkmod2 libkrb5-3 libkrb5-dev
  libkrb5support0 liblab-gamut1 liblapack-dev liblcms2-2 liblcms2-dev libldl2
  liblept5 liblilv-0-0 libllvm14 libllvm15 liblocale-gettext-perl liblsan0
  libltdl-dev libltdl7 liblz4-dev liblzma-dev libmagic-mgc libmagic1 libmd-dev
  libmd0 libmd4c0 libmetis5 libmfx1 libminizip-dev libminizip1 libmongoose2
  libmount-dev libmp3lame0 libmpc3 libmpfr6 libmpg123-0 libmtdev1 libmysofa1
  libmysqlclient-dev libmysqlclient21 libnanoflann-dev libncurses-dev
  libnetcdf-dev libnetcdf19 libnl-3-200 libnl-3-dev libnl-route-3-200
  libnl-route-3-dev libnorm-dev libnorm1 libnspr4 libnss-systemd libnss3
  libnuma-dev libnuma1 liboctomap-dev liboctomap1.9 libodbc2 libodbccr2
  libodbcinst2 libode8 libogdi-dev libogdi4.1 libogg0 libogre-1.9-dev
  libogre-1.9.0v5 libomp-14-dev libomp-dev libomp5-14 libopenal-data
  libopenal1 libopencv-calib3d-dev libopencv-calib3d4.5d libopencv-contrib-dev
  libopencv-contrib4.5d libopencv-core-dev libopencv-core4.5d libopencv-dev
  libopencv-dnn-dev libopencv-dnn4.5d libopencv-features2d-dev
  libopencv-features2d4.5d libopencv-flann-dev libopencv-flann4.5d
  libopencv-highgui-dev libopencv-highgui4.5d libopencv-imgcodecs-dev
  libopencv-imgcodecs4.5d libopencv-imgproc-dev libopencv-imgproc4.5d
  libopencv-ml-dev libopencv-ml4.5d libopencv-objdetect-dev
  libopencv-objdetect4.5d libopencv-photo-dev libopencv-photo4.5d
  libopencv-shape-dev libopencv-shape4.5d libopencv-stitching-dev
  libopencv-stitching4.5d libopencv-superres-dev libopencv-superres4.5d
  libopencv-video-dev libopencv-video4.5d libopencv-videoio-dev
  libopencv-videoio4.5d libopencv-videostab-dev libopencv-videostab4.5d
  libopencv-viz-dev libopencv-viz4.5d libopencv4.5-java libopencv4.5d-jni
  libopenexr-dev libopenexr25 libopengl-dev libopengl0 libopenjp2-7
  libopenjp2-7-dev libopenmpi-dev libopenmpi3 libopenmpt0 libopus0
  liborc-0.4-0 liborocos-kdl-dev liborocos-kdl1.5 libpam-cap libpam-systemd
  libpango-1.0-0 libpangocairo-1.0-0 libpangoft2-1.0-0 libpaper-utils
  libpaper1 libpathplan4 libpciaccess0 libpcre16-3 libpcre2-16-0 libpcre2-32-0
  libpcre2-dev libpcre2-posix3 libpcre3-dev libpcre32-3 libpcrecpp0v5
  libperl5.34 libpgm-5.3-0 libpgm-dev libpixman-1-0 libpmix-dev libpmix2
  libpng-dev libpng-tools libpng16-16 libpocketsphinx3 libpoppler-dev
  libpoppler-private-dev libpoppler118 libpostproc-dev libpostproc55 libpq-dev
  libpq5 libproj-dev libproj22 libprotobuf-dev libprotobuf-lite23
  libprotobuf23 libprotoc-dev libprotoc23 libpsm-infinipath1 libpsm2-2
  libpthread-stubs0-dev libpulse0 libqhull-dev libqhull-r8.0 libqhull8.0
  libqhullcpp8.0 libqt5concurrent5 libqt5core5a libqt5dbus5 libqt5designer5
  libqt5gui5 libqt5network5 libqt5opengl5 libqt5opengl5-dev
  libqt5printsupport5 libqt5sql5 libqt5sql5-sqlite libqt5svg5 libqt5test5
  libqt5widgets5 libqt5xml5 libqtpropertybrowser5 libqwt-qt5-6 libqwt-qt5-dev
  librabbitmq4 libraw1394-11 libraw1394-dev libraw1394-tools libraw20 librbio2
  librdmacm1 librsvg2-2 librsvg2-common librttopo-dev librttopo1
  librubberband2 libsamplerate0 libsdformat9-9 libsdformat9-dev libsdl2-2.0-0
  libselinux1-dev libsensors-config libsensors5 libsepol-dev libserd-0-0
  libshine3 libsigsegv2 libsimbody-dev libsimbody3.6 libslang2 libsliplu1
  libsm-dev libsm6 libsnappy1v5 libsndfile1 libsndio7.0 libsocket++1
  libsodium-dev libsodium23 libsord-0-0 libsoxr0 libspatialite-dev
  libspatialite7 libspeex1 libsphinxbase3 libspnav0 libspqr2 libsqlite3-0
  libsqlite3-dev libsratom-0-0 libsrt1.4-gnutls libssh-gcrypt-4
  libstdc++-11-dev libsuitesparse-dev libsuitesparseconfig5 libsuperlu-dev
  libsuperlu5 libswresample-dev libswresample3 libswscale-dev libswscale5
  libsz2 libtar-dev libtar0 libtbb-dev libtbb12 libtbb2 libtbbmalloc2
  libtcl8.6 libtesseract4 libthai-data libthai0 libtheora0 libtiff-dev
  libtiff5 libtiffxx5 libtinyobjloader-dev libtinyobjloader1 libtinyxml-dev
  libtinyxml2.6.2v5 libtk8.6 libtool libtsan0 libtwolame0 libubsan1 libucx0
  libudfread0 libumfpack5 libunwind-dev libunwind8 liburdfdom-model3.0
  liburdfdom-world3.0 liburiparser-dev liburiparser1 libusb-1.0-0 libva-drm2
  libva-x11-2 libva2 libvdpau1 libvidstab1.1 libvisual-0.4-0 libvorbis0a
  libvorbisenc2 libvorbisfile3 libvpx7 libvtk9.1 libvulkan-dev libvulkan1
  libwacom-bin libwacom-common libwacom9 libwayland-client0 libwayland-cursor0
  libwayland-egl1 libwayland-server0 libwebp-dev libwebp7 libwebpdemux2
  libwebpmux3 libwmf-0.2-7 libwmf-dev libwmflite-0.2-7 libx11-6 libx11-data
  libx11-dev libx11-xcb1 libx264-163 libx265-199 libx265-dev libxau-dev
  libxau6 libxaw7 libxaw7-dev libxcb-dri2-0 libxcb-dri3-0 libxcb-glx0
  libxcb-icccm4 libxcb-image0 libxcb-keysyms1 libxcb-present0 libxcb-randr0
  libxcb-render-util0 libxcb-render0 libxcb-shape0 libxcb-shm0 libxcb-sync1
  libxcb-util1 libxcb-xfixes0 libxcb-xinerama0 libxcb-xinput0 libxcb-xkb1
  libxcb1 libxcb1-dev libxcomposite1 libxcursor1 libxdamage1 libxdmcp-dev
  libxdmcp6 libxerces-c-dev libxerces-c3.2 libxext-dev libxext6 libxfixes-dev
  libxfixes3 libxft2 libxi-dev libxi6 libxinerama1 libxkbcommon-x11-0
  libxkbcommon0 libxml2 libxml2-dev libxmu-dev libxmu-headers libxmu6 libxmuu1
  libxnvctrl0 libxpm-dev libxpm4 libxrandr-dev libxrandr2 libxrender-dev
  libxrender1 libxshmfence1 libxsimd-dev libxss1 libxt-dev libxt6
  libxtensor-dev libxtst6 libxv1 libxvidcore4 libxxf86vm1 libyaml-cpp-dev
  libyaml-cpp0.7 libzimg2 libzip-dev libzip4 libzmq3-dev libzmq5 libzstd-dev
  libzvbi-common libzvbi0 libzzip-0-13 m4 mesa-va-drivers mesa-vdpau-drivers
  mesa-vulkan-drivers mpi-default-bin mpi-default-dev mysql-common netbase
  networkd-dispatcher nlohmann-json3-dev notification-daemon
  ocl-icd-libopencl1 opencv-data openmpi-bin openmpi-common openssh-client
  patch perl perl-base perl-modules-5.34 pkg-config pocketsphinx-en-us
  poppler-data proj-bin proj-data protobuf-compiler pybind11-dev
  python-babel-localedata python3-babel python3-colcon-argcomplete
  python3-colcon-bash python3-colcon-cd python3-colcon-cmake
  python3-colcon-core python3-colcon-defaults python3-colcon-devtools
  python3-colcon-installed-package-information python3-colcon-library-path
  python3-colcon-metadata python3-colcon-notification python3-colcon-output
  python3-colcon-override-check python3-colcon-package-information
  python3-colcon-package-selection python3-colcon-parallel-executor
  python3-colcon-pkg-config python3-colcon-powershell
  python3-colcon-python-setup-py python3-colcon-recursive-crawl
  python3-colcon-ros python3-colcon-test-result python3-colcon-zsh
  python3-cov-core python3-coverage python3-dbus python3-distlib python3-gi
  python3-graphviz python3-jinja2 python3-markupsafe python3-nose2
  python3-notify2 python3-opencv python3-pykdl python3-pytest-cov
  python3-rosdep-modules python3-sip python3-typeguard python3-tz
  qt5-gtk-platformtheme qt5-qmake qt5-qmake-bin qtbase5-dev qtbase5-dev-tools
  qtchooser qttranslations5-l10n ros-humble-ackermann-msgs
  ros-humble-ackermann-steering-controller ros-humble-admittance-controller
  ros-humble-angles ros-humble-backward-ros ros-humble-behaviortree-cpp-v3
  ros-humble-bicycle-steering-controller ros-humble-bond ros-humble-bondcpp
  ros-humble-camera-calibration-parsers ros-humble-camera-info-manager
  ros-humble-control-msgs ros-humble-control-toolbox
  ros-humble-controller-interface ros-humble-controller-manager
  ros-humble-controller-manager-msgs ros-humble-costmap-queue
  ros-humble-cv-bridge ros-humble-cyclonedds ros-humble-diagnostic-updater
  ros-humble-diff-drive-controller ros-humble-dwb-core ros-humble-dwb-critics
  ros-humble-dwb-msgs ros-humble-dwb-plugins ros-humble-effort-controllers
  ros-humble-eigen3-cmake-module ros-humble-filters
  ros-humble-force-torque-sensor-broadcaster
  ros-humble-forward-command-controller ros-humble-gazebo-dev
  ros-humble-gazebo-msgs ros-humble-gazebo-plugins ros-humble-gazebo-ros
  ros-humble-generate-parameter-library
  ros-humble-generate-parameter-library-py ros-humble-gpio-controllers
  ros-humble-gripper-controllers ros-humble-hardware-interface
  ros-humble-iceoryx-binding-c ros-humble-iceoryx-hoofs
  ros-humble-iceoryx-posh ros-humble-ignition-cmake2-vendor
  ros-humble-ignition-math6-vendor ros-humble-image-transport
  ros-humble-imu-sensor-broadcaster ros-humble-interactive-markers
  ros-humble-joint-limits ros-humble-joint-state-broadcaster
  ros-humble-joint-trajectory-controller ros-humble-kdl-parser
  ros-humble-kinematics-interface ros-humble-laser-geometry
  ros-humble-libcurl-vendor ros-humble-map-msgs
  ros-humble-mecanum-drive-controller ros-humble-message-filters
  ros-humble-nav-2d-msgs ros-humble-nav-2d-utils ros-humble-nav2-amcl
  ros-humble-nav2-behavior-tree ros-humble-nav2-behaviors
  ros-humble-nav2-bt-navigator ros-humble-nav2-collision-monitor
  ros-humble-nav2-common ros-humble-nav2-constrained-smoother
  ros-humble-nav2-controller ros-humble-nav2-core ros-humble-nav2-costmap-2d
  ros-humble-nav2-dwb-controller ros-humble-nav2-lifecycle-manager
  ros-humble-nav2-map-server ros-humble-nav2-mppi-controller
  ros-humble-nav2-msgs ros-humble-nav2-navfn-planner ros-humble-nav2-planner
  ros-humble-nav2-regulated-pure-pursuit-controller
  ros-humble-nav2-rotation-shim-controller ros-humble-nav2-route
  ros-humble-nav2-rviz-plugins ros-humble-nav2-simple-commander
  ros-humble-nav2-smac-planner ros-humble-nav2-smoother
  ros-humble-nav2-theta-star-planner ros-humble-nav2-util
  ros-humble-nav2-velocity-smoother ros-humble-nav2-voxel-grid
  ros-humble-nav2-waypoint-follower ros-humble-ompl
  ros-humble-orocos-kdl-vendor ros-humble-parameter-traits
  ros-humble-pid-controller ros-humble-pose-broadcaster
  ros-humble-position-controllers ros-humble-pybind11-vendor
  ros-humble-python-orocos-kdl-vendor ros-humble-range-sensor-broadcaster
  ros-humble-realtime-tools ros-humble-resource-retriever
  ros-humble-ros2-control-test-assets ros-humble-ros2controlcli ros-humble-rsl
  ros-humble-rviz-assimp-vendor ros-humble-rviz-common
  ros-humble-rviz-default-plugins ros-humble-rviz-ogre-vendor
  ros-humble-rviz-rendering ros-humble-sensor-msgs-py ros-humble-slam-toolbox
  ros-humble-smclib ros-humble-steering-controllers-library
  ros-humble-tcb-span ros-humble-tf2 ros-humble-tf2-eigen
  ros-humble-tf2-geometry-msgs ros-humble-tf2-kdl ros-humble-tf2-msgs
  ros-humble-tf2-py ros-humble-tf2-ros ros-humble-tf2-ros-py
  ros-humble-tf2-sensor-msgs ros-humble-tinyxml-vendor ros-humble-tl-expected
  ros-humble-transmission-interface ros-humble-tricycle-controller
  ros-humble-tricycle-steering-controller ros-humble-urdf
  ros-humble-urdf-parser-plugin ros-humble-urdfdom ros-humble-urdfdom-headers
  ros-humble-velocity-controllers ros-humble-yaml-cpp-vendor sdformat9-sdf
  session-migration shared-mime-info sudo systemd systemd-sysv
  systemd-timesyncd ubuntu-mono ucf unixodbc-common unixodbc-dev uuid-dev
  va-driver-all vdpau-driver-all x11-common x11proto-core-dev x11proto-dev
  xauth xdg-user-dirs xkb-data xorg-sgml-doctools xtl-dev xtrans-dev xz-utils
Suggested packages:
  autoconf-archive gnu-standards autoconf-doc gettext binutils-doc doc-base
  cpp-doc gcc-11-locales fonts-noto fonts-freefont-otf | fonts-freefont-ttf
  fonts-texgyre gazebo-doc gcc-multilib make manpages-dev flex bison gdb
  gcc-doc gcc-11-multilib gcc-11-doc gfortran-multilib gfortran-doc
  gfortran-11-multilib gfortran-11-doc ghostscript-x gettext-base
  git-daemon-run | git-daemon-sysvinit git-doc git-email git-gui gitk gitweb
  git-cvs git-mediawiki git-svn graphviz-doc gvfs i965-va-driver-shaders
  isoquery apache2 | lighttpd | httpd krb5-doc libitpp-dev libasound2-plugins
  alsa-utils libcuda1 libnvcuvid1 libnvidia-encode1 libbenchmark-tools
  liblapack-doc libbluray-bdj libboost-doc libboost1.74-doc gccxml
  libboost-contract1.74-dev libmpfrc++-dev libntl-dev xsltproc doxygen
  docbook-xml docbook-xsl default-jdk fop colord cups-common libcurl4-doc
  libidn11-dev libldap2-dev librtmp-dev libssh2-1-dev debian-keyring bzr
  libeigen3-doc freetype2-doc libgd-tools gdbm-l10n libgdal-doc
  libgeotiff-epsg geotiff-bin gdal-bin glew-utils libgirepository1.0-dev
  libglib2.0-doc gphoto2 graphicsmagick-dbg graphicsmagick krb5-user
  libvisual-0.4-plugins gstreamer1.0-tools libgts-doc libhdf4-doc hdf4-tools
  libhdf5-doc libhwloc-contrib-plugins libice-doc icu-doc ignition-tools
  jackd2 libjs-jquery-ui-docs liblcms2-utils libtool-doc liblzma-doc
  ncurses-doc netcdf-bin netcdf-doc libnorm-doc odbc-postgresql tdsodbc
  ogdi-bin ogre-1.9-doc libogre-1.9.0v5-dbg libomp-14-doc libportaudio2
  opencv-doc openmpi-doc opus-tools pciutils postgresql-doc-14 pulseaudio
  qt5-image-formats-plugins qtwayland5 libraw1394-doc librsvg2-bin xdg-utils
  lm-sensors serdi libsm-doc sndiod sordi speex spacenavd sqlite3-doc
  libstdc++-11-doc libsuperlu-doc libtbb-doc tcl8.6 libtinyxml-doc tk8.6
  gcj-jdk vtk9-doc vtk9-examples libwmf-0.2-7-gtk libwmf-doc libx11-doc
  libx265-doc libxaw-doc libxcb-doc libxerces-c-doc libxext-doc libxsimd-doc
  libxt-doc xtensor-doc m4-doc iw | wireless-tools opencl-icd keychain
  libpam-ssh monkeysphere ssh-askpass ed diffutils-doc perl-doc
  libterm-readline-gnu-perl | libterm-readline-perl-perl
  libtap-harness-archive-perl dpkg-dev poppler-utils fonts-japanese-mincho
  | fonts-ipafont-mincho fonts-japanese-gothic | fonts-ipafont-gothic
  fonts-arphic-ukai fonts-arphic-uming fonts-nanum protobuf-mode-el
  pybind11-doc python3-pytest-repeat python3-pytest-rerunfailures
  python-coverage-doc python-dbus-doc python-jinja2-doc python-nose2-doc
  firebird-dev systemd-container libtss2-esys-3.0.2-0 libtss2-mu0 libtss2-rc0
  policykit-1 libvdpau-va-gl1
Recommended packages:
  krb5-locales
The following NEW packages will be installed:
  acl adwaita-icon-theme alsa-topology-conf alsa-ucm-conf at-spi2-core
  autoconf automake autotools-dev binutils binutils-common
  binutils-x86-64-linux-gnu bzip2 bzip2-doc comerr-dev cpp cpp-11 dbus
  dbus-user-session dconf-gsettings-backend dconf-service
  default-libmysqlclient-dev dmsetup file fontconfig fontconfig-config
  fonts-dejavu-core fonts-droid-fallback fonts-liberation fonts-noto-mono
  fonts-urw-base35 freeglut3 freeglut3-dev gazebo gazebo-common
  gazebo-plugin-base gcc gcc-11 gcc-11-base gdal-data gfortran gfortran-11
  ghostscript gir1.2-glib-2.0 git git-man graphicsmagick-libmagick-dev-compat
  graphviz gsettings-desktop-schemas gsfonts gstreamer1.0-plugins-base
  gtk-update-icon-cache hdf5-helpers hicolor-icon-theme humanity-icon-theme
  i965-va-driver ibverbs-providers icu-devtools intel-media-va-driver
  iso-codes javascript-common krb5-multidev less libaacs0 libacl1-dev
  libaec-dev libaec0 libamd2 libann0 libaom-dev libaom3 libapparmor1
  libargon2-1 libarmadillo-dev libarmadillo10 libarpack2 libarpack2-dev
  libasan6 libasound2 libasound2-data libass9 libassimp-dev libassimp5
  libasyncns0 libatk-bridge2.0-0 libatk1.0-0 libatk1.0-data libatspi2.0-0
  libattr1-dev libavahi-client3 libavahi-common-data libavahi-common3
  libavc1394-0 libavcodec-dev libavcodec58 libavdevice-dev libavdevice58
  libavfilter-dev libavfilter7 libavformat-dev libavformat58 libavutil-dev
  libavutil56 libbdplus0 libbenchmark-dev libbenchmark1 libbinutils
  libblas-dev libblkid-dev libblosc-dev libblosc1 libbluray2 libboost-all-dev
  libboost-atomic-dev libboost-atomic1.74-dev libboost-atomic1.74.0
  libboost-chrono-dev libboost-chrono1.74-dev libboost-chrono1.74.0
  libboost-container-dev libboost-container1.74-dev libboost-container1.74.0
  libboost-context-dev libboost-context1.74-dev libboost-context1.74.0
  libboost-coroutine-dev libboost-coroutine1.74-dev libboost-coroutine1.74.0
  libboost-date-time-dev libboost-date-time1.74-dev libboost-date-time1.74.0
  libboost-dev libboost-exception-dev libboost-exception1.74-dev
  libboost-fiber-dev libboost-fiber1.74-dev libboost-fiber1.74.0
  libboost-filesystem-dev libboost-filesystem1.74-dev
  libboost-filesystem1.74.0 libboost-graph-dev libboost-graph-parallel-dev
  libboost-graph-parallel1.74-dev libboost-graph-parallel1.74.0
  libboost-graph1.74-dev libboost-graph1.74.0 libboost-iostreams-dev
  libboost-iostreams1.74-dev libboost-iostreams1.74.0 libboost-locale-dev
  libboost-locale1.74-dev libboost-locale1.74.0 libboost-log-dev
  libboost-log1.74-dev libboost-log1.74.0 libboost-math-dev
  libboost-math1.74-dev libboost-math1.74.0 libboost-mpi-dev
  libboost-mpi-python-dev libboost-mpi-python1.74-dev
  libboost-mpi-python1.74.0 libboost-mpi1.74-dev libboost-mpi1.74.0
  libboost-nowide-dev libboost-nowide1.74-dev libboost-nowide1.74.0
  libboost-numpy-dev libboost-numpy1.74-dev libboost-numpy1.74.0
  libboost-program-options-dev libboost-program-options1.74-dev
  libboost-program-options1.74.0 libboost-python-dev libboost-python1.74-dev
  libboost-python1.74.0 libboost-random-dev libboost-random1.74-dev
  libboost-random1.74.0 libboost-regex-dev libboost-regex1.74-dev
  libboost-regex1.74.0 libboost-serialization-dev
  libboost-serialization1.74-dev libboost-serialization1.74.0
  libboost-stacktrace-dev libboost-stacktrace1.74-dev
  libboost-stacktrace1.74.0 libboost-system-dev libboost-system1.74-dev
  libboost-system1.74.0 libboost-test-dev libboost-test1.74-dev
  libboost-test1.74.0 libboost-thread-dev libboost-thread1.74-dev
  libboost-thread1.74.0 libboost-timer-dev libboost-timer1.74-dev
  libboost-timer1.74.0 libboost-tools-dev libboost-type-erasure-dev
  libboost-type-erasure1.74-dev libboost-type-erasure1.74.0 libboost-wave-dev
  libboost-wave1.74-dev libboost-wave1.74.0 libboost1.74-dev
  libboost1.74-tools-dev libbrotli-dev libbs2b0 libbsd-dev libbsd0 libbtf1
  libbullet-dev libbullet3.06 libbz2-dev libcaca0 libcaf-openmpi-3
  libcairo-gobject2 libcairo2 libcamd2 libcap-dev libcap2-bin libcbor0.8
  libcc1-0 libccd-dev libccd2 libccolamd2 libcdio-cdda2 libcdio-paranoia2
  libcdio19 libcdparanoia0 libcdt5 libceres-dev libceres2 libcfitsio-dev
  libcfitsio-doc libcfitsio9 libcgraph6 libcharls-dev libcharls2 libcholmod3
  libchromaprint1 libcoarrays-dev libcoarrays-openmpi-dev libcodec2-1.0
  libcolamd2 libcolord2 libcryptsetup12 libctf-nobfd0 libctf0 libcups2
  libcurl3-gnutls libcurl4-openssl-dev libcxsparse3
  libdart-collision-bullet6.12 libdart-dev libdart-external-convhull-3d-dev
  libdart-external-odelcpsolver-dev libdart-external-odelcpsolver6.12
  libdart-utils6.12 libdart6.12 libdatrie1 libdav1d-dev libdav1d5 libdbus-1-3
  libdc1394-25 libdc1394-dev libdconf1 libde265-0 libde265-dev libdecor-0-0
  libdecor-0-plugin-1-cairo libdeflate-dev libdeflate0 libdevmapper1.02.1
  libdouble-conversion3 libdpkg-perl libdraco-dev libdraco4 libdrm-amdgpu1
  libdrm-common libdrm-intel1 libdrm-nouveau2 libdrm-radeon1 libdrm2 libdw-dev
  libdw1 libedit2 libegl-dev libegl-mesa0 libegl1 libeigen3-dev libelf-dev
  libelf1 libepoxy0 liberror-perl libevdev2 libevent-2.1-7 libevent-core-2.1-7
  libevent-dev libevent-extra-2.1-7 libevent-openssl-2.1-7
  libevent-pthreads-2.1-7 libexif-dev libexif-doc libexif12 libexpected-dev
  libfabric1 libfcl-dev libfcl0.7 libffi-dev libfido2-1 libfile-fcntllock-perl
  libflac8 libflann-dev libflann1.9 libflite1 libfontconfig1 libfreeimage-dev
  libfreeimage3 libfreetype-dev libfreetype6 libfreexl-dev libfreexl1
  libfribidi0 libfyba-dev libfyba0 libgazebo-dev libgazebo11 libgbm1
  libgcc-11-dev libgd3 libgdal-dev libgdal30 libgdbm-compat4 libgdbm6
  libgdcm-dev libgdcm3.0 libgdk-pixbuf-2.0-0 libgdk-pixbuf2.0-bin
  libgdk-pixbuf2.0-common libgeos-c1v5 libgeos-dev libgeos3.10.2
  libgeotiff-dev libgeotiff5 libgflags-dev libgflags2.2 libgfortran-11-dev
  libgif-dev libgif7 libgirepository-1.0-1 libgl-dev libgl1 libgl1-amber-dri
  libgl1-mesa-dev libgl1-mesa-dri libgl2ps1.4 libglapi-mesa libgles-dev
  libgles1 libgles2 libglew-dev libglew2.2 libglib2.0-0 libglib2.0-bin
  libglib2.0-data libglib2.0-dev libglib2.0-dev-bin libglu1-mesa
  libglu1-mesa-dev libglvnd-core-dev libglvnd-dev libglvnd0 libglx-dev
  libglx-mesa0 libglx0 libgme0 libgomp1 libgoogle-glog-dev libgoogle-glog0v5
  libgphoto2-6 libgphoto2-dev libgphoto2-l10n libgphoto2-port12
  libgraphblas-dev libgraphblas6 libgraphics-magick-perl
  libgraphicsmagick++-q16-12 libgraphicsmagick++1-dev libgraphicsmagick-q16-3
  libgraphicsmagick1-dev libgraphite2-3 libgs9 libgs9-common libgsm1
  libgssrpc4 libgstreamer-plugins-base1.0-0 libgstreamer1.0-0 libgtk-3-0
  libgtk-3-bin libgtk-3-common libgts-0.7-5 libgts-bin libgts-dev
  libgudev-1.0-0 libgvc6 libgvpr2 libharfbuzz0b libhdf4-0-alt libhdf4-alt-dev
  libhdf5-103-1 libhdf5-cpp-103-1 libhdf5-dev libhdf5-fortran-102
  libhdf5-hl-100 libhdf5-hl-cpp-100 libhdf5-hl-fortran-100 libhdf5-mpi-dev
  libhdf5-openmpi-103-1 libhdf5-openmpi-cpp-103-1 libhdf5-openmpi-dev
  libhdf5-openmpi-fortran-102 libhdf5-openmpi-hl-100
  libhdf5-openmpi-hl-cpp-100 libhdf5-openmpi-hl-fortran-100 libheif-dev
  libheif1 libhwloc-dev libhwloc-plugins libhwloc15 libibverbs-dev libibverbs1
  libice-dev libice6 libicu-dev libidn12 libiec61883-0 libigdgmm12
  libignition-cmake2-dev libignition-common3-3 libignition-common3-av-dev
  libignition-common3-av3 libignition-common3-core-dev libignition-common3-dev
  libignition-common3-events3 libignition-common3-graphics-dev
  libignition-common3-graphics3 libignition-common3-profiler3
  libignition-fuel-tools4-4 libignition-fuel-tools4-dev libignition-math6
  libignition-math6-dev libignition-msgs5-5 libignition-msgs5-dev
  libignition-transport8-8 libignition-transport8-dev libijs-0.35
  libilmbase-dev libilmbase25 libinput-bin libinput10 libip4tc2 libisl23
  libitm1 libjack-jackd2-0 libjbig-dev libjbig0 libjbig2dec0 libjpeg-dev
  libjpeg-turbo8 libjpeg-turbo8-dev libjpeg8 libjpeg8-dev libjs-jquery-hotkeys
  libjs-jquery-isonscreen libjs-jquery-metadata libjs-jquery-tablesorter
  libjs-jquery-throttle-debounce libjs-jquery-ui libjson-c-dev libjson-c5
  libjsoncpp-dev libjxr0 libkadm5clnt-mit12 libkadm5srv-mit12 libkdb5-10
  libklu1 libkml-dev libkmlbase1 libkmlconvenience1 libkmldom1 libkmlengine1
  libkmlregionator1 libkmlxsd1 libkmod2 libkrb5-dev liblab-gamut1
  liblapack-dev liblcms2-2 liblcms2-dev libldl2 liblept5 liblilv-0-0 libllvm14
  libllvm15 liblocale-gettext-perl liblsan0 libltdl-dev libltdl7 liblz4-dev
  liblzma-dev libmagic-mgc libmagic1 libmd-dev libmd0 libmd4c0 libmetis5
  libmfx1 libminizip-dev libminizip1 libmongoose2 libmount-dev libmp3lame0
  libmpc3 libmpfr6 libmpg123-0 libmtdev1 libmysofa1 libmysqlclient-dev
  libmysqlclient21 libnanoflann-dev libncurses-dev libnetcdf-dev libnetcdf19
  libnl-3-200 libnl-3-dev libnl-route-3-200 libnl-route-3-dev libnorm-dev
  libnorm1 libnspr4 libnss-systemd libnss3 libnuma-dev libnuma1 liboctomap-dev
  liboctomap1.9 libodbc2 libodbccr2 libodbcinst2 libode8 libogdi-dev
  libogdi4.1 libogg0 libogre-1.9-dev libogre-1.9.0v5 libomp-14-dev libomp-dev
  libomp5-14 libopenal-data libopenal1 libopencv-calib3d-dev
  libopencv-calib3d4.5d libopencv-contrib-dev libopencv-contrib4.5d
  libopencv-core-dev libopencv-core4.5d libopencv-dev libopencv-dnn-dev
  libopencv-dnn4.5d libopencv-features2d-dev libopencv-features2d4.5d
  libopencv-flann-dev libopencv-flann4.5d libopencv-highgui-dev
  libopencv-highgui4.5d libopencv-imgcodecs-dev libopencv-imgcodecs4.5d
  libopencv-imgproc-dev libopencv-imgproc4.5d libopencv-ml-dev
  libopencv-ml4.5d libopencv-objdetect-dev libopencv-objdetect4.5d
  libopencv-photo-dev libopencv-photo4.5d libopencv-shape-dev
  libopencv-shape4.5d libopencv-stitching-dev libopencv-stitching4.5d
  libopencv-superres-dev libopencv-superres4.5d libopencv-video-dev
  libopencv-video4.5d libopencv-videoio-dev libopencv-videoio4.5d
  libopencv-videostab-dev libopencv-videostab4.5d libopencv-viz-dev
  libopencv-viz4.5d libopencv4.5-java libopencv4.5d-jni libopenexr-dev
  libopenexr25 libopengl-dev libopengl0 libopenjp2-7 libopenjp2-7-dev
  libopenmpi-dev libopenmpi3 libopenmpt0 libopus0 liborc-0.4-0
  liborocos-kdl-dev liborocos-kdl1.5 libpam-cap libpam-systemd libpango-1.0-0
  libpangocairo-1.0-0 libpangoft2-1.0-0 libpaper-utils libpaper1 libpathplan4
  libpciaccess0 libpcre16-3 libpcre2-16-0 libpcre2-32-0 libpcre2-dev
  libpcre2-posix3 libpcre3-dev libpcre32-3 libpcrecpp0v5 libperl5.34
  libpgm-5.3-0 libpgm-dev libpixman-1-0 libpmix-dev libpmix2 libpng-dev
  libpng-tools libpng16-16 libpocketsphinx3 libpoppler-dev
  libpoppler-private-dev libpoppler118 libpostproc-dev libpostproc55 libpq-dev
  libpq5 libproj-dev libproj22 libprotobuf-dev libprotobuf-lite23
  libprotobuf23 libprotoc-dev libprotoc23 libpsm-infinipath1 libpsm2-2
  libpthread-stubs0-dev libpulse0 libqhull-dev libqhull-r8.0 libqhull8.0
  libqhullcpp8.0 libqt5concurrent5 libqt5core5a libqt5dbus5 libqt5designer5
  libqt5gui5 libqt5network5 libqt5opengl5 libqt5opengl5-dev
  libqt5printsupport5 libqt5sql5 libqt5sql5-sqlite libqt5svg5 libqt5test5
  libqt5widgets5 libqt5xml5 libqtpropertybrowser5 libqwt-qt5-6 libqwt-qt5-dev
  librabbitmq4 libraw1394-11 libraw1394-dev libraw1394-tools libraw20 librbio2
  librdmacm1 librsvg2-2 librsvg2-common librttopo-dev librttopo1
  librubberband2 libsamplerate0 libsdformat9-9 libsdformat9-dev libsdl2-2.0-0
  libselinux1-dev libsensors-config libsensors5 libsepol-dev libserd-0-0
  libshine3 libsigsegv2 libsimbody-dev libsimbody3.6 libslang2 libsliplu1
  libsm-dev libsm6 libsnappy1v5 libsndfile1 libsndio7.0 libsocket++1
  libsodium-dev libsodium23 libsord-0-0 libsoxr0 libspatialite-dev
  libspatialite7 libspeex1 libsphinxbase3 libspnav0 libspqr2 libsqlite3-dev
  libsratom-0-0 libsrt1.4-gnutls libssh-gcrypt-4 libstdc++-11-dev
  libsuitesparse-dev libsuitesparseconfig5 libsuperlu-dev libsuperlu5
  libswresample-dev libswresample3 libswscale-dev libswscale5 libsz2
  libtar-dev libtar0 libtbb-dev libtbb12 libtbb2 libtbbmalloc2 libtcl8.6
  libtesseract4 libthai-data libthai0 libtheora0 libtiff-dev libtiff5
  libtiffxx5 libtinyobjloader-dev libtinyobjloader1 libtinyxml-dev
  libtinyxml2.6.2v5 libtk8.6 libtool libtsan0 libtwolame0 libubsan1 libucx0
  libudfread0 libumfpack5 libunwind-dev libunwind8 liburdfdom-model3.0
  liburdfdom-world3.0 liburiparser-dev liburiparser1 libusb-1.0-0 libva-drm2
  libva-x11-2 libva2 libvdpau1 libvidstab1.1 libvisual-0.4-0 libvorbis0a
  libvorbisenc2 libvorbisfile3 libvpx7 libvtk9.1 libvulkan-dev libvulkan1
  libwacom-bin libwacom-common libwacom9 libwayland-client0 libwayland-cursor0
  libwayland-egl1 libwayland-server0 libwebp-dev libwebp7 libwebpdemux2
  libwebpmux3 libwmf-0.2-7 libwmf-dev libwmflite-0.2-7 libx11-6 libx11-data
  libx11-dev libx11-xcb1 libx264-163 libx265-199 libx265-dev libxau-dev
  libxau6 libxaw7 libxaw7-dev libxcb-dri2-0 libxcb-dri3-0 libxcb-glx0
  libxcb-icccm4 libxcb-image0 libxcb-keysyms1 libxcb-present0 libxcb-randr0
  libxcb-render-util0 libxcb-render0 libxcb-shape0 libxcb-shm0 libxcb-sync1
  libxcb-util1 libxcb-xfixes0 libxcb-xinerama0 libxcb-xinput0 libxcb-xkb1
  libxcb1 libxcb1-dev libxcomposite1 libxcursor1 libxdamage1 libxdmcp-dev
  libxdmcp6 libxerces-c-dev libxerces-c3.2 libxext-dev libxext6 libxfixes-dev
  libxfixes3 libxft2 libxi-dev libxi6 libxinerama1 libxkbcommon-x11-0
  libxkbcommon0 libxml2-dev libxmu-dev libxmu-headers libxmu6 libxmuu1
  libxnvctrl0 libxpm-dev libxpm4 libxrandr-dev libxrandr2 libxrender-dev
  libxrender1 libxshmfence1 libxsimd-dev libxss1 libxt-dev libxt6
  libxtensor-dev libxtst6 libxv1 libxvidcore4 libxxf86vm1 libyaml-cpp-dev
  libyaml-cpp0.7 libzimg2 libzip-dev libzip4 libzmq3-dev libzmq5 libzstd-dev
  libzvbi-common libzvbi0 libzzip-0-13 m4 mesa-va-drivers mesa-vdpau-drivers
  mesa-vulkan-drivers mpi-default-bin mpi-default-dev mysql-common netbase
  networkd-dispatcher nlohmann-json3-dev notification-daemon
  ocl-icd-libopencl1 opencv-data openmpi-bin openmpi-common openssh-client
  patch perl perl-modules-5.34 pkg-config pocketsphinx-en-us poppler-data
  proj-bin proj-data protobuf-compiler pybind11-dev python-babel-localedata
  python3-babel python3-colcon-argcomplete python3-colcon-bash
  python3-colcon-cd python3-colcon-cmake python3-colcon-common-extensions
  python3-colcon-core python3-colcon-defaults python3-colcon-devtools
  python3-colcon-installed-package-information python3-colcon-library-path
  python3-colcon-metadata python3-colcon-notification python3-colcon-output
  python3-colcon-override-check python3-colcon-package-information
  python3-colcon-package-selection python3-colcon-parallel-executor
  python3-colcon-pkg-config python3-colcon-powershell
  python3-colcon-python-setup-py python3-colcon-recursive-crawl
  python3-colcon-ros python3-colcon-test-result python3-colcon-zsh
  python3-cov-core python3-coverage python3-dbus python3-distlib python3-gi
  python3-graphviz python3-jinja2 python3-markupsafe python3-nose2
  python3-notify2 python3-opencv python3-pykdl python3-pytest-cov
  python3-rosdep python3-rosdep-modules python3-sip python3-typeguard
  python3-tz python3-vcstool qt5-gtk-platformtheme qt5-qmake qt5-qmake-bin
  qtbase5-dev qtbase5-dev-tools qtchooser qttranslations5-l10n
  ros-humble-ackermann-msgs ros-humble-ackermann-steering-controller
  ros-humble-admittance-controller ros-humble-angles ros-humble-backward-ros
  ros-humble-behaviortree-cpp-v3 ros-humble-bicycle-steering-controller
  ros-humble-bond ros-humble-bondcpp ros-humble-camera-calibration-parsers
  ros-humble-camera-info-manager ros-humble-control-msgs
  ros-humble-control-toolbox ros-humble-controller-interface
  ros-humble-controller-manager ros-humble-controller-manager-msgs
  ros-humble-costmap-queue ros-humble-cv-bridge ros-humble-cyclonedds
  ros-humble-diagnostic-updater ros-humble-diff-drive-controller
  ros-humble-dwb-core ros-humble-dwb-critics ros-humble-dwb-msgs
  ros-humble-dwb-plugins ros-humble-effort-controllers
  ros-humble-eigen3-cmake-module ros-humble-filters
  ros-humble-force-torque-sensor-broadcaster
  ros-humble-forward-command-controller ros-humble-gazebo-dev
  ros-humble-gazebo-msgs ros-humble-gazebo-plugins ros-humble-gazebo-ros
  ros-humble-gazebo-ros-pkgs ros-humble-gazebo-ros2-control
  ros-humble-generate-parameter-library
  ros-humble-generate-parameter-library-py ros-humble-gpio-controllers
  ros-humble-gripper-controllers ros-humble-hardware-interface
  ros-humble-iceoryx-binding-c ros-humble-iceoryx-hoofs
  ros-humble-iceoryx-posh ros-humble-ignition-cmake2-vendor
  ros-humble-ignition-math6-vendor ros-humble-image-transport
  ros-humble-imu-sensor-broadcaster ros-humble-interactive-markers
  ros-humble-joint-limits ros-humble-joint-state-broadcaster
  ros-humble-joint-state-publisher ros-humble-joint-trajectory-controller
  ros-humble-kdl-parser ros-humble-kinematics-interface
  ros-humble-laser-geometry ros-humble-libcurl-vendor ros-humble-map-msgs
  ros-humble-mecanum-drive-controller ros-humble-message-filters
  ros-humble-nav-2d-msgs ros-humble-nav-2d-utils ros-humble-nav2-amcl
  ros-humble-nav2-behavior-tree ros-humble-nav2-behaviors
  ros-humble-nav2-bringup ros-humble-nav2-bt-navigator
  ros-humble-nav2-collision-monitor ros-humble-nav2-common
  ros-humble-nav2-constrained-smoother ros-humble-nav2-controller
  ros-humble-nav2-core ros-humble-nav2-costmap-2d
  ros-humble-nav2-dwb-controller ros-humble-nav2-lifecycle-manager
  ros-humble-nav2-map-server ros-humble-nav2-mppi-controller
  ros-humble-nav2-msgs ros-humble-nav2-navfn-planner ros-humble-nav2-planner
  ros-humble-nav2-regulated-pure-pursuit-controller
  ros-humble-nav2-rotation-shim-controller ros-humble-nav2-route
  ros-humble-nav2-rviz-plugins ros-humble-nav2-simple-commander
  ros-humble-nav2-smac-planner ros-humble-nav2-smoother
  ros-humble-nav2-theta-star-planner ros-humble-nav2-util
  ros-humble-nav2-velocity-smoother ros-humble-nav2-voxel-grid
  ros-humble-nav2-waypoint-follower ros-humble-navigation2 ros-humble-ompl
  ros-humble-orocos-kdl-vendor ros-humble-parameter-traits
  ros-humble-pid-controller ros-humble-pose-broadcaster
  ros-humble-position-controllers ros-humble-pybind11-vendor
  ros-humble-python-orocos-kdl-vendor ros-humble-range-sensor-broadcaster
  ros-humble-realtime-tools ros-humble-resource-retriever
  ros-humble-rmw-cyclonedds-cpp ros-humble-robot-state-publisher
  ros-humble-ros2-control ros-humble-ros2-control-test-assets
  ros-humble-ros2-controllers ros-humble-ros2controlcli ros-humble-rsl
  ros-humble-rviz-assimp-vendor ros-humble-rviz-common
  ros-humble-rviz-default-plugins ros-humble-rviz-ogre-vendor
  ros-humble-rviz-rendering ros-humble-sensor-msgs-py ros-humble-slam-toolbox
  ros-humble-smclib ros-humble-steering-controllers-library
  ros-humble-tcb-span ros-humble-tf2 ros-humble-tf2-eigen
  ros-humble-tf2-geometry-msgs ros-humble-tf2-kdl ros-humble-tf2-msgs
  ros-humble-tf2-py ros-humble-tf2-ros ros-humble-tf2-ros-py
  ros-humble-tf2-sensor-msgs ros-humble-tinyxml-vendor ros-humble-tl-expected
  ros-humble-transmission-interface ros-humble-tricycle-controller
  ros-humble-tricycle-steering-controller ros-humble-urdf
  ros-humble-urdf-parser-plugin ros-humble-urdfdom ros-humble-urdfdom-headers
  ros-humble-velocity-controllers ros-humble-xacro ros-humble-yaml-cpp-vendor
  sdformat9-sdf session-migration shared-mime-info sudo systemd systemd-sysv
  systemd-timesyncd ubuntu-mono ucf unixodbc-common unixodbc-dev uuid-dev
  va-driver-all vdpau-driver-all x11-common x11proto-core-dev x11proto-dev
  xauth xdg-user-dirs xkb-data xorg-sgml-doctools xtl-dev xtrans-dev xz-utils
The following packages will be upgraded:
  curl libcurl4 libgssapi-krb5-2 libk5crypto3 libkrb5-3 libkrb5support0
  libsqlite3-0 libxml2 perl-base
9 upgraded, 1126 newly installed, 0 to remove and 100 not upgraded.
Need to get 694 MB of archives.
After this operation, 3123 MB of additional disk space will be used.
Get:1 http://packages.ros.org/ros2/ubuntu jammy/main amd64 libignition-math6 amd64 6.16.0-1~jammy [104 kB]
Get:2 http://archive.ubuntu.com/ubuntu jammy-updates/main amd64 perl-base amd64 5.34.0-3ubuntu1.9 [1762 kB]
Get:3 http://packages.ros.org/ros2/ubuntu jammy/main amd64 libignition-cmake2-dev amd64 2.19.0-1~jammy [201 kB]
Get:4 http://packages.ros.org/ros2/ubuntu jammy/main amd64 libignition-math6-dev amd64 6.16.0-1~jammy [153 kB]
Get:5 http://packages.ros.org/ros2/ubuntu jammy/main amd64 python3-colcon-core all 0.21.3+upstream-1 [78.7 kB]
Get:6 http://packages.ros.org/ros2/ubuntu jammy/main amd64 python3-colcon-argcomplete all 0.3.3+upstream-1 [5500 B]
Get:7 http://packages.ros.org/ros2/ubuntu jammy/main amd64 python3-colcon-bash all 0.5.0-100 [5620 B]
Get:8 http://packages.ros.org/ros2/ubuntu jammy/main amd64 python3-colcon-package-information all 0.4.1+upstream-1 [8716 B]
Get:9 http://packages.ros.org/ros2/ubuntu jammy/main amd64 python3-colcon-cd all 0.2.1-100 [4676 B]
Get:10 http://packages.ros.org/ros2/ubuntu jammy/main amd64 python3-colcon-library-path all 0.2.1-100 [3544 B]
Get:11 http://packages.ros.org/ros2/ubuntu jammy/main amd64 python3-colcon-test-result all 0.3.8-100 [7172 B]
Get:12 http://packages.ros.org/ros2/ubuntu jammy/main amd64 python3-colcon-cmake all 0.2.30+upstream-1 [15.5 kB]
Get:13 http://packages.ros.org/ros2/ubuntu jammy/main amd64 python3-colcon-defaults all 0.2.9+upstream-1 [5776 B]
Get:14 http://packages.ros.org/ros2/ubuntu jammy/main amd64 python3-colcon-devtools all 0.3.0-100 [4856 B]
Get:15 http://packages.ros.org/ros2/ubuntu jammy/main amd64 python3-colcon-metadata all 0.3.1+upstream-1 [9676 B]
Get:16 http://packages.ros.org/ros2/ubuntu jammy/main amd64 python3-colcon-notification all 0.3.3+upstream-1 [11.0 kB]
Get:17 http://packages.ros.org/ros2/ubuntu jammy/main amd64 python3-colcon-output all 0.2.15+upstream-1 [7020 B]
Get:18 http://packages.ros.org/ros2/ubuntu jammy/main amd64 python3-colcon-package-selection all 0.2.10-100 [7540 B]
Get:19 http://packages.ros.org/ros2/ubuntu jammy/main amd64 python3-colcon-parallel-executor all 0.3.0-100 [5532 B]
Get:20 http://packages.ros.org/ros2/ubuntu jammy/main amd64 python3-colcon-powershell all 0.5.0+upstream-1 [7016 B]
Get:21 http://packages.ros.org/ros2/ubuntu jammy/main amd64 python3-colcon-python-setup-py all 0.2.9-100 [6596 B]
Get:22 http://packages.ros.org/ros2/ubuntu jammy/main amd64 python3-colcon-recursive-crawl all 0.2.3-100 [3896 B]
Get:23 http://packages.ros.org/ros2/ubuntu jammy/main amd64 python3-colcon-pkg-config all 0.1.0-100 [3204 B]
Get:24 http://packages.ros.org/ros2/ubuntu jammy/main amd64 python3-colcon-ros all 0.5.0+upstream-1 [12.6 kB]
Get:25 http://packages.ros.org/ros2/ubuntu jammy/main amd64 python3-colcon-zsh all 0.5.0-100 [5560 B]
Get:26 http://packages.ros.org/ros2/ubuntu jammy/main amd64 python3-colcon-common-extensions all 0.3.0-100 [2972 B]
Get:27 http://packages.ros.org/ros2/ubuntu jammy/main amd64 python3-colcon-installed-package-information all 0.2.1-100 [7680 B]
Get:28 http://packages.ros.org/ros2/ubuntu jammy/main amd64 python3-colcon-override-check all 0.0.1-100 [5212 B]
Get:29 http://packages.ros.org/ros2/ubuntu jammy/main amd64 python3-rosdep-modules all 0.27.0-1 [55.0 kB]
Get:30 http://packages.ros.org/ros2/ubuntu jammy/main amd64 python3-rosdep all 0.27.0-1 [3560 B]
Get:31 http://packages.ros.org/ros2/ubuntu jammy/main amd64 python3-vcstool all 0.3.0-1 [23.1 kB]
Get:32 http://packages.ros.org/ros2/ubuntu jammy/main amd64 ros-humble-ackermann-msgs amd64 2.0.2-3jammy.20260907.210926 [48.0 kB]
Get:33 http://archive.ubuntu.com/ubuntu jammy/main amd64 liblocale-gettext-perl amd64 1.07-4build3 [17.1 kB]
Get:34 http://archive.ubuntu.com/ubuntu jammy-updates/main amd64 libapparmor1 amd64 3.0.4-2ubuntu2.5 [39.6 kB]
Get:35 http://archive.ubuntu.com/ubuntu jammy/main amd64 libargon2-1 amd64 0~20171227-0.3 [19.5 kB]
Get:36 http://archive.ubuntu.com/ubuntu jammy-updates/main amd64 libdevmapper1.02.1 amd64 2:1.02.175-2.1ubuntu5 [139 kB]
Get:37 http://archive.ubuntu.com/ubuntu jammy-updates/main amd64 libjson-c5 amd64 0.15-3~ubuntu1.22.04.2 [33.5 kB]
Get:38 http://archive.ubuntu.com/ubuntu jammy-updates/main amd64 libcryptsetup12 amd64 2:2.4.3-1ubuntu1.3 [211 kB]
Get:39 http://archive.ubuntu.com/ubuntu jammy-updates/main amd64 libip4tc2 amd64 1.8.7-1ubuntu5.2 [19.9 kB]
Get:40 http://archive.ubuntu.com/ubuntu jammy-updates/main amd64 libkmod2 amd64 29-1ubuntu1.1 [48.1 kB]
Get:41 http://archive.ubuntu.com/ubuntu jammy-updates/main amd64 systemd amd64 249.11-0ubuntu3.22 [4587 kB]
Get:42 http://packages.ros.org/ros2/ubuntu jammy/main amd64 ros-humble-backward-ros amd64 1.0.8-2jammy.20260226.010809 [59.6 kB]
Get:43 http://packages.ros.org/ros2/ubuntu jammy/main amd64 ros-humble-control-msgs amd64 4.9.0-1jammy.20260907.212955 [460 kB]
Get:44 http://archive.ubuntu.com/ubuntu jammy-updates/main amd64 systemd-sysv amd64 249.11-0ubuntu3.22 [10.5 kB]
Get:45 http://archive.ubuntu.com/ubuntu jammy/main amd64 fonts-droid-fallback all 1:6.0.1r16-1.1build1 [1805 kB]
Get:46 http://archive.ubuntu.com/ubuntu jammy-updates/main amd64 libglib2.0-0 amd64 2.72.4-0ubuntu2.10 [1469 kB]
Get:47 http://archive.ubuntu.com/ubuntu jammy-updates/main amd64 libxml2 amd64 2.9.13+dfsg-1ubuntu0.13 [764 kB]
Get:48 http://archive.ubuntu.com/ubuntu jammy/main amd64 shared-mime-info amd64 2.1-2 [454 kB]
Get:49 http://archive.ubuntu.com/ubuntu jammy/universe amd64 libdouble-conversion3 amd64 3.1.7-4 [39.0 kB]
Get:50 http://archive.ubuntu.com/ubuntu jammy-updates/main amd64 libpcre2-16-0 amd64 10.39-3ubuntu0.1 [203 kB]
Get:51 http://archive.ubuntu.com/ubuntu jammy-updates/universe amd64 libqt5core5a amd64 5.15.3+dfsg-2ubuntu0.2 [2006 kB]
Get:52 http://archive.ubuntu.com/ubuntu jammy-updates/main amd64 libpng16-16 amd64 1.6.37-3ubuntu0.6 [192 kB]
Get:53 http://packages.ros.org/ros2/ubuntu jammy/main amd64 ros-humble-hardware-interface amd64 2.54.2-1jammy.20260908.110122 [229 kB]
Get:54 http://archive.ubuntu.com/ubuntu jammy-updates/main amd64 libfreetype6 amd64 2.11.1+dfsg-1ubuntu0.3 [388 kB]
Get:55 http://archive.ubuntu.com/ubuntu jammy/main amd64 ucf all 3.0043 [56.1 kB]
Get:56 http://archive.ubuntu.com/ubuntu jammy/main amd64 fonts-dejavu-core all 2.37-2build1 [1041 kB]
Get:57 http://archive.ubuntu.com/ubuntu jammy/main amd64 fonts-liberation all 1:1.07.4-11 [822 kB]
Get:58 http://archive.ubuntu.com/ubuntu jammy/main amd64 fonts-urw-base35 all 20200910-1 [6367 kB]
Get:59 http://packages.ros.org/ros2/ubuntu jammy/main amd64 ros-humble-controller-interface amd64 2.54.2-1jammy.20260908.114559 [36.0 kB]
Get:60 http://packages.ros.org/ros2/ubuntu jammy/main amd64 ros-humble-generate-parameter-library-py amd64 0.7.6-1jammy.20260810.134224 [47.6 kB]
Get:61 http://packages.ros.org/ros2/ubuntu jammy/main amd64 ros-humble-tcb-span amd64 1.3.2-1jammy.20260611.075323 [10.9 kB]
Get:62 http://packages.ros.org/ros2/ubuntu jammy/main amd64 ros-humble-rsl amd64 1.3.0-1jammy.20260907.222817 [18.6 kB]
Get:63 http://packages.ros.org/ros2/ubuntu jammy/main amd64 ros-humble-tl-expected amd64 1.3.2-1jammy.20260611.075453 [17.4 kB]
Get:64 http://packages.ros.org/ros2/ubuntu jammy/main amd64 ros-humble-parameter-traits amd64 0.7.6-1jammy.20260908.004149 [10.4 kB]
Get:65 http://packages.ros.org/ros2/ubuntu jammy/main amd64 ros-humble-generate-parameter-library amd64 0.7.6-1jammy.20260908.010843 [9546 B]
Get:66 http://packages.ros.org/ros2/ubuntu jammy/main amd64 ros-humble-realtime-tools amd64 2.15.1-1jammy.20260907.224545 [44.0 kB]
Get:67 http://packages.ros.org/ros2/ubuntu jammy/main amd64 ros-humble-tf2 amd64 0.25.23-1jammy.20260907.213559 [96.5 kB]
Get:68 http://archive.ubuntu.com/ubuntu jammy/main amd64 fontconfig-config all 2.13.1-4.2ubuntu5 [29.1 kB]
Get:69 http://archive.ubuntu.com/ubuntu jammy/main amd64 libfontconfig1 amd64 2.13.1-4.2ubuntu5 [131 kB]
Get:70 http://archive.ubuntu.com/ubuntu jammy/main amd64 fontconfig amd64 2.13.1-4.2ubuntu5 [177 kB]
Get:71 http://archive.ubuntu.com/ubuntu jammy-updates/main amd64 libdrm-common all 2.4.113-2~ubuntu0.22.04.1 [5450 B]
Get:72 http://archive.ubuntu.com/ubuntu jammy-updates/main amd64 libdrm2 amd64 2.4.113-2~ubuntu0.22.04.1 [38.1 kB]
Get:73 http://archive.ubuntu.com/ubuntu jammy/main amd64 libglvnd0 amd64 1.4.0-1 [73.6 kB]
Get:74 http://archive.ubuntu.com/ubuntu jammy-updates/main amd64 libwayland-server0 amd64 1.20.0-1ubuntu0.1 [34.3 kB]
Get:75 http://archive.ubuntu.com/ubuntu jammy/main amd64 libxau6 amd64 1:1.0.9-1build5 [7634 B]
Get:76 http://archive.ubuntu.com/ubuntu jammy/main amd64 libmd0 amd64 1.0.4-1build1 [23.0 kB]
Get:77 http://packages.ros.org/ros2/ubuntu jammy/main amd64 ros-humble-eigen3-cmake-module amd64 0.1.1-4jammy.20260304.195907 [5958 B]
Get:78 http://packages.ros.org/ros2/ubuntu jammy/main amd64 ros-humble-orocos-kdl-vendor amd64 0.2.5-1jammy.20260304.201339 [6362 B]
Get:79 http://packages.ros.org/ros2/ubuntu jammy/main amd64 ros-humble-message-filters amd64 4.3.20-1jammy.20260907.223809 [48.6 kB]
Get:80 http://packages.ros.org/ros2/ubuntu jammy/main amd64 ros-humble-tf2-msgs amd64 0.25.23-1jammy.20260907.215317 [113 kB]
Get:81 http://archive.ubuntu.com/ubuntu jammy/main amd64 libbsd0 amd64 0.11.5-1 [44.8 kB]
Get:82 http://archive.ubuntu.com/ubuntu jammy/main amd64 libxdmcp6 amd64 1:1.1.3-0ubuntu5 [10.9 kB]
Get:83 http://packages.ros.org/ros2/ubuntu jammy/main amd64 ros-humble-tf2-ros amd64 0.25.23-1jammy.20260907.224752 [314 kB]
Get:84 http://archive.ubuntu.com/ubuntu jammy/main amd64 libxcb1 amd64 1.14-3ubuntu3 [49.0 kB]
Get:85 http://archive.ubuntu.com/ubuntu jammy/main amd64 libxcb-randr0 amd64 1.14-3ubuntu3 [18.3 kB]
Get:86 http://archive.ubuntu.com/ubuntu jammy-updates/main amd64 libgbm1 amd64 23.2.1-1ubuntu3.1~22.04.4 [33.7 kB]
Get:87 http://archive.ubuntu.com/ubuntu jammy-updates/main amd64 libglapi-mesa amd64 23.2.1-1ubuntu3.1~22.04.4 [35.6 kB]
Get:88 http://archive.ubuntu.com/ubuntu jammy-updates/main amd64 libwayland-client0 amd64 1.20.0-1ubuntu0.1 [25.9 kB]
Get:89 http://archive.ubuntu.com/ubuntu jammy-updates/main amd64 libx11-data all 2:1.7.5-1ubuntu0.3 [120 kB]
Get:90 http://archive.ubuntu.com/ubuntu jammy-updates/main amd64 libx11-6 amd64 2:1.7.5-1ubuntu0.3 [667 kB]
Get:91 http://archive.ubuntu.com/ubuntu jammy-updates/main amd64 libx11-xcb1 amd64 2:1.7.5-1ubuntu0.3 [7802 B]
Get:92 http://archive.ubuntu.com/ubuntu jammy/main amd64 libxcb-dri2-0 amd64 1.14-3ubuntu3 [7206 B]
Get:93 http://archive.ubuntu.com/ubuntu jammy/main amd64 libxcb-dri3-0 amd64 1.14-3ubuntu3 [6968 B]
Get:94 http://packages.ros.org/ros2/ubuntu jammy/main amd64 ros-humble-tf2-py amd64 0.25.23-1jammy.20260907.214657 [29.6 kB]
Get:95 http://archive.ubuntu.com/ubuntu jammy/main amd64 libxcb-present0 amd64 1.14-3ubuntu3 [5734 B]
Get:96 http://archive.ubuntu.com/ubuntu jammy/main amd64 libxcb-sync1 amd64 1.14-3ubuntu3 [9416 B]
Get:97 http://archive.ubuntu.com/ubuntu jammy/main amd64 libxcb-xfixes0 amd64 1.14-3ubuntu3 [9996 B]
Get:98 http://archive.ubuntu.com/ubuntu jammy/main amd64 libxshmfence1 amd64 1.3-1build4 [5394 B]
Get:99 http://archive.ubuntu.com/ubuntu jammy-updates/main amd64 libegl-mesa0 amd64 23.2.1-1ubuntu3.1~22.04.4 [118 kB]
Get:100 http://archive.ubuntu.com/ubuntu jammy/main amd64 libegl1 amd64 1.4.0-1 [28.6 kB]
Get:101 http://archive.ubuntu.com/ubuntu jammy/main amd64 libxcb-glx0 amd64 1.14-3ubuntu3 [25.9 kB]
Get:102 http://archive.ubuntu.com/ubuntu jammy/main amd64 libxcb-shm0 amd64 1.14-3ubuntu3 [5780 B]
Get:103 http://packages.ros.org/ros2/ubuntu jammy/main amd64 ros-humble-tf2-ros-py amd64 0.25.23-1jammy.20260907.215705 [22.1 kB]
Get:104 http://packages.ros.org/ros2/ubuntu jammy/main amd64 ros-humble-tf2-geometry-msgs amd64 0.25.23-1jammy.20260907.225741 [21.5 kB]
Get:105 http://packages.ros.org/ros2/ubuntu jammy/main amd64 ros-humble-steering-controllers-library amd64 2.54.0-1jammy.20260908.124125 [194 kB]
Get:106 http://archive.ubuntu.com/ubuntu jammy/main amd64 libxext6 amd64 2:1.3.4-1build1 [31.8 kB]
Get:107 http://archive.ubuntu.com/ubuntu jammy/main amd64 libxfixes3 amd64 1:6.0.0-1 [11.7 kB]
Get:108 http://packages.ros.org/ros2/ubuntu jammy/main amd64 ros-humble-ackermann-steering-controller amd64 2.54.0-1jammy.20260908.124735 [41.8 kB]
Get:109 http://packages.ros.org/ros2/ubuntu jammy/main amd64 ros-humble-angles amd64 1.15.0-1jammy.20260304.075013 [14.3 kB]
Get:110 http://archive.ubuntu.com/ubuntu jammy/main amd64 libxxf86vm1 amd64 1:1.1.4-1build3 [10.4 kB]
Get:111 http://archive.ubuntu.com/ubuntu jammy-updates/main amd64 libdrm-amdgpu1 amd64 2.4.113-2~ubuntu0.22.04.1 [19.9 kB]
Get:112 http://archive.ubuntu.com/ubuntu jammy/main amd64 libpciaccess0 amd64 0.16-3 [19.1 kB]
Get:113 http://archive.ubuntu.com/ubuntu jammy-updates/main amd64 libdrm-intel1 amd64 2.4.113-2~ubuntu0.22.04.1 [66.7 kB]
Get:114 http://archive.ubuntu.com/ubuntu jammy-updates/main amd64 libdrm-nouveau2 amd64 2.4.113-2~ubuntu0.22.04.1 [17.5 kB]
Get:115 http://archive.ubuntu.com/ubuntu jammy-updates/main amd64 libdrm-radeon1 amd64 2.4.113-2~ubuntu0.22.04.1 [21.6 kB]
Get:116 http://archive.ubuntu.com/ubuntu jammy-updates/main amd64 libelf1 amd64 0.186-1ubuntu0.1 [51.1 kB]
Get:117 http://archive.ubuntu.com/ubuntu jammy/main amd64 libedit2 amd64 3.1-20210910-1build1 [96.8 kB]
Get:118 http://archive.ubuntu.com/ubuntu jammy-updates/main amd64 libllvm15 amd64 1:15.0.7-0ubuntu0.22.04.3 [25.4 MB]
Get:119 http://packages.ros.org/ros2/ubuntu jammy/main amd64 ros-humble-filters amd64 2.2.2-1jammy.20260907.223102 [75.2 kB]
Get:120 http://packages.ros.org/ros2/ubuntu jammy/main amd64 ros-humble-control-toolbox amd64 3.7.1-1jammy.20260908.011335 [136 kB]
Get:121 http://packages.ros.org/ros2/ubuntu jammy/main amd64 ros-humble-kinematics-interface amd64 0.4.2-1jammy.20260908.011512 [15.3 kB]
Get:122 http://packages.ros.org/ros2/ubuntu jammy/main amd64 ros-humble-tf2-eigen amd64 0.25.23-1jammy.20260908.011649 [14.4 kB]
Get:123 http://packages.ros.org/ros2/ubuntu jammy/main amd64 ros-humble-pybind11-vendor amd64 2.4.2-1jammy.20260304.195023 [5816 B]
Get:124 http://packages.ros.org/ros2/ubuntu jammy/main amd64 ros-humble-python-orocos-kdl-vendor amd64 0.2.5-1jammy.20260304.202632 [5654 B]
Get:125 http://packages.ros.org/ros2/ubuntu jammy/main amd64 ros-humble-tf2-kdl amd64 0.25.23-1jammy.20260907.225815 [15.3 kB]
Get:126 http://packages.ros.org/ros2/ubuntu jammy/main amd64 ros-humble-admittance-controller amd64 2.54.0-1jammy.20260908.123141 [257 kB]
Get:127 http://archive.ubuntu.com/ubuntu jammy/main amd64 libsensors-config all 1:3.6.0-7ubuntu1 [5274 B]
Get:128 http://archive.ubuntu.com/ubuntu jammy/main amd64 libsensors5 amd64 1:3.6.0-7ubuntu1 [26.3 kB]
Get:129 http://archive.ubuntu.com/ubuntu jammy-updates/main amd64 libgl1-mesa-dri amd64 23.2.1-1ubuntu3.1~22.04.4 [8860 kB]
Get:130 http://packages.ros.org/ros2/ubuntu jammy/main amd64 ros-humble-behaviortree-cpp-v3 amd64 3.8.7-1jammy.20260908.003336 [284 kB]
Get:131 http://archive.ubuntu.com/ubuntu jammy-updates/main amd64 libglx-mesa0 amd64 23.2.1-1ubuntu3.1~22.04.4 [158 kB]
Get:132 http://archive.ubuntu.com/ubuntu jammy/main amd64 libglx0 amd64 1.4.0-1 [41.0 kB]
Get:133 http://archive.ubuntu.com/ubuntu jammy/main amd64 libgl1 amd64 1.4.0-1 [110 kB]
Get:134 http://archive.ubuntu.com/ubuntu jammy-updates/main amd64 libgraphite2-3 amd64 1.3.14-1ubuntu0.1 [71.6 kB]
Get:135 http://archive.ubuntu.com/ubuntu jammy-updates/main amd64 libharfbuzz0b amd64 2.7.4-1ubuntu3.2 [353 kB]
Get:136 http://archive.ubuntu.com/ubuntu jammy/main amd64 x11-common all 1:7.7+23ubuntu2 [23.4 kB]
Get:137 http://archive.ubuntu.com/ubuntu jammy/main amd64 libice6 amd64 2:1.0.10-1build2 [42.6 kB]
Get:138 http://archive.ubuntu.com/ubuntu jammy/main amd64 libevdev2 amd64 1.12.1+dfsg-1 [39.5 kB]
Get:139 http://archive.ubuntu.com/ubuntu jammy/main amd64 libmtdev1 amd64 1.1.6-1build4 [14.5 kB]
Get:140 http://archive.ubuntu.com/ubuntu jammy/main amd64 libgudev-1.0-0 amd64 1:237-2build1 [16.3 kB]
Get:141 http://archive.ubuntu.com/ubuntu jammy/main amd64 libwacom-common all 2.2.0-1 [54.3 kB]
Get:142 http://archive.ubuntu.com/ubuntu jammy/main amd64 libwacom9 amd64 2.2.0-1 [22.0 kB]
Get:143 http://archive.ubuntu.com/ubuntu jammy-updates/main amd64 libinput-bin amd64 1.20.0-1ubuntu0.4 [20.4 kB]
Get:144 http://archive.ubuntu.com/ubuntu jammy-updates/main amd64 libinput10 amd64 1.20.0-1ubuntu0.4 [131 kB]
Get:145 http://archive.ubuntu.com/ubuntu jammy/main amd64 libjpeg-turbo8 amd64 2.1.2-0ubuntu1 [134 kB]
Get:146 http://archive.ubuntu.com/ubuntu jammy/main amd64 libjpeg8 amd64 8c-2ubuntu10 [2264 B]
Get:147 http://archive.ubuntu.com/ubuntu jammy/universe amd64 libmd4c0 amd64 0.4.8-1 [42.0 kB]
Get:148 http://archive.ubuntu.com/ubuntu jammy-updates/main amd64 libdbus-1-3 amd64 1.12.20-2ubuntu4.1 [189 kB]
Get:149 http://archive.ubuntu.com/ubuntu jammy-updates/universe amd64 libqt5dbus5 amd64 5.15.3+dfsg-2ubuntu0.2 [222 kB]
Get:150 http://archive.ubuntu.com/ubuntu jammy-updates/main amd64 libk5crypto3 amd64 1.19.2-2ubuntu0.10 [86.5 kB]
Get:151 http://archive.ubuntu.com/ubuntu jammy-updates/main amd64 libkrb5support0 amd64 1.19.2-2ubuntu0.10 [32.7 kB]
Get:152 http://archive.ubuntu.com/ubuntu jammy-updates/main amd64 libkrb5-3 amd64 1.19.2-2ubuntu0.10 [356 kB]
Get:153 http://archive.ubuntu.com/ubuntu jammy-updates/main amd64 libgssapi-krb5-2 amd64 1.19.2-2ubuntu0.10 [145 kB]
Get:154 http://packages.ros.org/ros2/ubuntu jammy/main amd64 ros-humble-bicycle-steering-controller amd64 2.54.0-1jammy.20260908.124832 [39.5 kB]
Get:155 http://packages.ros.org/ros2/ubuntu jammy/main amd64 ros-humble-bond amd64 4.1.4-1jammy.20260907.213713 [49.7 kB]
Get:156 http://archive.ubuntu.com/ubuntu jammy-updates/universe amd64 libqt5network5 amd64 5.15.3+dfsg-2ubuntu0.2 [731 kB]
Get:157 http://archive.ubuntu.com/ubuntu jammy/main amd64 libsm6 amd64 2:1.2.3-1build2 [16.7 kB]
Get:158 http://archive.ubuntu.com/ubuntu jammy/main amd64 libxcb-icccm4 amd64 0.4.1-1.1build2 [11.5 kB]
Get:159 http://archive.ubuntu.com/ubuntu jammy/main amd64 libxcb-util1 amd64 0.4.0-1build2 [11.4 kB]
Get:160 http://archive.ubuntu.com/ubuntu jammy/main amd64 libxcb-image0 amd64 0.4.0-2 [11.5 kB]
Get:161 http://archive.ubuntu.com/ubuntu jammy/main amd64 libxcb-keysyms1 amd64 0.4.0-1build3 [8746 B]
Get:162 http://archive.ubuntu.com/ubuntu jammy/main amd64 libxcb-render0 amd64 1.14-3ubuntu3 [16.4 kB]
Get:163 http://packages.ros.org/ros2/ubuntu jammy/main amd64 ros-humble-smclib amd64 4.1.4-1jammy.20260317.155122 [15.0 kB]
Get:164 http://packages.ros.org/ros2/ubuntu jammy/main amd64 ros-humble-bondcpp amd64 4.1.4-1jammy.20260907.235408 [126 kB]
Get:165 http://archive.ubuntu.com/ubuntu jammy/main amd64 libxcb-render-util0 amd64 0.3.9-1build3 [10.3 kB]
Get:166 http://archive.ubuntu.com/ubuntu jammy/main amd64 libxcb-shape0 amd64 1.14-3ubuntu3 [6158 B]
Get:167 http://packages.ros.org/ros2/ubuntu jammy/main amd64 ros-humble-yaml-cpp-vendor amd64 8.0.2-1jammy.20260304.195332 [7352 B]
Get:168 http://packages.ros.org/ros2/ubuntu jammy/main amd64 ros-humble-camera-calibration-parsers amd64 3.1.13-1jammy.20260907.222729 [54.9 kB]
Get:169 http://packages.ros.org/ros2/ubuntu jammy/main amd64 ros-humble-camera-info-manager amd64 3.1.13-1jammy.20260907.223124 [42.7 kB]
Get:170 http://archive.ubuntu.com/ubuntu jammy/main amd64 libxcb-xinerama0 amd64 1.14-3ubuntu3 [5414 B]
Get:171 http://archive.ubuntu.com/ubuntu jammy/main amd64 libxcb-xinput0 amd64 1.14-3ubuntu3 [34.3 kB]
Get:172 http://packages.ros.org/ros2/ubuntu jammy/main amd64 ros-humble-controller-manager-msgs amd64 2.54.2-1jammy.20260908.105711 [209 kB]
Get:173 http://packages.ros.org/ros2/ubuntu jammy/main amd64 ros-humble-controller-manager amd64 2.54.2-1jammy.20260908.115549 [434 kB]
Get:174 http://archive.ubuntu.com/ubuntu jammy/main amd64 libxcb-xkb1 amd64 1.14-3ubuntu3 [32.8 kB]
Get:175 http://archive.ubuntu.com/ubuntu jammy/main amd64 xkb-data all 2.33-1 [394 kB]
Get:176 http://archive.ubuntu.com/ubuntu jammy/main amd64 libxkbcommon0 amd64 1.4.0-1 [125 kB]
Get:177 http://archive.ubuntu.com/ubuntu jammy/main amd64 libxkbcommon-x11-0 amd64 1.4.0-1 [14.4 kB]
Get:178 http://archive.ubuntu.com/ubuntu jammy/main amd64 libxrender1 amd64 1:0.9.10-1build4 [19.7 kB]
Get:179 http://archive.ubuntu.com/ubuntu jammy-updates/universe amd64 libqt5gui5 amd64 5.15.3+dfsg-2ubuntu0.2 [3722 kB]
Get:180 http://packages.ros.org/ros2/ubuntu jammy/main amd64 ros-humble-sensor-msgs-py amd64 4.9.2-1jammy.20260907.220122 [13.5 kB]
Get:181 http://packages.ros.org/ros2/ubuntu jammy/main amd64 ros-humble-laser-geometry amd64 2.4.1-1jammy.20260908.001823 [27.7 kB]
Get:182 http://packages.ros.org/ros2/ubuntu jammy/main amd64 ros-humble-map-msgs amd64 2.1.0-3jammy.20260907.213051 [137 kB]
Get:183 http://packages.ros.org/ros2/ubuntu jammy/main amd64 ros-humble-nav2-msgs amd64 1.1.20-1jammy.20260907.223327 [779 kB]
Get:184 http://archive.ubuntu.com/ubuntu jammy-updates/universe amd64 libqt5widgets5 amd64 5.15.3+dfsg-2ubuntu0.2 [2561 kB]
Get:185 http://archive.ubuntu.com/ubuntu jammy/universe amd64 libqt5svg5 amd64 5.15.3-1 [149 kB]
Get:186 http://archive.ubuntu.com/ubuntu jammy-updates/main amd64 perl-modules-5.34 all 5.34.0-3ubuntu1.9 [2977 kB]
Get:187 http://archive.ubuntu.com/ubuntu jammy/main amd64 libgdbm6 amd64 1.23-1 [33.9 kB]
Get:188 http://archive.ubuntu.com/ubuntu jammy/main amd64 libgdbm-compat4 amd64 1.23-1 [6606 B]
Get:189 http://archive.ubuntu.com/ubuntu jammy-updates/main amd64 libperl5.34 amd64 5.34.0-3ubuntu1.9 [4796 kB]
Get:190 http://archive.ubuntu.com/ubuntu jammy-updates/main amd64 perl amd64 5.34.0-3ubuntu1.9 [232 kB]
Get:191 http://archive.ubuntu.com/ubuntu jammy/main amd64 poppler-data all 0.4.11-1 [2171 kB]
Get:192 http://archive.ubuntu.com/ubuntu jammy/universe amd64 libjs-jquery-hotkeys all 0~20130707+git2d51e3a9+dfsg-2ubuntu1 [11.4 kB]
Get:193 http://archive.ubuntu.com/ubuntu jammy-updates/main amd64 dbus amd64 1.12.20-2ubuntu4.1 [158 kB]
Get:194 http://archive.ubuntu.com/ubuntu jammy-updates/main amd64 dmsetup amd64 2:1.02.175-2.1ubuntu5 [81.7 kB]
Get:195 http://archive.ubuntu.com/ubuntu jammy/main amd64 libgirepository-1.0-1 amd64 1.72.0-1 [55.6 kB]
Get:196 http://archive.ubuntu.com/ubuntu jammy/main amd64 gir1.2-glib-2.0 amd64 1.72.0-1 [164 kB]
Get:197 http://archive.ubuntu.com/ubuntu jammy/main amd64 iso-codes all 4.9.0-1 [3459 kB]
Get:198 http://archive.ubuntu.com/ubuntu jammy-updates/main amd64 less amd64 590-1ubuntu0.22.04.3 [142 kB]
Get:199 http://archive.ubuntu.com/ubuntu jammy-updates/main amd64 libcap2-bin amd64 1:2.44-1ubuntu0.22.04.3 [26.0 kB]
Get:200 http://archive.ubuntu.com/ubuntu jammy-updates/main amd64 libfribidi0 amd64 1.0.8-2ubuntu3.1 [26.1 kB]
Get:201 http://archive.ubuntu.com/ubuntu jammy-updates/main amd64 libglib2.0-data all 2.72.4-0ubuntu2.10 [5596 B]
Get:202 http://archive.ubuntu.com/ubuntu jammy-updates/main amd64 libnss-systemd amd64 249.11-0ubuntu3.22 [133 kB]
Get:203 http://archive.ubuntu.com/ubuntu jammy-updates/main amd64 libpam-cap amd64 1:2.44-1ubuntu0.22.04.3 [7928 B]
Get:204 http://archive.ubuntu.com/ubuntu jammy-updates/main amd64 libpam-systemd amd64 249.11-0ubuntu3.22 [203 kB]
Get:205 http://archive.ubuntu.com/ubuntu jammy/main amd64 libslang2 amd64 2.3.2-5build4 [468 kB]
Get:206 http://archive.ubuntu.com/ubuntu jammy-updates/main amd64 libsqlite3-0 amd64 3.37.2-2ubuntu0.8 [642 kB]
Get:207 http://packages.ros.org/ros2/ubuntu jammy/main amd64 ros-humble-nav2-common amd64 1.1.20-1jammy.20260907.215155 [10.2 kB]
Get:208 http://packages.ros.org/ros2/ubuntu jammy/main amd64 ros-humble-nav2-util amd64 1.1.20-1jammy.20260907.235813 [159 kB]
Get:209 http://archive.ubuntu.com/ubuntu jammy/main amd64 netbase all 6.3 [12.9 kB]
Get:210 http://archive.ubuntu.com/ubuntu jammy/main amd64 python3-dbus amd64 1.2.18-3build1 [99.5 kB]
Get:211 http://archive.ubuntu.com/ubuntu jammy-updates/main amd64 python3-gi amd64 3.42.1-0ubuntu1 [229 kB]
Get:212 http://packages.ros.org/ros2/ubuntu jammy/main amd64 ros-humble-nav2-voxel-grid amd64 1.1.20-1jammy.20260908.002526 [19.4 kB]
Get:213 http://packages.ros.org/ros2/ubuntu jammy/main amd64 ros-humble-tf2-sensor-msgs amd64 0.25.23-1jammy.20260907.225802 [13.6 kB]
Get:214 http://packages.ros.org/ros2/ubuntu jammy/main amd64 ros-humble-nav2-costmap-2d amd64 1.1.20-1jammy.20260908.002855 [927 kB]
Get:215 http://archive.ubuntu.com/ubuntu jammy-updates/main amd64 networkd-dispatcher all 2.1-2ubuntu0.22.04.2 [15.8 kB]
Get:216 http://archive.ubuntu.com/ubuntu jammy-updates/main amd64 sudo amd64 1.9.9-1ubuntu2.6 [820 kB]
Get:217 http://archive.ubuntu.com/ubuntu jammy-updates/main amd64 systemd-timesyncd amd64 249.11-0ubuntu3.22 [31.2 kB]
Get:218 http://archive.ubuntu.com/ubuntu jammy/main amd64 xdg-user-dirs amd64 0.17-2ubuntu4 [53.9 kB]
Get:219 http://archive.ubuntu.com/ubuntu jammy-updates/main amd64 libmagic-mgc amd64 1:5.41-3ubuntu0.1 [257 kB]
Get:220 http://archive.ubuntu.com/ubuntu jammy-updates/main amd64 libmagic1 amd64 1:5.41-3ubuntu0.1 [87.2 kB]
Get:221 http://archive.ubuntu.com/ubuntu jammy-updates/main amd64 file amd64 1:5.41-3ubuntu0.1 [21.5 kB]
Get:222 http://archive.ubuntu.com/ubuntu jammy/main amd64 libcbor0.8 amd64 0.8.0-2ubuntu1 [24.6 kB]
Get:223 http://archive.ubuntu.com/ubuntu jammy/main amd64 libfido2-1 amd64 1.10.0-1 [82.8 kB]
Get:224 http://archive.ubuntu.com/ubuntu jammy/main amd64 libnuma1 amd64 2.0.14-3ubuntu2 [22.5 kB]
Get:225 http://archive.ubuntu.com/ubuntu jammy-updates/main amd64 libusb-1.0-0 amd64 2:1.0.25-1ubuntu2 [52.7 kB]
Get:226 http://archive.ubuntu.com/ubuntu jammy/main amd64 libxmuu1 amd64 2:1.1.3-3 [10.2 kB]
Get:227 http://archive.ubuntu.com/ubuntu jammy-updates/main amd64 openssh-client amd64 1:8.9p1-3ubuntu0.17 [905 kB]
Get:228 http://archive.ubuntu.com/ubuntu jammy/main amd64 xauth amd64 1:1.1-1build2 [27.5 kB]
Get:229 http://archive.ubuntu.com/ubuntu jammy-updates/main amd64 xz-utils amd64 5.2.5-2ubuntu1.1 [84.8 kB]
Get:230 http://archive.ubuntu.com/ubuntu jammy/main amd64 acl amd64 2.3.1-1 [38.5 kB]
Get:231 http://archive.ubuntu.com/ubuntu jammy/main amd64 hicolor-icon-theme all 0.17-2 [9976 B]
Get:232 http://archive.ubuntu.com/ubuntu jammy-updates/main amd64 libgdk-pixbuf2.0-common all 2.42.8+dfsg-1ubuntu0.5 [5560 B]
Get:233 http://archive.ubuntu.com/ubuntu jammy/main amd64 libdeflate0 amd64 1.10-2 [70.9 kB]
Get:234 http://archive.ubuntu.com/ubuntu jammy-updates/main amd64 libjbig0 amd64 2.1-3.1ubuntu0.22.04.1 [29.2 kB]
Get:235 http://archive.ubuntu.com/ubuntu jammy-updates/main amd64 libwebp7 amd64 1.2.2-2ubuntu0.22.04.2 [206 kB]
Get:236 http://archive.ubuntu.com/ubuntu jammy-updates/main amd64 libtiff5 amd64 4.3.0-6ubuntu0.13 [185 kB]
Get:237 http://archive.ubuntu.com/ubuntu jammy-updates/main amd64 libgdk-pixbuf-2.0-0 amd64 2.42.8+dfsg-1ubuntu0.5 [148 kB]
Get:238 http://archive.ubuntu.com/ubuntu jammy-updates/main amd64 gtk-update-icon-cache amd64 3.24.33-1ubuntu2.2 [31.4 kB]
Get:239 http://archive.ubuntu.com/ubuntu jammy/main amd64 humanity-icon-theme all 0.6.16 [1282 kB]
Get:240 http://archive.ubuntu.com/ubuntu jammy/main amd64 ubuntu-mono all 20.10-0ubuntu2 [153 kB]
Get:241 http://archive.ubuntu.com/ubuntu jammy/main amd64 adwaita-icon-theme all 41.0-1ubuntu1 [3444 kB]
Get:242 http://archive.ubuntu.com/ubuntu jammy/main amd64 alsa-topology-conf all 1.2.5.1-2 [15.5 kB]
Get:243 http://archive.ubuntu.com/ubuntu jammy-updates/main amd64 libasound2-data all 1.2.6.1-1ubuntu1.2 [19.3 kB]
Get:244 http://archive.ubuntu.com/ubuntu jammy-updates/main amd64 libasound2 amd64 1.2.6.1-1ubuntu1.2 [391 kB]
Get:245 http://archive.ubuntu.com/ubuntu jammy-updates/main amd64 alsa-ucm-conf all 1.2.6.3-1ubuntu1.12 [43.5 kB]
Get:246 http://archive.ubuntu.com/ubuntu jammy/main amd64 libxi6 amd64 2:1.8-1build1 [32.6 kB]
Get:247 http://archive.ubuntu.com/ubuntu jammy/main amd64 libatspi2.0-0 amd64 2.44.0-3 [80.9 kB]
Get:248 http://archive.ubuntu.com/ubuntu jammy/main amd64 libxtst6 amd64 2:1.2.3-1build4 [13.4 kB]
Get:249 http://archive.ubuntu.com/ubuntu jammy-updates/main amd64 dbus-user-session amd64 1.12.20-2ubuntu4.1 [9442 B]
Get:250 http://archive.ubuntu.com/ubuntu jammy-updates/main amd64 libdconf1 amd64 0.40.0-3ubuntu0.1 [40.5 kB]
Get:251 http://archive.ubuntu.com/ubuntu jammy-updates/main amd64 dconf-service amd64 0.40.0-3ubuntu0.1 [28.1 kB]
Get:252 http://archive.ubuntu.com/ubuntu jammy-updates/main amd64 dconf-gsettings-backend amd64 0.40.0-3ubuntu0.1 [22.7 kB]
Get:253 http://archive.ubuntu.com/ubuntu jammy/main amd64 session-migration amd64 0.3.6 [9774 B]
Get:254 http://archive.ubuntu.com/ubuntu jammy/main amd64 gsettings-desktop-schemas all 42.0-1ubuntu1 [31.1 kB]
Get:255 http://archive.ubuntu.com/ubuntu jammy/main amd64 at-spi2-core amd64 2.44.0-3 [54.4 kB]
Get:256 http://archive.ubuntu.com/ubuntu jammy/main amd64 libsigsegv2 amd64 2.13-1ubuntu3 [14.6 kB]
Get:257 http://archive.ubuntu.com/ubuntu jammy/main amd64 m4 amd64 1.4.18-5ubuntu2 [199 kB]
Get:258 http://archive.ubuntu.com/ubuntu jammy/main amd64 autoconf all 2.71-2 [338 kB]
Get:259 http://packages.ros.org/ros2/ubuntu jammy/main amd64 ros-humble-costmap-queue amd64 1.1.20-1jammy.20260908.011000 [18.1 kB]
Get:260 http://packages.ros.org/ros2/ubuntu jammy/main amd64 ros-humble-cv-bridge amd64 3.2.1-1jammy.20260907.220118 [110 kB]
Get:261 http://archive.ubuntu.com/ubuntu jammy/main amd64 autotools-dev all 20220109.1 [44.9 kB]
Get:262 http://packages.ros.org/ros2/ubuntu jammy/main amd64 ros-humble-iceoryx-binding-c amd64 2.0.5-1jammy.20260226.012512 [64.8 kB]
Get:263 http://archive.ubuntu.com/ubuntu jammy/main amd64 automake all 1:1.16.5-1.3 [558 kB]
Get:264 http://archive.ubuntu.com/ubuntu jammy-updates/main amd64 binutils-common amd64 2.38-4ubuntu2.12 [223 kB]
Get:265 http://archive.ubuntu.com/ubuntu jammy-updates/main amd64 libbinutils amd64 2.38-4ubuntu2.12 [663 kB]
Get:266 http://packages.ros.org/ros2/ubuntu jammy/main amd64 ros-humble-iceoryx-hoofs amd64 2.0.5-1jammy.20260226.011054 [212 kB]
Get:267 http://archive.ubuntu.com/ubuntu jammy-updates/main amd64 libctf-nobfd0 amd64 2.38-4ubuntu2.12 [108 kB]
Get:268 http://archive.ubuntu.com/ubuntu jammy-updates/main amd64 libctf0 amd64 2.38-4ubuntu2.12 [103 kB]
Get:269 http://archive.ubuntu.com/ubuntu jammy-updates/main amd64 binutils-x86-64-linux-gnu amd64 2.38-4ubuntu2.12 [2324 kB]
Get:270 http://archive.ubuntu.com/ubuntu jammy-updates/main amd64 binutils amd64 2.38-4ubuntu2.12 [3184 B]
Get:271 http://archive.ubuntu.com/ubuntu jammy-updates/main amd64 bzip2 amd64 1.0.8-5ubuntu0.1 [34.8 kB]
Get:272 http://archive.ubuntu.com/ubuntu jammy-updates/main amd64 bzip2-doc all 1.0.8-5ubuntu0.1 [500 kB]
Get:273 http://archive.ubuntu.com/ubuntu jammy-updates/main amd64 gcc-11-base amd64 11.4.0-1ubuntu1~22.04.3 [216 kB]
Get:274 http://archive.ubuntu.com/ubuntu jammy/main amd64 libisl23 amd64 0.24-2build1 [727 kB]
Get:275 http://archive.ubuntu.com/ubuntu jammy/main amd64 libmpfr6 amd64 4.1.0-3build3 [1425 kB]
Get:276 http://packages.ros.org/ros2/ubuntu jammy/main amd64 ros-humble-iceoryx-posh amd64 2.0.5-1jammy.20260226.011738 [401 kB]
Get:277 http://archive.ubuntu.com/ubuntu jammy/main amd64 libmpc3 amd64 1.2.1-2build1 [46.9 kB]
Get:278 http://archive.ubuntu.com/ubuntu jammy-updates/main amd64 cpp-11 amd64 11.4.0-1ubuntu1~22.04.3 [10.0 MB]
Get:279 http://packages.ros.org/ros2/ubuntu jammy/main amd64 ros-humble-cyclonedds amd64 0.10.5-2jammy.20260226.013234 [1054 kB]
Get:280 http://archive.ubuntu.com/ubuntu jammy/main amd64 cpp amd64 4:11.2.0-1ubuntu1 [27.7 kB]
Get:281 http://archive.ubuntu.com/ubuntu jammy-updates/main amd64 curl amd64 7.81.0-1ubuntu1.29 [194 kB]
Get:282 http://archive.ubuntu.com/ubuntu jammy-updates/main amd64 libcurl4 amd64 7.81.0-1ubuntu1.29 [292 kB]
Get:283 http://archive.ubuntu.com/ubuntu jammy/main amd64 mysql-common all 5.8+1.0.8 [7212 B]
Get:284 http://archive.ubuntu.com/ubuntu jammy-updates/main amd64 libmysqlclient21 amd64 8.0.46-0ubuntu0.22.04.4 [1336 kB]
Get:285 http://archive.ubuntu.com/ubuntu jammy/main amd64 libzstd-dev amd64 1.4.8+dfsg-3build1 [401 kB]
Get:286 http://archive.ubuntu.com/ubuntu jammy-updates/main amd64 libmysqlclient-dev amd64 8.0.46-0ubuntu0.22.04.4 [1704 kB]
Get:287 http://archive.ubuntu.com/ubuntu jammy/main amd64 default-libmysqlclient-dev amd64 1.0.8 [3586 B]
Get:288 http://archive.ubuntu.com/ubuntu jammy/main amd64 fonts-noto-mono all 20201225-1build1 [397 kB]
Get:289 http://archive.ubuntu.com/ubuntu jammy/universe amd64 freeglut3 amd64 2.8.1-6 [74.0 kB]
Get:290 http://archive.ubuntu.com/ubuntu jammy/main amd64 xorg-sgml-doctools all 1:1.11-1.1 [10.9 kB]
Get:291 http://archive.ubuntu.com/ubuntu jammy/main amd64 x11proto-dev all 2021.5-1 [604 kB]
Get:292 http://archive.ubuntu.com/ubuntu jammy/main amd64 libxau-dev amd64 1:1.0.9-1build5 [9724 B]
Get:293 http://archive.ubuntu.com/ubuntu jammy/main amd64 x11proto-core-dev all 2021.5-1 [2438 B]
Get:294 http://archive.ubuntu.com/ubuntu jammy/main amd64 libxdmcp-dev amd64 1:1.1.3-0ubuntu5 [26.5 kB]
Get:295 http://archive.ubuntu.com/ubuntu jammy/main amd64 xtrans-dev all 1.4.0-1 [68.9 kB]
Get:296 http://archive.ubuntu.com/ubuntu jammy/main amd64 libpthread-stubs0-dev amd64 0.4-1build2 [5516 B]
Get:297 http://archive.ubuntu.com/ubuntu jammy/main amd64 libxcb1-dev amd64 1.14-3ubuntu3 [86.5 kB]
Get:298 http://archive.ubuntu.com/ubuntu jammy-updates/main amd64 libx11-dev amd64 2:1.7.5-1ubuntu0.3 [744 kB]
Get:299 http://archive.ubuntu.com/ubuntu jammy/main amd64 libglx-dev amd64 1.4.0-1 [14.1 kB]
Get:300 http://archive.ubuntu.com/ubuntu jammy/main amd64 libgl-dev amd64 1.4.0-1 [101 kB]
Get:301 http://archive.ubuntu.com/ubuntu jammy/main amd64 libglvnd-core-dev amd64 1.4.0-1 [12.7 kB]
Get:302 http://archive.ubuntu.com/ubuntu jammy/main amd64 libegl-dev amd64 1.4.0-1 [18.0 kB]
Get:303 http://archive.ubuntu.com/ubuntu jammy/main amd64 libgles1 amd64 1.4.0-1 [11.5 kB]
Get:304 http://archive.ubuntu.com/ubuntu jammy/main amd64 libgles2 amd64 1.4.0-1 [18.0 kB]
Get:305 http://archive.ubuntu.com/ubuntu jammy/main amd64 libgles-dev amd64 1.4.0-1 [49.4 kB]
Get:306 http://archive.ubuntu.com/ubuntu jammy/main amd64 libopengl0 amd64 1.4.0-1 [36.5 kB]
Get:307 http://archive.ubuntu.com/ubuntu jammy/main amd64 libopengl-dev amd64 1.4.0-1 [3400 B]
Get:308 http://archive.ubuntu.com/ubuntu jammy/main amd64 libglvnd-dev amd64 1.4.0-1 [3162 B]
Get:309 http://archive.ubuntu.com/ubuntu jammy-updates/main amd64 libgl1-mesa-dev amd64 23.2.1-1ubuntu3.1~22.04.4 [7012 B]
Get:310 http://archive.ubuntu.com/ubuntu jammy/main amd64 libglu1-mesa amd64 9.0.2-1 [145 kB]
Get:311 http://archive.ubuntu.com/ubuntu jammy/main amd64 libglu1-mesa-dev amd64 9.0.2-1 [231 kB]
Get:312 http://archive.ubuntu.com/ubuntu jammy/main amd64 libxext-dev amd64 2:1.3.4-1build1 [84.7 kB]
Get:313 http://archive.ubuntu.com/ubuntu jammy/main amd64 libxt6 amd64 1:1.2.1-1 [177 kB]
Get:314 http://archive.ubuntu.com/ubuntu jammy/main amd64 libice-dev amd64 2:1.0.10-1build2 [51.4 kB]
Get:315 http://archive.ubuntu.com/ubuntu jammy/main amd64 libsm-dev amd64 2:1.2.3-1build2 [18.1 kB]
Get:316 http://archive.ubuntu.com/ubuntu jammy/main amd64 libxt-dev amd64 1:1.2.1-1 [396 kB]
Get:317 http://archive.ubuntu.com/ubuntu jammy/universe amd64 freeglut3-dev amd64 2.8.1-6 [126 kB]
Get:318 http://archive.ubuntu.com/ubuntu jammy/main amd64 libboost-filesystem1.74.0 amd64 1.74.0-14ubuntu3 [264 kB]
Get:319 http://archive.ubuntu.com/ubuntu jammy/main amd64 libboost-iostreams1.74.0 amd64 1.74.0-14ubuntu3 [245 kB]
Get:320 http://archive.ubuntu.com/ubuntu jammy/main amd64 libboost-program-options1.74.0 amd64 1.74.0-14ubuntu3 [311 kB]
Get:321 http://archive.ubuntu.com/ubuntu jammy/main amd64 libboost-regex1.74.0 amd64 1.74.0-14ubuntu3 [511 kB]
Get:322 http://archive.ubuntu.com/ubuntu jammy/main amd64 libboost-thread1.74.0 amd64 1.74.0-14ubuntu3 [262 kB]
Get:323 http://archive.ubuntu.com/ubuntu jammy/universe amd64 libdraco4 amd64 1.5.2+dfsg-2 [726 kB]
Get:324 http://archive.ubuntu.com/ubuntu jammy/universe amd64 libminizip1 amd64 1.1-8build1 [20.2 kB]
Get:325 http://archive.ubuntu.com/ubuntu jammy/universe amd64 libassimp5 amd64 5.2.2~ds0-1 [2265 kB]
Get:326 http://archive.ubuntu.com/ubuntu jammy-updates/universe amd64 libaom3 amd64 3.3.0-1ubuntu0.1 [1748 kB]
Get:327 http://archive.ubuntu.com/ubuntu jammy/universe amd64 libva2 amd64 2.14.0-1 [65.0 kB]
Get:328 http://archive.ubuntu.com/ubuntu jammy/universe amd64 libmfx1 amd64 22.3.0-1 [3105 kB]
Get:329 http://archive.ubuntu.com/ubuntu jammy/universe amd64 libva-drm2 amd64 2.14.0-1 [7502 B]
Get:330 http://archive.ubuntu.com/ubuntu jammy/universe amd64 libva-x11-2 amd64 2.14.0-1 [12.6 kB]
Get:331 http://archive.ubuntu.com/ubuntu jammy/main amd64 libvdpau1 amd64 1.4-3build2 [27.0 kB]
Get:332 http://archive.ubuntu.com/ubuntu jammy/universe amd64 ocl-icd-libopencl1 amd64 2.2.14-3 [39.1 kB]
Get:333 http://archive.ubuntu.com/ubuntu jammy-updates/universe amd64 libavutil56 amd64 7:4.4.2-0ubuntu0.22.04.1 [290 kB]
Get:334 http://archive.ubuntu.com/ubuntu jammy-updates/main amd64 libpixman-1-0 amd64 0.40.0-1ubuntu0.22.04.1 [264 kB]
Get:335 http://packages.ros.org/ros2/ubuntu jammy/main amd64 ros-humble-diagnostic-updater amd64 4.0.7-1jammy.20260907.223805 [114 kB]
Get:336 http://archive.ubuntu.com/ubuntu jammy-updates/main amd64 libcairo2 amd64 1.16.0-5ubuntu2.1 [628 kB]
Get:337 http://archive.ubuntu.com/ubuntu jammy/universe amd64 libcodec2-1.0 amd64 1.0.1-3 [8435 kB]
Get:338 http://packages.ros.org/ros2/ubuntu jammy/main amd64 ros-humble-diff-drive-controller amd64 2.54.0-1jammy.20260908.123225 [213 kB]
Get:339 http://archive.ubuntu.com/ubuntu jammy/universe amd64 libdav1d5 amd64 0.9.2-1 [463 kB]
Get:340 http://archive.ubuntu.com/ubuntu jammy/universe amd64 libgsm1 amd64 1.0.19-1 [27.7 kB]
Get:341 http://archive.ubuntu.com/ubuntu jammy/main amd64 libmp3lame0 amd64 3.100-3build2 [141 kB]
Get:342 http://archive.ubuntu.com/ubuntu jammy-updates/main amd64 libopenjp2-7 amd64 2.4.0-6ubuntu0.5 [158 kB]
Get:343 http://archive.ubuntu.com/ubuntu jammy/main amd64 libopus0 amd64 1.3.1-0.1build2 [203 kB]
Get:344 http://archive.ubuntu.com/ubuntu jammy-updates/main amd64 libcairo-gobject2 amd64 1.16.0-5ubuntu2.1 [19.5 kB]
Get:345 http://archive.ubuntu.com/ubuntu jammy/main amd64 libthai-data all 0.1.29-1build1 [162 kB]
Get:346 http://archive.ubuntu.com/ubuntu jammy/main amd64 libdatrie1 amd64 0.2.13-2 [19.9 kB]
Get:347 http://archive.ubuntu.com/ubuntu jammy/main amd64 libthai0 amd64 0.1.29-1build1 [19.2 kB]
Get:348 http://archive.ubuntu.com/ubuntu jammy-updates/main amd64 libpango-1.0-0 amd64 1.50.6+ds-2ubuntu1 [230 kB]
Get:349 http://archive.ubuntu.com/ubuntu jammy-updates/main amd64 libpangoft2-1.0-0 amd64 1.50.6+ds-2ubuntu1 [54.0 kB]
Get:350 http://archive.ubuntu.com/ubuntu jammy-updates/main amd64 libpangocairo-1.0-0 amd64 1.50.6+ds-2ubuntu1 [39.8 kB]
Get:351 http://archive.ubuntu.com/ubuntu jammy-updates/main amd64 librsvg2-2 amd64 2.52.5+dfsg-3ubuntu0.2 [2974 kB]
Get:352 http://archive.ubuntu.com/ubuntu jammy/universe amd64 libshine3 amd64 3.1.1-2 [23.2 kB]
Get:353 http://archive.ubuntu.com/ubuntu jammy/main amd64 libsnappy1v5 amd64 1.1.8-1build3 [17.5 kB]
Get:354 http://archive.ubuntu.com/ubuntu jammy/main amd64 libspeex1 amd64 1.2~rc1.2-1.1ubuntu3 [57.9 kB]
Get:355 http://archive.ubuntu.com/ubuntu jammy-updates/main amd64 libgomp1 amd64 12.3.0-1ubuntu1~22.04.3 [127 kB]
Get:356 http://archive.ubuntu.com/ubuntu jammy/main amd64 libsoxr0 amd64 0.1.3-4build2 [79.8 kB]
Get:357 http://archive.ubuntu.com/ubuntu jammy-updates/universe amd64 libswresample3 amd64 7:4.4.2-0ubuntu0.22.04.1 [62.2 kB]
Get:358 http://archive.ubuntu.com/ubuntu jammy/main amd64 libogg0 amd64 1.3.5-0ubuntu3 [22.9 kB]
Get:359 http://archive.ubuntu.com/ubuntu jammy/main amd64 libtheora0 amd64 1.1.1+dfsg.1-15ubuntu4 [209 kB]
Get:360 http://archive.ubuntu.com/ubuntu jammy/main amd64 libtwolame0 amd64 0.4.0-2build2 [52.5 kB]
Get:361 http://archive.ubuntu.com/ubuntu jammy/main amd64 libvorbis0a amd64 1.3.7-1build2 [99.2 kB]
Get:362 http://archive.ubuntu.com/ubuntu jammy/main amd64 libvorbisenc2 amd64 1.3.7-1build2 [82.6 kB]
Get:363 http://archive.ubuntu.com/ubuntu jammy-updates/main amd64 libvpx7 amd64 1.11.0-2ubuntu2.5 [1078 kB]
Get:364 http://archive.ubuntu.com/ubuntu jammy-updates/main amd64 libwebpmux3 amd64 1.2.2-2ubuntu0.22.04.2 [20.5 kB]
Get:365 http://archive.ubuntu.com/ubuntu jammy/universe amd64 libx264-163 amd64 2:0.163.3060+git5db6aa6-2build1 [591 kB]
Get:366 http://archive.ubuntu.com/ubuntu jammy/universe amd64 libx265-199 amd64 3.5-2 [1170 kB]
Get:367 http://archive.ubuntu.com/ubuntu jammy/universe amd64 libxvidcore4 amd64 2:1.3.7-1 [201 kB]
Get:368 http://archive.ubuntu.com/ubuntu jammy/universe amd64 libzvbi-common all 0.2.35-19 [35.5 kB]
Get:369 http://archive.ubuntu.com/ubuntu jammy/universe amd64 libzvbi0 amd64 0.2.35-19 [262 kB]
Get:370 http://archive.ubuntu.com/ubuntu jammy-updates/universe amd64 libavcodec58 amd64 7:4.4.2-0ubuntu0.22.04.1 [5567 kB]
Get:371 http://archive.ubuntu.com/ubuntu jammy/main amd64 libraw1394-11 amd64 2.1.2-2build2 [27.0 kB]
Get:372 http://archive.ubuntu.com/ubuntu jammy/main amd64 libavc1394-0 amd64 0.5.4-5build2 [17.0 kB]
Get:373 http://archive.ubuntu.com/ubuntu jammy/universe amd64 libass9 amd64 1:0.15.2-1 [97.5 kB]
Get:374 http://archive.ubuntu.com/ubuntu jammy/universe amd64 libudfread0 amd64 1.1.2-1 [16.2 kB]
Get:375 http://archive.ubuntu.com/ubuntu jammy/universe amd64 libbluray2 amd64 1:1.3.1-1 [159 kB]
Get:376 http://archive.ubuntu.com/ubuntu jammy/universe amd64 libchromaprint1 amd64 1.5.1-2 [28.4 kB]
Get:377 http://archive.ubuntu.com/ubuntu jammy/universe amd64 libgme0 amd64 0.6.3-2 [127 kB]
Get:378 http://archive.ubuntu.com/ubuntu jammy-updates/main amd64 libmpg123-0 amd64 1.29.3-1ubuntu0.1 [172 kB]
Get:379 http://archive.ubuntu.com/ubuntu jammy/main amd64 libvorbisfile3 amd64 1.3.7-1build2 [17.1 kB]
Get:380 http://archive.ubuntu.com/ubuntu jammy/universe amd64 libopenmpt0 amd64 0.6.1-1 [592 kB]
Get:381 http://archive.ubuntu.com/ubuntu jammy-updates/main amd64 librabbitmq4 amd64 0.10.0-1ubuntu2.2 [39.9 kB]
Get:382 http://archive.ubuntu.com/ubuntu jammy/universe amd64 libsrt1.4-gnutls amd64 1.4.4-4 [309 kB]
Get:383 http://archive.ubuntu.com/ubuntu jammy-updates/main amd64 libssh-gcrypt-4 amd64 0.9.6-2ubuntu0.22.04.8 [226 kB]
Get:384 http://archive.ubuntu.com/ubuntu jammy/universe amd64 libnorm1 amd64 1.5.9+dfsg-2 [221 kB]
Get:385 http://archive.ubuntu.com/ubuntu jammy/universe amd64 libpgm-5.3-0 amd64 5.3.128~dfsg-2 [161 kB]
Get:386 http://archive.ubuntu.com/ubuntu jammy-updates/main amd64 libsodium23 amd64 1.0.18-1ubuntu0.22.04.1 [164 kB]
Get:387 http://archive.ubuntu.com/ubuntu jammy/universe amd64 libzmq5 amd64 4.3.4-2 [256 kB]
Get:388 http://archive.ubuntu.com/ubuntu jammy-updates/universe amd64 libavformat58 amd64 7:4.4.2-0ubuntu0.22.04.1 [1103 kB]
Get:389 http://archive.ubuntu.com/ubuntu jammy/universe amd64 libbs2b0 amd64 3.1.0+dfsg-2.2build1 [10.2 kB]
Get:390 http://archive.ubuntu.com/ubuntu jammy/universe amd64 libflite1 amd64 2.2-3 [13.7 MB]
Get:391 http://archive.ubuntu.com/ubuntu jammy/universe amd64 libserd-0-0 amd64 0.30.10-2 [40.8 kB]
Get:392 http://archive.ubuntu.com/ubuntu jammy/universe amd64 libsord-0-0 amd64 0.16.8-2 [21.2 kB]
Get:393 http://packages.ros.org/ros2/ubuntu jammy/main amd64 ros-humble-nav-2d-msgs amd64 1.1.20-1jammy.20260907.212326 [71.5 kB]
Get:394 http://packages.ros.org/ros2/ubuntu jammy/main amd64 ros-humble-dwb-msgs amd64 1.1.20-1jammy.20260907.212657 [136 kB]
Get:395 http://archive.ubuntu.com/ubuntu jammy/universe amd64 libsratom-0-0 amd64 0.6.8-1 [17.0 kB]
Get:396 http://packages.ros.org/ros2/ubuntu jammy/main amd64 ros-humble-nav-2d-utils amd64 1.1.20-1jammy.20260908.000907 [24.1 kB]
Get:397 http://packages.ros.org/ros2/ubuntu jammy/main amd64 ros-humble-nav2-core amd64 1.1.20-1jammy.20260908.004903 [11.2 kB]
Get:398 http://archive.ubuntu.com/ubuntu jammy/universe amd64 liblilv-0-0 amd64 0.24.12-2 [42.8 kB]
Get:399 http://packages.ros.org/ros2/ubuntu jammy/main amd64 ros-humble-dwb-core amd64 1.1.20-1jammy.20260908.005222 [190 kB]
Get:400 http://archive.ubuntu.com/ubuntu jammy/universe amd64 libmysofa1 amd64 1.2.1~dfsg0-1 [1157 kB]
Get:401 http://packages.ros.org/ros2/ubuntu jammy/main amd64 ros-humble-dwb-critics amd64 1.1.20-1jammy.20260908.011533 [57.0 kB]
Get:402 http://packages.ros.org/ros2/ubuntu jammy/main amd64 ros-humble-dwb-plugins amd64 1.1.20-1jammy.20260908.005659 [45.9 kB]
Get:403 http://packages.ros.org/ros2/ubuntu jammy/main amd64 ros-humble-forward-command-controller amd64 2.54.0-1jammy.20260908.123229 [123 kB]
Get:404 http://packages.ros.org/ros2/ubuntu jammy/main amd64 ros-humble-effort-controllers amd64 2.54.0-1jammy.20260908.123937 [21.4 kB]
Get:405 http://packages.ros.org/ros2/ubuntu jammy/main amd64 ros-humble-force-torque-sensor-broadcaster amd64 2.54.0-1jammy.20260908.123436 [179 kB]
Get:406 http://archive.ubuntu.com/ubuntu jammy/main amd64 libasyncns0 amd64 0.8-6build2 [12.8 kB]
Get:407 http://archive.ubuntu.com/ubuntu jammy-updates/main amd64 libflac8 amd64 1.3.3-2ubuntu0.2 [111 kB]
Get:408 http://archive.ubuntu.com/ubuntu jammy-updates/main amd64 libsndfile1 amd64 1.0.31-2ubuntu0.2 [196 kB]
Get:409 http://packages.ros.org/ros2/ubuntu jammy/main amd64 ros-humble-gazebo-dev amd64 3.9.0-1jammy.20260304.090426 [8048 B]
Get:410 http://packages.ros.org/ros2/ubuntu jammy/main amd64 ros-humble-gazebo-msgs amd64 3.9.0-1jammy.20260907.213014 [509 kB]
Get:411 http://archive.ubuntu.com/ubuntu jammy-updates/main amd64 libpulse0 amd64 1:15.99.1+dfsg1-1ubuntu2.2 [298 kB]
Get:412 http://archive.ubuntu.com/ubuntu jammy/universe amd64 libsphinxbase3 amd64 0.8+5prealpha+1-13build1 [126 kB]
Get:413 http://archive.ubuntu.com/ubuntu jammy/universe amd64 libpocketsphinx3 amd64 0.8.0+real5prealpha+1-14ubuntu1 [132 kB]
Get:414 http://archive.ubuntu.com/ubuntu jammy-updates/universe amd64 libpostproc55 amd64 7:4.4.2-0ubuntu0.22.04.1 [60.1 kB]
Get:415 http://archive.ubuntu.com/ubuntu jammy/main amd64 libsamplerate0 amd64 0.2.2-1build1 [1359 kB]
Get:416 http://archive.ubuntu.com/ubuntu jammy/universe amd64 librubberband2 amd64 2.0.0-2 [90.0 kB]
Get:417 http://archive.ubuntu.com/ubuntu jammy-updates/universe amd64 libswscale5 amd64 7:4.4.2-0ubuntu0.22.04.1 [180 kB]
Get:418 http://archive.ubuntu.com/ubuntu jammy/universe amd64 libvidstab1.1 amd64 1.1.0-2 [35.0 kB]
Get:419 http://archive.ubuntu.com/ubuntu jammy/universe amd64 libzimg2 amd64 3.0.3+ds1-1 [241 kB]
Get:420 http://archive.ubuntu.com/ubuntu jammy-updates/universe amd64 libavfilter7 amd64 7:4.4.2-0ubuntu0.22.04.1 [1496 kB]
Get:421 http://archive.ubuntu.com/ubuntu jammy-updates/main amd64 libcaca0 amd64 0.99.beta19-2.2ubuntu4.2 [224 kB]
Get:422 http://archive.ubuntu.com/ubuntu jammy-updates/main amd64 libcdio19 amd64 2.1.0-3ubuntu0.2 [63.6 kB]
Get:423 http://archive.ubuntu.com/ubuntu jammy/main amd64 libcdio-cdda2 amd64 10.2+2.0.0-1build3 [16.7 kB]
Get:424 http://archive.ubuntu.com/ubuntu jammy/main amd64 libcdio-paranoia2 amd64 10.2+2.0.0-1build3 [15.9 kB]
Get:425 http://archive.ubuntu.com/ubuntu jammy/universe amd64 libdc1394-25 amd64 2.2.6-4 [88.8 kB]
Get:426 http://archive.ubuntu.com/ubuntu jammy/main amd64 libiec61883-0 amd64 1.2.0-4build3 [25.9 kB]
Get:427 http://archive.ubuntu.com/ubuntu jammy/main amd64 libjack-jackd2-0 amd64 1.9.20~dfsg-1 [293 kB]
Get:428 http://archive.ubuntu.com/ubuntu jammy/universe amd64 libopenal-data all 1:1.19.1-2build3 [164 kB]
Get:429 http://archive.ubuntu.com/ubuntu jammy/universe amd64 libsndio7.0 amd64 1.8.1-1.1 [29.3 kB]
Get:430 http://archive.ubuntu.com/ubuntu jammy/universe amd64 libopenal1 amd64 1:1.19.1-2build3 [535 kB]
Get:431 http://archive.ubuntu.com/ubuntu jammy/main amd64 libdecor-0-0 amd64 0.1.0-3build1 [15.1 kB]
Get:432 http://archive.ubuntu.com/ubuntu jammy-updates/main amd64 libwayland-cursor0 amd64 1.20.0-1ubuntu0.1 [10.7 kB]
Get:433 http://archive.ubuntu.com/ubuntu jammy-updates/main amd64 libwayland-egl1 amd64 1.20.0-1ubuntu0.1 [5582 B]
Get:434 http://archive.ubuntu.com/ubuntu jammy/main amd64 libxcursor1 amd64 1:1.2.0-2build4 [20.9 kB]
Get:435 http://packages.ros.org/ros2/ubuntu jammy/main amd64 ros-humble-tinyxml-vendor amd64 0.8.3-2jammy.20260304.195406 [6470 B]
Get:436 http://packages.ros.org/ros2/ubuntu jammy/main amd64 ros-humble-gazebo-ros amd64 3.9.0-1jammy.20260907.222900 [519 kB]
Get:437 http://archive.ubuntu.com/ubuntu jammy/main amd64 libxinerama1 amd64 2:1.1.4-3 [7382 B]
Get:438 http://archive.ubuntu.com/ubuntu jammy/main amd64 libxrandr2 amd64 2:1.5.2-1build1 [20.4 kB]
Get:439 http://archive.ubuntu.com/ubuntu jammy/main amd64 libxss1 amd64 1:1.2.3-1build2 [8476 B]
Get:440 http://archive.ubuntu.com/ubuntu jammy-updates/main amd64 libsdl2-2.0-0 amd64 2.0.20+dfsg-2ubuntu1.22.04.1 [582 kB]
Get:441 http://archive.ubuntu.com/ubuntu jammy/main amd64 libxv1 amd64 2:1.0.11-1build2 [11.2 kB]
Get:442 http://archive.ubuntu.com/ubuntu jammy-updates/universe amd64 libavdevice58 amd64 7:4.4.2-0ubuntu0.22.04.1 [87.5 kB]
Get:443 http://archive.ubuntu.com/ubuntu jammy/universe amd64 libbullet3.06 amd64 3.06+dfsg-4build2 [1762 kB]
Get:444 http://packages.ros.org/ros2/ubuntu jammy/main amd64 ros-humble-image-transport amd64 3.1.13-1jammy.20260907.224758 [403 kB]
Get:445 http://archive.ubuntu.com/ubuntu jammy/universe amd64 libccd2 amd64 2.1-2 [21.8 kB]
Get:446 http://archive.ubuntu.com/ubuntu jammy-updates/universe amd64 libcdt5 amd64 2.42.2-6ubuntu0.1 [21.1 kB]
Get:447 http://archive.ubuntu.com/ubuntu jammy-updates/universe amd64 libcgraph6 amd64 2.42.2-6ubuntu0.1 [45.4 kB]
Get:448 http://packages.ros.org/ros2/ubuntu jammy/main amd64 ros-humble-gazebo-plugins amd64 3.9.0-1jammy.20260907.231520 [1601 kB]
Get:449 http://packages.ros.org/ros2/ubuntu jammy/main amd64 ros-humble-gazebo-ros-pkgs amd64 3.9.0-1jammy.20260908.002217 [7072 B]
Get:450 http://packages.ros.org/ros2/ubuntu jammy/main amd64 ros-humble-gazebo-ros2-control amd64 0.4.10-1jammy.20260908.125422 [213 kB]
Get:451 http://archive.ubuntu.com/ubuntu jammy/universe amd64 libdart-external-odelcpsolver6.12 amd64 6.12.1+dfsg4-11build2 [25.1 kB]
Get:452 http://archive.ubuntu.com/ubuntu jammy/universe amd64 liboctomap1.9 amd64 1.9.7+dfsg-3 [80.4 kB]
Get:453 http://archive.ubuntu.com/ubuntu jammy/universe amd64 libfcl0.7 amd64 0.7.0-3 [922 kB]
Get:454 http://packages.ros.org/ros2/ubuntu jammy/main amd64 ros-humble-gpio-controllers amd64 2.54.0-1jammy.20260908.124227 [143 kB]
Get:455 http://packages.ros.org/ros2/ubuntu jammy/main amd64 ros-humble-gripper-controllers amd64 2.54.0-1jammy.20260908.123950 [81.0 kB]
Get:456 http://packages.ros.org/ros2/ubuntu jammy/main amd64 ros-humble-ignition-cmake2-vendor amd64 0.0.2-2jammy.20260304.200630 [2202 B]
Get:457 http://packages.ros.org/ros2/ubuntu jammy/main amd64 ros-humble-ignition-math6-vendor amd64 0.0.2-2jammy.20260304.200852 [2138 B]
Get:458 http://packages.ros.org/ros2/ubuntu jammy/main amd64 ros-humble-imu-sensor-broadcaster amd64 2.54.0-1jammy.20260908.123955 [79.4 kB]
Get:459 http://packages.ros.org/ros2/ubuntu jammy/main amd64 ros-humble-interactive-markers amd64 2.3.2-2jammy.20260907.230230 [209 kB]
Get:460 http://packages.ros.org/ros2/ubuntu jammy/main amd64 ros-humble-urdfdom-headers amd64 1.0.6-2jammy.20260226.012553 [13.4 kB]
Get:461 http://packages.ros.org/ros2/ubuntu jammy/main amd64 ros-humble-urdfdom amd64 3.0.2-2jammy.20260304.202852 [73.4 kB]
Get:462 http://packages.ros.org/ros2/ubuntu jammy/main amd64 ros-humble-urdf-parser-plugin amd64 2.6.1-1jammy.20260907.191823 [9842 B]
Get:463 http://packages.ros.org/ros2/ubuntu jammy/main amd64 ros-humble-urdf amd64 2.6.1-1jammy.20260907.195837 [104 kB]
Get:464 http://packages.ros.org/ros2/ubuntu jammy/main amd64 ros-humble-joint-limits amd64 2.54.2-1jammy.20260908.105711 [134 kB]
Get:465 http://packages.ros.org/ros2/ubuntu jammy/main amd64 ros-humble-joint-state-broadcaster amd64 2.54.0-1jammy.20260908.124005 [96.6 kB]
Get:466 http://packages.ros.org/ros2/ubuntu jammy/main amd64 ros-humble-joint-state-publisher amd64 2.4.0-1jammy.20260907.215925 [16.1 kB]
Get:467 http://packages.ros.org/ros2/ubuntu jammy/main amd64 ros-humble-joint-trajectory-controller amd64 2.54.0-1jammy.20260908.124006 [261 kB]
Get:468 http://packages.ros.org/ros2/ubuntu jammy/main amd64 ros-humble-kdl-parser amd64 2.6.4-1jammy.20260907.200213 [21.7 kB]
Get:469 http://packages.ros.org/ros2/ubuntu jammy/main amd64 ros-humble-libcurl-vendor amd64 3.1.3-1jammy.20260304.090502 [7098 B]
Get:470 http://packages.ros.org/ros2/ubuntu jammy/main amd64 ros-humble-mecanum-drive-controller amd64 2.54.0-1jammy.20260908.124011 [190 kB]
Get:471 http://packages.ros.org/ros2/ubuntu jammy/main amd64 ros-humble-nav2-amcl amd64 1.1.20-1jammy.20260908.000809 [352 kB]
Get:472 http://packages.ros.org/ros2/ubuntu jammy/main amd64 ros-humble-nav2-behavior-tree amd64 1.1.20-1jammy.20260908.004120 [1216 kB]
Get:473 http://archive.ubuntu.com/ubuntu jammy/universe amd64 libdart6.12 amd64 6.12.1+dfsg4-11build2 [1249 kB]
Get:474 http://packages.ros.org/ros2/ubuntu jammy/main amd64 ros-humble-nav2-behaviors amd64 1.1.20-1jammy.20260908.011930 [402 kB]
Get:475 http://packages.ros.org/ros2/ubuntu jammy/main amd64 ros-humble-nav2-bt-navigator amd64 1.1.20-1jammy.20260908.011944 [257 kB]
Get:476 http://packages.ros.org/ros2/ubuntu jammy/main amd64 ros-humble-nav2-collision-monitor amd64 1.1.20-1jammy.20260908.010715 [226 kB]
Get:477 http://packages.ros.org/ros2/ubuntu jammy/main amd64 ros-humble-nav2-constrained-smoother amd64 1.1.20-1jammy.20260908.005501 [61.6 kB]
Get:478 http://packages.ros.org/ros2/ubuntu jammy/main amd64 ros-humble-nav2-controller amd64 1.1.20-1jammy.20260908.005456 [311 kB]
Get:479 http://packages.ros.org/ros2/ubuntu jammy/main amd64 ros-humble-nav2-dwb-controller amd64 1.1.20-1jammy.20260908.012626 [5142 B]
Get:480 http://packages.ros.org/ros2/ubuntu jammy/main amd64 ros-humble-nav2-lifecycle-manager amd64 1.1.20-1jammy.20260908.000824 [90.4 kB]
Get:481 http://packages.ros.org/ros2/ubuntu jammy/main amd64 ros-humble-nav2-map-server amd64 1.1.20-1jammy.20260908.000810 [213 kB]
Get:482 http://packages.ros.org/ros2/ubuntu jammy/main amd64 ros-humble-nav2-mppi-controller amd64 1.1.20-1jammy.20260908.012051 [409 kB]
Get:483 http://packages.ros.org/ros2/ubuntu jammy/main amd64 ros-humble-nav2-navfn-planner amd64 1.1.20-1jammy.20260908.005505 [48.0 kB]
Get:484 http://packages.ros.org/ros2/ubuntu jammy/main amd64 ros-humble-nav2-planner amd64 1.1.20-1jammy.20260908.005526 [200 kB]
Get:485 http://packages.ros.org/ros2/ubuntu jammy/main amd64 ros-humble-nav2-regulated-pure-pursuit-controller amd64 1.1.20-1jammy.20260908.005527 [82.3 kB]
Get:486 http://archive.ubuntu.com/ubuntu jammy/universe amd64 libdart-collision-bullet6.12 amd64 6.12.1+dfsg4-11build2 [42.8 kB]
Get:487 http://archive.ubuntu.com/ubuntu jammy/universe amd64 libilmbase25 amd64 2.5.7-2 [175 kB]
Get:488 http://archive.ubuntu.com/ubuntu jammy/universe amd64 libjxr0 amd64 1.2~git20170615.f752187-5 [174 kB]
Get:489 http://archive.ubuntu.com/ubuntu jammy/universe amd64 libopenexr25 amd64 2.5.7-1 [780 kB]
Get:490 http://archive.ubuntu.com/ubuntu jammy-updates/main amd64 liblcms2-2 amd64 2.12~rc1-2ubuntu0.1 [159 kB]
Get:491 http://archive.ubuntu.com/ubuntu jammy-updates/main amd64 libraw20 amd64 0.20.2-2ubuntu2.22.04.3 [342 kB]
Get:492 http://archive.ubuntu.com/ubuntu jammy-updates/universe amd64 libfreeimage3 amd64 3.18.0+ds2-6ubuntu5.1 [294 kB]
Get:493 http://archive.ubuntu.com/ubuntu jammy/universe amd64 gdal-data all 3.4.1+dfsg-1build4 [216 kB]
Get:494 http://archive.ubuntu.com/ubuntu jammy/universe amd64 libarpack2 amd64 3.8.0-1 [92.4 kB]
Get:495 http://packages.ros.org/ros2/ubuntu jammy/main amd64 ros-humble-nav2-rotation-shim-controller amd64 1.1.20-1jammy.20260908.010304 [108 kB]
Get:496 http://packages.ros.org/ros2/ubuntu jammy/main amd64 ros-humble-nav2-route amd64 1.1.20-1jammy.20260908.005219 [528 kB]
Get:497 http://packages.ros.org/ros2/ubuntu jammy/main amd64 ros-humble-rviz-ogre-vendor amd64 11.2.29-1jammy.20260907.175630 [3677 kB]
Get:498 http://archive.ubuntu.com/ubuntu jammy/universe amd64 libsuperlu5 amd64 5.3.0+dfsg1-2 [183 kB]
Get:499 http://packages.ros.org/ros2/ubuntu jammy/main amd64 ros-humble-resource-retriever amd64 3.1.3-1jammy.20260907.192241 [20.9 kB]
Get:500 http://packages.ros.org/ros2/ubuntu jammy/main amd64 ros-humble-rviz-assimp-vendor amd64 11.2.29-1jammy.20260907.175825 [8422 B]
Get:501 http://packages.ros.org/ros2/ubuntu jammy/main amd64 ros-humble-rviz-rendering amd64 11.2.29-1jammy.20260907.193503 [798 kB]
Get:502 http://archive.ubuntu.com/ubuntu jammy/universe amd64 libarmadillo10 amd64 1:10.8.2+dfsg-1 [105 kB]
Get:503 http://archive.ubuntu.com/ubuntu jammy/universe amd64 libblosc1 amd64 1.21.1+ds2-2 [35.8 kB]
Get:504 http://archive.ubuntu.com/ubuntu jammy-updates/main amd64 libcurl3-gnutls amd64 7.81.0-1ubuntu1.29 [286 kB]
Get:505 http://archive.ubuntu.com/ubuntu jammy/universe amd64 libcfitsio9 amd64 4.0.0-1 [519 kB]
Get:506 http://archive.ubuntu.com/ubuntu jammy/universe amd64 libcharls2 amd64 2.3.4-1 [87.0 kB]
Get:507 http://archive.ubuntu.com/ubuntu jammy/universe amd64 libfreexl1 amd64 1.0.6-1 [33.5 kB]
Get:508 http://archive.ubuntu.com/ubuntu jammy/universe amd64 libfyba0 amd64 4.1.1-7 [113 kB]
Get:509 http://archive.ubuntu.com/ubuntu jammy/universe amd64 libgeos3.10.2 amd64 3.10.2-1 [713 kB]
Get:510 http://archive.ubuntu.com/ubuntu jammy/universe amd64 libgeos-c1v5 amd64 3.10.2-1 [82.5 kB]
Get:511 http://packages.ros.org/ros2/ubuntu jammy/main amd64 ros-humble-rviz-common amd64 11.2.29-1jammy.20260907.230217 [620 kB]
Get:512 http://packages.ros.org/ros2/ubuntu jammy/main amd64 ros-humble-rviz-default-plugins amd64 11.2.29-1jammy.20260908.002237 [2222 kB]
Get:513 http://archive.ubuntu.com/ubuntu jammy/universe amd64 proj-data all 8.2.1-1 [10.0 MB]
Get:514 http://packages.ros.org/ros2/ubuntu jammy/main amd64 ros-humble-nav2-rviz-plugins amd64 1.1.20-1jammy.20260908.014610 [293 kB]
Get:515 http://packages.ros.org/ros2/ubuntu jammy/main amd64 ros-humble-nav2-simple-commander amd64 1.1.20-1jammy.20260907.224519 [33.2 kB]
Get:516 http://packages.ros.org/ros2/ubuntu jammy/main amd64 ros-humble-ompl amd64 1.7.0-4jammy.20260226.011457 [2420 kB]
Get:517 http://archive.ubuntu.com/ubuntu jammy/universe amd64 libproj22 amd64 8.2.1-1 [1257 kB]
Get:518 http://archive.ubuntu.com/ubuntu jammy/universe amd64 libgeotiff5 amd64 1.7.0-2build1 [67.1 kB]
Get:519 http://archive.ubuntu.com/ubuntu jammy-updates/main amd64 libgif7 amd64 5.1.9-2ubuntu0.3 [34.3 kB]
Get:520 http://archive.ubuntu.com/ubuntu jammy/universe amd64 libhdf4-0-alt amd64 4.2.15-4 [290 kB]
Get:521 http://archive.ubuntu.com/ubuntu jammy/universe amd64 libaec0 amd64 1.0.6-1 [20.1 kB]
Get:522 http://archive.ubuntu.com/ubuntu jammy/universe amd64 libsz2 amd64 1.0.6-1 [5354 B]
Get:523 http://archive.ubuntu.com/ubuntu jammy/universe amd64 libhdf5-103-1 amd64 1.10.7+repack-4ubuntu2 [1295 kB]
Get:524 http://archive.ubuntu.com/ubuntu jammy-updates/universe amd64 libde265-0 amd64 1.0.8-1ubuntu0.3 [290 kB]
Get:525 http://archive.ubuntu.com/ubuntu jammy/universe amd64 libheif1 amd64 1.12.0-2build1 [196 kB]
Get:526 http://packages.ros.org/ros2/ubuntu jammy/main amd64 ros-humble-nav2-smac-planner amd64 1.1.20-1jammy.20260908.005553 [445 kB]
Get:527 http://archive.ubuntu.com/ubuntu jammy/universe amd64 liburiparser1 amd64 0.9.6+dfsg-1 [36.4 kB]
Get:528 http://packages.ros.org/ros2/ubuntu jammy/main amd64 ros-humble-nav2-smoother amd64 1.1.20-1jammy.20260908.005556 [193 kB]
Get:529 http://packages.ros.org/ros2/ubuntu jammy/main amd64 ros-humble-nav2-theta-star-planner amd64 1.1.20-1jammy.20260908.005548 [42.4 kB]
Get:530 http://packages.ros.org/ros2/ubuntu jammy/main amd64 ros-humble-nav2-velocity-smoother amd64 1.1.20-1jammy.20260908.000910 [124 kB]
Get:531 http://packages.ros.org/ros2/ubuntu jammy/main amd64 ros-humble-nav2-waypoint-follower amd64 1.1.20-1jammy.20260908.005557 [308 kB]
Get:532 http://packages.ros.org/ros2/ubuntu jammy/main amd64 ros-humble-navigation2 amd64 1.1.20-1jammy.20260908.015443 [5590 B]
Get:533 http://packages.ros.org/ros2/ubuntu jammy/main amd64 ros-humble-slam-toolbox amd64 2.6.10-1jammy.20260908.014627 [1674 kB]
Get:534 http://packages.ros.org/ros2/ubuntu jammy/main amd64 ros-humble-nav2-bringup amd64 1.1.20-1jammy.20260908.021125 [23.1 kB]
Get:535 http://packages.ros.org/ros2/ubuntu jammy/main amd64 ros-humble-pid-controller amd64 2.54.0-1jammy.20260908.124035 [167 kB]
Get:536 http://archive.ubuntu.com/ubuntu jammy/universe amd64 libkmlbase1 amd64 1.3.0-9 [45.0 kB]
Get:537 http://archive.ubuntu.com/ubuntu jammy/universe amd64 libkmldom1 amd64 1.3.0-9 [150 kB]
Get:538 http://archive.ubuntu.com/ubuntu jammy/universe amd64 libkmlengine1 amd64 1.3.0-9 [71.7 kB]
Get:539 http://archive.ubuntu.com/ubuntu jammy/universe amd64 libhdf5-hl-100 amd64 1.10.7+repack-4ubuntu2 [59.1 kB]
Get:540 http://archive.ubuntu.com/ubuntu jammy/universe amd64 libnetcdf19 amd64 1:4.8.1-1 [456 kB]
Get:541 http://archive.ubuntu.com/ubuntu jammy/main amd64 libltdl7 amd64 2.4.6-15build2 [39.6 kB]
Get:542 http://archive.ubuntu.com/ubuntu jammy-updates/main amd64 libodbc2 amd64 2.3.9-5ubuntu0.1 [159 kB]
Get:543 http://archive.ubuntu.com/ubuntu jammy-updates/main amd64 unixodbc-common all 2.3.9-5ubuntu0.1 [9256 B]
Get:544 http://archive.ubuntu.com/ubuntu jammy-updates/main amd64 libodbcinst2 amd64 2.3.9-5ubuntu0.1 [31.9 kB]
Get:545 http://packages.ros.org/ros2/ubuntu jammy/main amd64 ros-humble-pose-broadcaster amd64 2.54.0-1jammy.20260908.124054 [87.0 kB]
Get:546 http://packages.ros.org/ros2/ubuntu jammy/main amd64 ros-humble-position-controllers amd64 2.54.0-1jammy.20260908.123934 [20.8 kB]
Get:547 http://packages.ros.org/ros2/ubuntu jammy/main amd64 ros-humble-range-sensor-broadcaster amd64 2.54.0-1jammy.20260908.124021 [74.1 kB]
Get:548 http://packages.ros.org/ros2/ubuntu jammy/main amd64 ros-humble-rmw-cyclonedds-cpp amd64 1.3.5-1jammy.20260907.205235 [167 kB]
Get:549 http://packages.ros.org/ros2/ubuntu jammy/main amd64 ros-humble-robot-state-publisher amd64 3.0.3-2jammy.20260907.225951 [172 kB]
Get:550 http://packages.ros.org/ros2/ubuntu jammy/main amd64 ros-humble-ros2-control-test-assets amd64 2.54.2-1jammy.20260908.105708 [13.9 kB]
Get:551 http://packages.ros.org/ros2/ubuntu jammy/main amd64 ros-humble-ros2controlcli amd64 2.54.2-1jammy.20260908.123116 [24.8 kB]
Get:552 http://packages.ros.org/ros2/ubuntu jammy/main amd64 ros-humble-transmission-interface amd64 2.54.2-1jammy.20260908.114558 [50.8 kB]
Get:553 http://packages.ros.org/ros2/ubuntu jammy/main amd64 ros-humble-ros2-control amd64 2.54.2-1jammy.20260908.123937 [6644 B]
Get:554 http://packages.ros.org/ros2/ubuntu jammy/main amd64 ros-humble-tricycle-controller amd64 2.54.0-1jammy.20260908.124205 [186 kB]
Get:555 http://packages.ros.org/ros2/ubuntu jammy/main amd64 ros-humble-tricycle-steering-controller amd64 2.54.0-1jammy.20260908.124912 [40.3 kB]
Get:556 http://packages.ros.org/ros2/ubuntu jammy/main amd64 ros-humble-velocity-controllers amd64 2.54.0-1jammy.20260908.123938 [21.4 kB]
Get:557 http://packages.ros.org/ros2/ubuntu jammy/main amd64 ros-humble-ros2-controllers amd64 2.54.0-1jammy.20260909.011001 [7524 B]
Get:558 http://packages.ros.org/ros2/ubuntu jammy/main amd64 ros-humble-xacro amd64 2.1.1-1jammy.20260304.195513 [37.8 kB]
Get:559 http://archive.ubuntu.com/ubuntu jammy/universe amd64 libogdi4.1 amd64 4.1.0+ds-5 [197 kB]
Get:560 http://archive.ubuntu.com/ubuntu jammy-updates/main amd64 libnspr4 amd64 2:4.35-0ubuntu0.22.04.1 [119 kB]
Get:561 http://archive.ubuntu.com/ubuntu jammy-updates/main amd64 libnss3 amd64 2:3.98-0ubuntu0.22.04.4 [1347 kB]
Get:562 http://archive.ubuntu.com/ubuntu jammy-updates/main amd64 libpoppler118 amd64 22.02.0-2ubuntu0.13 [1081 kB]
Get:563 http://archive.ubuntu.com/ubuntu jammy-updates/main amd64 libpq5 amd64 14.24-0ubuntu0.22.04.1 [157 kB]
Get:564 http://archive.ubuntu.com/ubuntu jammy/universe amd64 libqhull-r8.0 amd64 2020.2-4 [196 kB]
Get:565 http://archive.ubuntu.com/ubuntu jammy/universe amd64 librttopo1 amd64 1.1.0-2 [178 kB]
Get:566 http://archive.ubuntu.com/ubuntu jammy/universe amd64 libspatialite7 amd64 5.0.1-2build2 [2092 kB]
Get:567 http://archive.ubuntu.com/ubuntu jammy-updates/universe amd64 libxerces-c3.2 amd64 3.2.3+debian-3ubuntu0.1 [929 kB]
Get:568 http://archive.ubuntu.com/ubuntu jammy/universe amd64 libgdal30 amd64 3.4.1+dfsg-1build4 [7642 kB]
Get:569 http://archive.ubuntu.com/ubuntu jammy/universe amd64 libgts-0.7-5 amd64 0.7.6+darcs121130-5 [164 kB]
Get:570 http://archive.ubuntu.com/ubuntu jammy-updates/main amd64 libxpm4 amd64 1:3.5.12-1ubuntu0.22.04.3 [36.5 kB]
Get:571 http://archive.ubuntu.com/ubuntu jammy-updates/main amd64 libgd3 amd64 2.3.0-2ubuntu2.3 [129 kB]
Get:572 http://archive.ubuntu.com/ubuntu jammy-updates/universe amd64 libpathplan4 amd64 2.42.2-6ubuntu0.1 [23.4 kB]
Get:573 http://archive.ubuntu.com/ubuntu jammy-updates/universe amd64 libgvc6 amd64 2.42.2-6ubuntu0.1 [724 kB]
Get:574 http://archive.ubuntu.com/ubuntu jammy/universe amd64 libignition-common3-3 amd64 3.14.0+dfsg-5 [140 kB]
Get:575 http://archive.ubuntu.com/ubuntu jammy-updates/main amd64 libprotobuf23 amd64 3.12.4-1ubuntu7.22.04.6 [877 kB]
Get:576 http://archive.ubuntu.com/ubuntu jammy/universe amd64 libignition-msgs5-5 amd64 5.8.1+ds-2 [738 kB]
Get:577 http://archive.ubuntu.com/ubuntu jammy/universe amd64 libzip4 amd64 1.7.3-1ubuntu2 [55.0 kB]
Get:578 http://archive.ubuntu.com/ubuntu jammy/universe amd64 libignition-fuel-tools4-4 amd64 4.4.0+ds-3build1 [191 kB]
Get:579 http://archive.ubuntu.com/ubuntu jammy/universe amd64 libignition-transport8-8 amd64 8.2.1+ds-2 [289 kB]
Get:580 http://archive.ubuntu.com/ubuntu jammy/universe amd64 libode8 amd64 2:0.16.2-1 [387 kB]
Get:581 http://archive.ubuntu.com/ubuntu jammy/main amd64 libxmu6 amd64 2:1.1.3-3 [49.6 kB]
Get:582 http://archive.ubuntu.com/ubuntu jammy/main amd64 libxaw7 amd64 2:1.0.14-1 [191 kB]
Get:583 http://archive.ubuntu.com/ubuntu jammy/universe amd64 libzzip-0-13 amd64 0.13.72+dfsg.1-1.1 [27.0 kB]
Get:584 http://archive.ubuntu.com/ubuntu jammy/universe amd64 libogre-1.9.0v5 amd64 1.9.0+dfsg1-12.1ubuntu1 [2523 kB]
Get:585 http://archive.ubuntu.com/ubuntu jammy/universe amd64 libqtpropertybrowser5 amd64 5.0.2-3 [256 kB]
Get:586 http://archive.ubuntu.com/ubuntu jammy-updates/universe amd64 libqt5opengl5 amd64 5.15.3+dfsg-2ubuntu0.2 [153 kB]
Get:587 http://archive.ubuntu.com/ubuntu jammy/universe amd64 libqwt-qt5-6 amd64 6.1.4-2 [418 kB]
Get:588 http://archive.ubuntu.com/ubuntu jammy/universe amd64 sdformat9-sdf all 9.7.0+ds-1 [57.1 kB]
Get:589 http://archive.ubuntu.com/ubuntu jammy-updates/universe amd64 libtinyxml2.6.2v5 amd64 2.6.2-6ubuntu0.22.04.1 [33.2 kB]
Get:590 http://archive.ubuntu.com/ubuntu jammy/universe amd64 liburdfdom-model3.0 amd64 3.0.1-1 [43.9 kB]
Get:591 http://archive.ubuntu.com/ubuntu jammy/universe amd64 libsdformat9-9 amd64 9.7.0+ds-1 [442 kB]
Get:592 http://archive.ubuntu.com/ubuntu jammy/universe amd64 libsimbody3.6 amd64 3.6.1+dfsg-7build1 [3324 kB]
Get:593 http://archive.ubuntu.com/ubuntu jammy/universe amd64 libspnav0 amd64 0.2.3-1 [8552 B]
Get:594 http://archive.ubuntu.com/ubuntu jammy-updates/universe amd64 libtar0 amd64 1.2.20-8ubuntu0.22.04.1 [19.7 kB]
Get:595 http://archive.ubuntu.com/ubuntu jammy/universe amd64 libtbbmalloc2 amd64 2021.5.0-7ubuntu2 [49.6 kB]
Get:596 http://archive.ubuntu.com/ubuntu jammy/universe amd64 libtbb12 amd64 2021.5.0-7ubuntu2 [84.8 kB]
Get:597 http://archive.ubuntu.com/ubuntu jammy/universe amd64 libtinyobjloader1 amd64 2.0.0~rc5+dfsg1-5build1 [63.9 kB]
Get:598 http://archive.ubuntu.com/ubuntu jammy/universe amd64 liburdfdom-world3.0 amd64 3.0.1-1 [42.9 kB]
Get:599 http://archive.ubuntu.com/ubuntu jammy/universe amd64 libgazebo11 amd64 11.10.2+dfsg-1 [8734 kB]
Get:600 http://archive.ubuntu.com/ubuntu jammy/universe amd64 gazebo-common all 11.10.2+dfsg-1 [35.7 MB]
Get:601 http://archive.ubuntu.com/ubuntu jammy/universe amd64 gazebo amd64 11.10.2+dfsg-1 [4095 kB]
Get:602 http://archive.ubuntu.com/ubuntu jammy/universe amd64 libdart-utils6.12 amd64 6.12.1+dfsg4-11build2 [285 kB]
Get:603 http://archive.ubuntu.com/ubuntu jammy/universe amd64 gazebo-plugin-base amd64 11.10.2+dfsg-1 [2165 kB]
Get:604 http://archive.ubuntu.com/ubuntu jammy-updates/main amd64 libcc1-0 amd64 12.3.0-1ubuntu1~22.04.3 [48.3 kB]
Get:605 http://archive.ubuntu.com/ubuntu jammy-updates/main amd64 libitm1 amd64 12.3.0-1ubuntu1~22.04.3 [30.2 kB]
Get:606 http://archive.ubuntu.com/ubuntu jammy-updates/main amd64 libasan6 amd64 11.4.0-1ubuntu1~22.04.3 [2283 kB]
Get:607 http://archive.ubuntu.com/ubuntu jammy-updates/main amd64 liblsan0 amd64 12.3.0-1ubuntu1~22.04.3 [1069 kB]
Get:608 http://archive.ubuntu.com/ubuntu jammy-updates/main amd64 libtsan0 amd64 11.4.0-1ubuntu1~22.04.3 [2260 kB]
Get:609 http://archive.ubuntu.com/ubuntu jammy-updates/main amd64 libubsan1 amd64 12.3.0-1ubuntu1~22.04.3 [976 kB]
Get:610 http://archive.ubuntu.com/ubuntu jammy-updates/main amd64 libgcc-11-dev amd64 11.4.0-1ubuntu1~22.04.3 [2517 kB]
Get:611 http://archive.ubuntu.com/ubuntu jammy-updates/main amd64 gcc-11 amd64 11.4.0-1ubuntu1~22.04.3 [20.1 MB]
Get:612 http://archive.ubuntu.com/ubuntu jammy/main amd64 gcc amd64 4:11.2.0-1ubuntu1 [5112 B]
Get:613 http://archive.ubuntu.com/ubuntu jammy-updates/main amd64 libgfortran-11-dev amd64 11.4.0-1ubuntu1~22.04.3 [842 kB]
Get:614 http://archive.ubuntu.com/ubuntu jammy-updates/main amd64 gfortran-11 amd64 11.4.0-1ubuntu1~22.04.3 [11.2 MB]
Get:615 http://archive.ubuntu.com/ubuntu jammy/main amd64 gfortran amd64 4:11.2.0-1ubuntu1 [1182 B]
Get:616 http://archive.ubuntu.com/ubuntu jammy-updates/main amd64 libgs9-common all 9.55.0~dfsg1-0ubuntu5.14 [753 kB]
Get:617 http://archive.ubuntu.com/ubuntu jammy-updates/main amd64 libavahi-common-data amd64 0.8-5ubuntu5.5 [24.0 kB]
Get:618 http://archive.ubuntu.com/ubuntu jammy-updates/main amd64 libavahi-common3 amd64 0.8-5ubuntu5.5 [23.9 kB]
Get:619 http://archive.ubuntu.com/ubuntu jammy-updates/main amd64 libavahi-client3 amd64 0.8-5ubuntu5.5 [28.1 kB]
Get:620 http://archive.ubuntu.com/ubuntu jammy-updates/main amd64 libcups2 amd64 2.4.1op1-1ubuntu4.21 [266 kB]
Get:621 http://archive.ubuntu.com/ubuntu jammy-updates/main amd64 libidn12 amd64 1.38-4ubuntu1.1 [60.5 kB]
Get:622 http://archive.ubuntu.com/ubuntu jammy/main amd64 libijs-0.35 amd64 0.35-15build2 [16.5 kB]
Get:623 http://archive.ubuntu.com/ubuntu jammy-updates/main amd64 libjbig2dec0 amd64 0.19-3ubuntu0.1 [64.8 kB]
Get:624 http://archive.ubuntu.com/ubuntu jammy/main amd64 libpaper1 amd64 1.1.28build2 [13.8 kB]
Get:625 http://archive.ubuntu.com/ubuntu jammy-updates/main amd64 libgs9 amd64 9.55.0~dfsg1-0ubuntu5.14 [5031 kB]
Get:626 http://archive.ubuntu.com/ubuntu jammy-updates/main amd64 ghostscript amd64 9.55.0~dfsg1-0ubuntu5.14 [49.4 kB]
Get:627 http://archive.ubuntu.com/ubuntu jammy/main amd64 liberror-perl all 0.17029-1 [26.5 kB]
Get:628 http://archive.ubuntu.com/ubuntu jammy-updates/main amd64 git-man all 1:2.34.1-1ubuntu1.17 [954 kB]
Get:629 http://archive.ubuntu.com/ubuntu jammy-updates/main amd64 git amd64 1:2.34.1-1ubuntu1.17 [3174 kB]
Get:630 http://archive.ubuntu.com/ubuntu jammy/universe amd64 libann0 amd64 1.1.2+doc-7build1 [26.0 kB]
Get:631 http://archive.ubuntu.com/ubuntu jammy-updates/universe amd64 libgvpr2 amd64 2.42.2-6ubuntu0.1 [192 kB]
Get:632 http://archive.ubuntu.com/ubuntu jammy-updates/universe amd64 liblab-gamut1 amd64 2.42.2-6ubuntu0.1 [1965 kB]
Get:633 http://archive.ubuntu.com/ubuntu jammy-updates/universe amd64 graphviz amd64 2.42.2-6ubuntu0.1 [653 kB]
Get:634 http://archive.ubuntu.com/ubuntu jammy/universe amd64 gsfonts all 1:8.11+urwcyr1.0.7~pre44-4.5 [3120 kB]
Get:635 http://archive.ubuntu.com/ubuntu jammy/main amd64 libcdparanoia0 amd64 3.10.2+debian-14build2 [49.3 kB]
Get:636 http://archive.ubuntu.com/ubuntu jammy-updates/main amd64 libdw1 amd64 0.186-1ubuntu0.1 [251 kB]
Get:637 http://archive.ubuntu.com/ubuntu jammy-updates/main amd64 libunwind8 amd64 1.3.2-2build2.1 [54.5 kB]
Get:638 http://archive.ubuntu.com/ubuntu jammy-updates/main amd64 libgstreamer1.0-0 amd64 1.20.3-0ubuntu1.1 [984 kB]
Get:639 http://archive.ubuntu.com/ubuntu jammy-updates/main amd64 liborc-0.4-0 amd64 1:0.4.32-2ubuntu0.1 [228 kB]
Get:640 http://archive.ubuntu.com/ubuntu jammy-updates/main amd64 libgstreamer-plugins-base1.0-0 amd64 1.20.1-1ubuntu0.7 [848 kB]
Get:641 http://archive.ubuntu.com/ubuntu jammy/main amd64 libvisual-0.4-0 amd64 0.4.0-17build2 [108 kB]
Get:642 http://archive.ubuntu.com/ubuntu jammy-updates/main amd64 gstreamer1.0-plugins-base amd64 1.20.1-1ubuntu0.7 [712 kB]
Get:643 http://archive.ubuntu.com/ubuntu jammy/universe amd64 hdf5-helpers amd64 1.10.7+repack-4ubuntu2 [14.2 kB]
Get:644 http://archive.ubuntu.com/ubuntu jammy/main amd64 libnl-3-200 amd64 3.5.0-0.1 [59.1 kB]
Get:645 http://archive.ubuntu.com/ubuntu jammy/main amd64 libnl-route-3-200 amd64 3.5.0-0.1 [180 kB]
Get:646 http://archive.ubuntu.com/ubuntu jammy/main amd64 libibverbs1 amd64 39.0-1 [69.3 kB]
Get:647 http://archive.ubuntu.com/ubuntu jammy/main amd64 ibverbs-providers amd64 39.0-1 [341 kB]
Get:648 http://archive.ubuntu.com/ubuntu jammy/main amd64 icu-devtools amd64 70.1-2 [197 kB]
Get:649 http://archive.ubuntu.com/ubuntu jammy/universe amd64 libigdgmm12 amd64 22.1.2+ds1-1 [139 kB]
Get:650 http://archive.ubuntu.com/ubuntu jammy-updates/universe amd64 intel-media-va-driver amd64 22.3.1+dfsg1-1ubuntu2 [2283 kB]
Get:651 http://archive.ubuntu.com/ubuntu jammy/main amd64 javascript-common all 11+nmu1 [5936 B]
Get:652 http://archive.ubuntu.com/ubuntu jammy-updates/main amd64 libgssrpc4 amd64 1.19.2-2ubuntu0.10 [58.7 kB]
Get:653 http://archive.ubuntu.com/ubuntu jammy-updates/main amd64 libkdb5-10 amd64 1.19.2-2ubuntu0.10 [40.5 kB]
Get:654 http://archive.ubuntu.com/ubuntu jammy-updates/main amd64 libkadm5srv-mit12 amd64 1.19.2-2ubuntu0.10 [54.7 kB]
Get:655 http://archive.ubuntu.com/ubuntu jammy-updates/main amd64 libkadm5clnt-mit12 amd64 1.19.2-2ubuntu0.10 [41.9 kB]
Get:656 http://archive.ubuntu.com/ubuntu jammy-updates/main amd64 comerr-dev amd64 2.1-1.46.5-2ubuntu1.2 [41.0 kB]
Get:657 http://archive.ubuntu.com/ubuntu jammy-updates/main amd64 krb5-multidev amd64 1.19.2-2ubuntu0.10 [125 kB]
Get:658 http://archive.ubuntu.com/ubuntu jammy/universe amd64 libaacs0 amd64 0.11.1-1 [64.1 kB]
Get:659 http://archive.ubuntu.com/ubuntu jammy/main amd64 libsuitesparseconfig5 amd64 1:5.10.1+dfsg-4build1 [10.4 kB]
Get:660 http://archive.ubuntu.com/ubuntu jammy/universe amd64 libamd2 amd64 1:5.10.1+dfsg-4build1 [21.6 kB]
Get:661 http://archive.ubuntu.com/ubuntu jammy-updates/universe amd64 libaom-dev amd64 3.3.0-1ubuntu0.1 [2093 kB]
Get:662 http://archive.ubuntu.com/ubuntu jammy/main amd64 libblas-dev amd64 3.10.0-2ubuntu1 [164 kB]
Get:663 http://archive.ubuntu.com/ubuntu jammy/main amd64 liblapack-dev amd64 3.10.0-2ubuntu1 [4774 kB]
Get:664 http://archive.ubuntu.com/ubuntu jammy/universe amd64 libarpack2-dev amd64 3.8.0-1 [105 kB]
Get:665 http://archive.ubuntu.com/ubuntu jammy/universe amd64 libhdf5-fortran-102 amd64 1.10.7+repack-4ubuntu2 [90.9 kB]
Get:666 http://archive.ubuntu.com/ubuntu jammy/universe amd64 libhdf5-hl-fortran-100 amd64 1.10.7+repack-4ubuntu2 [33.8 kB]
Get:667 http://archive.ubuntu.com/ubuntu jammy/universe amd64 libhdf5-cpp-103-1 amd64 1.10.7+repack-4ubuntu2 [129 kB]
Get:668 http://archive.ubuntu.com/ubuntu jammy/universe amd64 libhdf5-hl-cpp-100 amd64 1.10.7+repack-4ubuntu2 [10.6 kB]
Get:669 http://archive.ubuntu.com/ubuntu jammy/main amd64 libjpeg-turbo8-dev amd64 2.1.2-0ubuntu1 [257 kB]
Get:670 http://archive.ubuntu.com/ubuntu jammy/main amd64 libjpeg8-dev amd64 8c-2ubuntu10 [1476 B]
Get:671 http://archive.ubuntu.com/ubuntu jammy/main amd64 libjpeg-dev amd64 8c-2ubuntu10 [1472 B]
Get:672 http://archive.ubuntu.com/ubuntu jammy/universe amd64 libaec-dev amd64 1.0.6-1 [17.9 kB]
Get:673 http://archive.ubuntu.com/ubuntu jammy-updates/main amd64 libcurl4-openssl-dev amd64 7.81.0-1ubuntu1.29 [387 kB]
Get:674 http://archive.ubuntu.com/ubuntu jammy/universe amd64 libhdf5-dev amd64 1.10.7+repack-4ubuntu2 [2684 kB]
Get:675 http://archive.ubuntu.com/ubuntu jammy/universe amd64 libsuperlu-dev amd64 5.3.0+dfsg1-2 [20.0 kB]
Get:676 http://archive.ubuntu.com/ubuntu jammy/universe amd64 libarmadillo-dev amd64 1:10.8.2+dfsg-1 [399 kB]
Get:677 http://archive.ubuntu.com/ubuntu jammy/main amd64 libatk1.0-data all 2.36.0-3build1 [2824 B]
Get:678 http://archive.ubuntu.com/ubuntu jammy/main amd64 libatk1.0-0 amd64 2.36.0-3build1 [51.9 kB]
Get:679 http://archive.ubuntu.com/ubuntu jammy/main amd64 libatk-bridge2.0-0 amd64 2.38.0-3 [66.6 kB]
Get:680 http://archive.ubuntu.com/ubuntu jammy-updates/universe amd64 libavutil-dev amd64 7:4.4.2-0ubuntu0.22.04.1 [427 kB]
Get:681 http://archive.ubuntu.com/ubuntu jammy-updates/universe amd64 libswresample-dev amd64 7:4.4.2-0ubuntu0.22.04.1 [78.0 kB]
Get:682 http://archive.ubuntu.com/ubuntu jammy-updates/universe amd64 libavcodec-dev amd64 7:4.4.2-0ubuntu0.22.04.1 [6221 kB]
Get:683 http://archive.ubuntu.com/ubuntu jammy-updates/universe amd64 libavformat-dev amd64 7:4.4.2-0ubuntu0.22.04.1 [1347 kB]
Get:684 http://archive.ubuntu.com/ubuntu jammy-updates/universe amd64 libpostproc-dev amd64 7:4.4.2-0ubuntu0.22.04.1 [60.9 kB]
Get:685 http://archive.ubuntu.com/ubuntu jammy-updates/universe amd64 libswscale-dev amd64 7:4.4.2-0ubuntu0.22.04.1 [206 kB]
Get:686 http://archive.ubuntu.com/ubuntu jammy-updates/universe amd64 libavfilter-dev amd64 7:4.4.2-0ubuntu0.22.04.1 [1732 kB]
Get:687 http://archive.ubuntu.com/ubuntu jammy-updates/universe amd64 libavdevice-dev amd64 7:4.4.2-0ubuntu0.22.04.1 [97.3 kB]
Get:688 http://archive.ubuntu.com/ubuntu jammy/universe amd64 libbdplus0 amd64 0.2.0-1 [52.2 kB]
Get:689 http://archive.ubuntu.com/ubuntu jammy/universe amd64 libbenchmark1 amd64 1.6.1-1 [135 kB]
Get:690 http://archive.ubuntu.com/ubuntu jammy/universe amd64 libbenchmark-dev amd64 1.6.1-1 [98.7 kB]
Get:691 http://archive.ubuntu.com/ubuntu jammy/universe amd64 libblosc-dev amd64 1.21.1+ds2-2 [44.1 kB]
Get:692 http://archive.ubuntu.com/ubuntu jammy-updates/main amd64 libstdc++-11-dev amd64 11.4.0-1ubuntu1~22.04.3 [2101 kB]
Get:693 http://archive.ubuntu.com/ubuntu jammy/main amd64 libboost1.74-dev amd64 1.74.0-14ubuntu3 [9609 kB]
Get:694 http://archive.ubuntu.com/ubuntu jammy/main amd64 libboost-dev amd64 1.74.0.3ubuntu7 [3490 B]
Get:695 http://archive.ubuntu.com/ubuntu jammy/main amd64 libboost1.74-tools-dev amd64 1.74.0-14ubuntu3 [1351 kB]
Get:696 http://archive.ubuntu.com/ubuntu jammy/universe amd64 libboost-tools-dev amd64 1.74.0.3ubuntu7 [3428 B]
Get:697 http://archive.ubuntu.com/ubuntu jammy/main amd64 libboost-atomic1.74.0 amd64 1.74.0-14ubuntu3 [224 kB]
Get:698 http://archive.ubuntu.com/ubuntu jammy/main amd64 libboost-atomic1.74-dev amd64 1.74.0-14ubuntu3 [221 kB]
Get:699 http://archive.ubuntu.com/ubuntu jammy/universe amd64 libboost-atomic-dev amd64 1.74.0.3ubuntu7 [3544 B]
Get:700 http://archive.ubuntu.com/ubuntu jammy/main amd64 libboost-chrono1.74.0 amd64 1.74.0-14ubuntu3 [232 kB]
Get:701 http://archive.ubuntu.com/ubuntu jammy/main amd64 libboost-chrono1.74-dev amd64 1.74.0-14ubuntu3 [239 kB]
Get:702 http://archive.ubuntu.com/ubuntu jammy/universe amd64 libboost-chrono-dev amd64 1.74.0.3ubuntu7 [3854 B]
Get:703 http://archive.ubuntu.com/ubuntu jammy/universe amd64 libboost-container1.74.0 amd64 1.74.0-14ubuntu3 [246 kB]
Get:704 http://archive.ubuntu.com/ubuntu jammy/universe amd64 libboost-container1.74-dev amd64 1.74.0-14ubuntu3 [254 kB]
Get:705 http://archive.ubuntu.com/ubuntu jammy/universe amd64 libboost-container-dev amd64 1.74.0.3ubuntu7 [3712 B]
Get:706 http://archive.ubuntu.com/ubuntu jammy/main amd64 libboost-date-time1.74.0 amd64 1.74.0-14ubuntu3 [221 kB]
Get:707 http://archive.ubuntu.com/ubuntu jammy/main amd64 libboost-serialization1.74.0 amd64 1.74.0-14ubuntu3 [327 kB]
Get:708 http://archive.ubuntu.com/ubuntu jammy/main amd64 libboost-serialization1.74-dev amd64 1.74.0-14ubuntu3 [375 kB]
Get:709 http://archive.ubuntu.com/ubuntu jammy/main amd64 libboost-date-time1.74-dev amd64 1.74.0-14ubuntu3 [226 kB]
Get:710 http://archive.ubuntu.com/ubuntu jammy/main amd64 libboost-system1.74.0 amd64 1.74.0-14ubuntu3 [221 kB]
Get:711 http://archive.ubuntu.com/ubuntu jammy/main amd64 libboost-system1.74-dev amd64 1.74.0-14ubuntu3 [218 kB]
Get:712 http://archive.ubuntu.com/ubuntu jammy/main amd64 libboost-thread1.74-dev amd64 1.74.0-14ubuntu3 [272 kB]
Get:713 http://archive.ubuntu.com/ubuntu jammy/main amd64 libboost-context1.74.0 amd64 1.74.0-14ubuntu3 [223 kB]
Get:714 http://archive.ubuntu.com/ubuntu jammy/universe amd64 libboost-context1.74-dev amd64 1.74.0-14ubuntu3 [220 kB]
Get:715 http://archive.ubuntu.com/ubuntu jammy/universe amd64 libboost-context-dev amd64 1.74.0.3ubuntu7 [3456 B]
Get:716 http://archive.ubuntu.com/ubuntu jammy/universe amd64 libboost-coroutine1.74.0 amd64 1.74.0-14ubuntu3 [235 kB]
Get:717 http://archive.ubuntu.com/ubuntu jammy/universe amd64 libboost-coroutine1.74-dev amd64 1.74.0-14ubuntu3 [244 kB]
Get:718 http://archive.ubuntu.com/ubuntu jammy/universe amd64 libboost-coroutine-dev amd64 1.74.0.3ubuntu7 [3520 B]
Get:719 http://archive.ubuntu.com/ubuntu jammy/universe amd64 libboost-date-time-dev amd64 1.74.0.3ubuntu7 [3248 B]
Get:720 http://archive.ubuntu.com/ubuntu jammy/universe amd64 libboost-exception1.74-dev amd64 1.74.0-14ubuntu3 [217 kB]
Get:721 http://archive.ubuntu.com/ubuntu jammy/universe amd64 libboost-exception-dev amd64 1.74.0.3ubuntu7 [3250 B]
Get:722 http://archive.ubuntu.com/ubuntu jammy/main amd64 libboost-filesystem1.74-dev amd64 1.74.0-14ubuntu3 [287 kB]
Get:723 http://archive.ubuntu.com/ubuntu jammy/universe amd64 libboost-fiber1.74.0 amd64 1.74.0-14ubuntu3 [242 kB]
Get:724 http://archive.ubuntu.com/ubuntu jammy/universe amd64 libboost-fiber1.74-dev amd64 1.74.0-14ubuntu3 [254 kB]
Get:725 http://archive.ubuntu.com/ubuntu jammy/universe amd64 libboost-fiber-dev amd64 1.74.0.3ubuntu7 [3674 B]
Get:726 http://archive.ubuntu.com/ubuntu jammy/main amd64 libboost-filesystem-dev amd64 1.74.0.3ubuntu7 [3280 B]
Get:727 http://archive.ubuntu.com/ubuntu jammy/universe amd64 libboost-graph1.74.0 amd64 1.74.0-14ubuntu3 [304 kB]
Get:728 http://archive.ubuntu.com/ubuntu jammy/main amd64 libicu-dev amd64 70.1-2 [11.6 MB]
Get:729 http://archive.ubuntu.com/ubuntu jammy/main amd64 libboost-regex1.74-dev amd64 1.74.0-14ubuntu3 [596 kB]
Get:730 http://archive.ubuntu.com/ubuntu jammy/universe amd64 libboost-test1.74.0 amd64 1.74.0-14ubuntu3 [446 kB]
Get:731 http://archive.ubuntu.com/ubuntu jammy/universe amd64 libboost-test1.74-dev amd64 1.74.0-14ubuntu3 [564 kB]
Get:732 http://archive.ubuntu.com/ubuntu jammy/universe amd64 libboost-graph1.74-dev amd64 1.74.0-14ubuntu3 [335 kB]
Get:733 http://archive.ubuntu.com/ubuntu jammy/universe amd64 libboost-graph-dev amd64 1.74.0.3ubuntu7 [3348 B]
Get:734 http://archive.ubuntu.com/ubuntu jammy-updates/main amd64 libevent-core-2.1-7 amd64 2.1.12-stable-1ubuntu0.2 [94.8 kB]
Get:735 http://archive.ubuntu.com/ubuntu jammy-updates/main amd64 libevent-pthreads-2.1-7 amd64 2.1.12-stable-1ubuntu0.2 [7644 B]
Get:736 http://archive.ubuntu.com/ubuntu jammy/universe amd64 libpsm-infinipath1 amd64 3.3+20.604758e7-6.1 [170 kB]
Get:737 http://archive.ubuntu.com/ubuntu jammy/universe amd64 libpsm2-2 amd64 11.2.185-1 [182 kB]
Get:738 http://archive.ubuntu.com/ubuntu jammy/main amd64 librdmacm1 amd64 39.0-1 [71.2 kB]
Get:739 http://archive.ubuntu.com/ubuntu jammy/universe amd64 libfabric1 amd64 1.11.0-3 [558 kB]
Get:740 http://archive.ubuntu.com/ubuntu jammy-updates/universe amd64 libhwloc15 amd64 2.7.0-2ubuntu1 [159 kB]
Get:741 http://archive.ubuntu.com/ubuntu jammy-updates/main amd64 libxnvctrl0 amd64 510.47.03-0ubuntu1.22.04.1 [11.4 kB]
Get:742 http://archive.ubuntu.com/ubuntu jammy-updates/universe amd64 libhwloc-plugins amd64 2.7.0-2ubuntu1 [15.6 kB]
Get:743 http://archive.ubuntu.com/ubuntu jammy/universe amd64 libpmix2 amd64 4.1.2-2ubuntu1 [604 kB]
Get:744 http://archive.ubuntu.com/ubuntu jammy/universe amd64 libucx0 amd64 1.12.1~rc2-1 [891 kB]
Get:745 http://archive.ubuntu.com/ubuntu jammy/universe amd64 libopenmpi3 amd64 4.1.2-2ubuntu1 [2594 kB]
Get:746 http://archive.ubuntu.com/ubuntu jammy/universe amd64 libboost-mpi1.74.0 amd64 1.74.0-14ubuntu3 [259 kB]
Get:747 http://archive.ubuntu.com/ubuntu jammy/universe amd64 libboost-graph-parallel1.74.0 amd64 1.74.0-14ubuntu3 [266 kB]
Get:748 http://archive.ubuntu.com/ubuntu jammy/universe amd64 libboost-graph-parallel1.74-dev amd64 1.74.0-14ubuntu3 [277 kB]
Get:749 http://archive.ubuntu.com/ubuntu jammy/universe amd64 libboost-graph-parallel-dev amd64 1.74.0.3ubuntu7 [3384 B]
Get:750 http://archive.ubuntu.com/ubuntu jammy/universe amd64 libboost-iostreams1.74-dev amd64 1.74.0-14ubuntu3 [252 kB]
Get:751 http://archive.ubuntu.com/ubuntu jammy/universe amd64 libboost-iostreams-dev amd64 1.74.0.3ubuntu7 [3238 B]
Get:752 http://archive.ubuntu.com/ubuntu jammy/main amd64 libboost-locale1.74.0 amd64 1.74.0-14ubuntu3 [413 kB]
Get:753 http://archive.ubuntu.com/ubuntu jammy/universe amd64 libboost-locale1.74-dev amd64 1.74.0-14ubuntu3 [594 kB]
Get:754 http://archive.ubuntu.com/ubuntu jammy/universe amd64 libboost-locale-dev amd64 1.74.0.3ubuntu7 [3572 B]
Get:755 http://archive.ubuntu.com/ubuntu jammy/universe amd64 libboost-log1.74.0 amd64 1.74.0-14ubuntu3 [592 kB]
Get:756 http://archive.ubuntu.com/ubuntu jammy/universe amd64 libboost-log1.74-dev amd64 1.74.0-14ubuntu3 [853 kB]
Get:757 http://archive.ubuntu.com/ubuntu jammy/universe amd64 libboost-log-dev amd64 1.74.0.3ubuntu7 [3446 B]
Get:758 http://archive.ubuntu.com/ubuntu jammy/universe amd64 libboost-math1.74.0 amd64 1.74.0-14ubuntu3 [423 kB]
Get:759 http://archive.ubuntu.com/ubuntu jammy/universe amd64 libboost-math1.74-dev amd64 1.74.0-14ubuntu3 [620 kB]
Get:760 http://archive.ubuntu.com/ubuntu jammy/universe amd64 libboost-math-dev amd64 1.74.0.3ubuntu7 [3454 B]
Get:761 http://archive.ubuntu.com/ubuntu jammy/universe amd64 openmpi-common all 4.1.2-2ubuntu1 [162 kB]
Get:762 http://archive.ubuntu.com/ubuntu jammy/main amd64 libnl-3-dev amd64 3.5.0-0.1 [101 kB]
Get:763 http://archive.ubuntu.com/ubuntu jammy/main amd64 libnl-route-3-dev amd64 3.5.0-0.1 [202 kB]
Get:764 http://archive.ubuntu.com/ubuntu jammy/main amd64 libibverbs-dev amd64 39.0-1 [628 kB]
Get:765 http://archive.ubuntu.com/ubuntu jammy/main amd64 libnuma-dev amd64 2.0.14-3ubuntu2 [35.9 kB]
Get:766 http://archive.ubuntu.com/ubuntu jammy/main amd64 libltdl-dev amd64 2.4.6-15build2 [169 kB]
Get:767 http://archive.ubuntu.com/ubuntu jammy-updates/universe amd64 libhwloc-dev amd64 2.7.0-2ubuntu1 [256 kB]
Get:768 http://archive.ubuntu.com/ubuntu jammy-updates/main amd64 libevent-2.1-7 amd64 2.1.12-stable-1ubuntu0.2 [149 kB]
Get:769 http://archive.ubuntu.com/ubuntu jammy-updates/main amd64 libevent-extra-2.1-7 amd64 2.1.12-stable-1ubuntu0.2 [65.7 kB]
Get:770 http://archive.ubuntu.com/ubuntu jammy-updates/main amd64 libevent-openssl-2.1-7 amd64 2.1.12-stable-1ubuntu0.2 [15.7 kB]
Get:771 http://archive.ubuntu.com/ubuntu jammy-updates/main amd64 libevent-dev amd64 2.1.12-stable-1ubuntu0.2 [279 kB]
Get:772 http://archive.ubuntu.com/ubuntu jammy/universe amd64 libpmix-dev amd64 4.1.2-2ubuntu1 [805 kB]
Get:773 http://archive.ubuntu.com/ubuntu jammy/universe amd64 libjs-jquery-ui all 1.13.1+dfsg-1 [253 kB]
Get:774 http://archive.ubuntu.com/ubuntu jammy/universe amd64 openmpi-bin amd64 4.1.2-2ubuntu1 [116 kB]
Get:775 http://archive.ubuntu.com/ubuntu jammy/universe amd64 libopenmpi-dev amd64 4.1.2-2ubuntu1 [867 kB]
Get:776 http://archive.ubuntu.com/ubuntu jammy/universe amd64 mpi-default-dev amd64 1.14 [3698 B]
Get:777 http://archive.ubuntu.com/ubuntu jammy/universe amd64 libboost-mpi1.74-dev amd64 1.74.0-14ubuntu3 [285 kB]
Get:778 http://archive.ubuntu.com/ubuntu jammy/universe amd64 libboost-mpi-dev amd64 1.74.0.3ubuntu7 [3328 B]
Get:779 http://archive.ubuntu.com/ubuntu jammy/main amd64 libboost-python1.74.0 amd64 1.74.0-14ubuntu3 [299 kB]
Get:780 http://archive.ubuntu.com/ubuntu jammy/universe amd64 mpi-default-bin amd64 1.14 [2898 B]
Get:781 http://archive.ubuntu.com/ubuntu jammy/universe amd64 libboost-mpi-python1.74.0 amd64 1.74.0-14ubuntu3 [351 kB]
Get:782 http://archive.ubuntu.com/ubuntu jammy/universe amd64 libboost-mpi-python1.74-dev amd64 1.74.0-14ubuntu3 [225 kB]
Get:783 http://archive.ubuntu.com/ubuntu jammy/universe amd64 libboost-mpi-python-dev amd64 1.74.0.3ubuntu7 [3382 B]
Get:784 http://archive.ubuntu.com/ubuntu jammy/universe amd64 libboost-numpy1.74.0 amd64 1.74.0-14ubuntu3 [229 kB]
Get:785 http://archive.ubuntu.com/ubuntu jammy/universe amd64 libboost-numpy1.74-dev amd64 1.74.0-14ubuntu3 [233 kB]
Get:786 http://archive.ubuntu.com/ubuntu jammy/universe amd64 libboost-numpy-dev amd64 1.74.0.3ubuntu7 [3286 B]
Get:787 http://archive.ubuntu.com/ubuntu jammy/main amd64 libboost-program-options1.74-dev amd64 1.74.0-14ubuntu3 [380 kB]
Get:788 http://archive.ubuntu.com/ubuntu jammy/main amd64 libboost-program-options-dev amd64 1.74.0.3ubuntu7 [3266 B]
Get:789 http://archive.ubuntu.com/ubuntu jammy/universe amd64 libboost-python1.74-dev amd64 1.74.0-14ubuntu3 [323 kB]
Get:790 http://archive.ubuntu.com/ubuntu jammy/universe amd64 libboost-python-dev amd64 1.74.0.3ubuntu7 [3538 B]
Get:791 http://archive.ubuntu.com/ubuntu jammy/universe amd64 libboost-random1.74.0 amd64 1.74.0-14ubuntu3 [231 kB]
Get:792 http://archive.ubuntu.com/ubuntu jammy/universe amd64 libboost-random1.74-dev amd64 1.74.0-14ubuntu3 [231 kB]
Get:793 http://archive.ubuntu.com/ubuntu jammy/universe amd64 libboost-random-dev amd64 1.74.0.3ubuntu7 [3258 B]
Get:794 http://archive.ubuntu.com/ubuntu jammy/main amd64 libboost-regex-dev amd64 1.74.0.3ubuntu7 [3510 B]
Get:795 http://archive.ubuntu.com/ubuntu jammy/universe amd64 libboost-serialization-dev amd64 1.74.0.3ubuntu7 [3468 B]
Get:796 http://archive.ubuntu.com/ubuntu jammy/universe amd64 libboost-stacktrace1.74.0 amd64 1.74.0-14ubuntu3 [267 kB]
Get:797 http://archive.ubuntu.com/ubuntu jammy/universe amd64 libboost-stacktrace1.74-dev amd64 1.74.0-14ubuntu3 [232 kB]
Get:798 http://archive.ubuntu.com/ubuntu jammy/universe amd64 libboost-stacktrace-dev amd64 1.74.0.3ubuntu7 [3260 B]
Get:799 http://archive.ubuntu.com/ubuntu jammy/main amd64 libboost-system-dev amd64 1.74.0.3ubuntu7 [3390 B]
Get:800 http://archive.ubuntu.com/ubuntu jammy/universe amd64 libboost-test-dev amd64 1.74.0.3ubuntu7 [3274 B]
Get:801 http://archive.ubuntu.com/ubuntu jammy/main amd64 libboost-thread-dev amd64 1.74.0.3ubuntu7 [3266 B]
Get:802 http://archive.ubuntu.com/ubuntu jammy/universe amd64 libboost-timer1.74.0 amd64 1.74.0-14ubuntu3 [228 kB]
Get:803 http://archive.ubuntu.com/ubuntu jammy/universe amd64 libboost-timer1.74-dev amd64 1.74.0-14ubuntu3 [231 kB]
Get:804 http://archive.ubuntu.com/ubuntu jammy/universe amd64 libboost-timer-dev amd64 1.74.0.3ubuntu7 [3380 B]
Get:805 http://archive.ubuntu.com/ubuntu jammy/universe amd64 libboost-type-erasure1.74.0 amd64 1.74.0-14ubuntu3 [234 kB]
Get:806 http://archive.ubuntu.com/ubuntu jammy/universe amd64 libboost-type-erasure1.74-dev amd64 1.74.0-14ubuntu3 [239 kB]
Get:807 http://archive.ubuntu.com/ubuntu jammy/universe amd64 libboost-type-erasure-dev amd64 1.74.0.3ubuntu7 [3344 B]
Get:808 http://archive.ubuntu.com/ubuntu jammy/universe amd64 libboost-wave1.74.0 amd64 1.74.0-14ubuntu3 [449 kB]
Get:809 http://archive.ubuntu.com/ubuntu jammy/universe amd64 libboost-wave1.74-dev amd64 1.74.0-14ubuntu3 [496 kB]
Get:810 http://archive.ubuntu.com/ubuntu jammy/universe amd64 libboost-wave-dev amd64 1.74.0.3ubuntu7 [3292 B]
Get:811 http://archive.ubuntu.com/ubuntu jammy/universe amd64 libboost-nowide1.74.0 amd64 1.74.0-14ubuntu3 [223 kB]
Get:812 http://archive.ubuntu.com/ubuntu jammy/universe amd64 libboost-nowide1.74-dev amd64 1.74.0-14ubuntu3 [220 kB]
Get:813 http://archive.ubuntu.com/ubuntu jammy/universe amd64 libboost-nowide-dev amd64 1.74.0.3ubuntu7 [3322 B]
Get:814 http://archive.ubuntu.com/ubuntu jammy/universe amd64 libboost-all-dev amd64 1.74.0.3ubuntu7 [2268 B]
Get:815 http://archive.ubuntu.com/ubuntu jammy/main amd64 libbrotli-dev amd64 1.0.9-2build6 [337 kB]
Get:816 http://archive.ubuntu.com/ubuntu jammy/main amd64 libmd-dev amd64 1.0.4-1build1 [40.0 kB]
Get:817 http://archive.ubuntu.com/ubuntu jammy/main amd64 libbsd-dev amd64 0.11.5-1 [168 kB]
Get:818 http://archive.ubuntu.com/ubuntu jammy/universe amd64 libbtf1 amd64 1:5.10.1+dfsg-4build1 [12.1 kB]
Get:819 http://archive.ubuntu.com/ubuntu jammy-updates/main amd64 libbz2-dev amd64 1.0.8-5ubuntu0.1 [32.5 kB]
Get:820 http://archive.ubuntu.com/ubuntu jammy/universe amd64 libcaf-openmpi-3 amd64 2.9.2-3 [36.5 kB]
Get:821 http://archive.ubuntu.com/ubuntu jammy/universe amd64 libcamd2 amd64 1:5.10.1+dfsg-4build1 [23.3 kB]
Get:822 http://archive.ubuntu.com/ubuntu jammy-updates/main amd64 libcap-dev amd64 1:2.44-1ubuntu0.22.04.3 [39.7 kB]
Get:823 http://archive.ubuntu.com/ubuntu jammy/universe amd64 libccolamd2 amd64 1:5.10.1+dfsg-4build1 [25.2 kB]
Get:824 http://archive.ubuntu.com/ubuntu jammy/main amd64 libcolamd2 amd64 1:5.10.1+dfsg-4build1 [18.0 kB]
Get:825 http://archive.ubuntu.com/ubuntu jammy/universe amd64 libmetis5 amd64 5.1.0.dfsg-7build2 [181 kB]
Get:826 http://archive.ubuntu.com/ubuntu jammy/universe amd64 libcholmod3 amd64 1:5.10.1+dfsg-4build1 [346 kB]
Get:827 http://archive.ubuntu.com/ubuntu jammy/universe amd64 libcxsparse3 amd64 1:5.10.1+dfsg-4build1 [70.8 kB]
Get:828 http://archive.ubuntu.com/ubuntu jammy/universe amd64 libgflags2.2 amd64 2.2.2-2 [78.1 kB]
Get:829 http://archive.ubuntu.com/ubuntu jammy/universe amd64 libgoogle-glog0v5 amd64 0.5.0+really0.4.0-2 [60.3 kB]
Get:830 http://archive.ubuntu.com/ubuntu jammy/universe amd64 libspqr2 amd64 1:5.10.1+dfsg-4build1 [71.6 kB]
Get:831 http://archive.ubuntu.com/ubuntu jammy/universe amd64 libceres2 amd64 2.0.0+dfsg1-5 [834 kB]
Get:832 http://archive.ubuntu.com/ubuntu jammy/universe amd64 libgflags-dev amd64 2.2.2-2 [93.7 kB]
Get:833 http://archive.ubuntu.com/ubuntu jammy-updates/main amd64 liblzma-dev amd64 5.2.5-2ubuntu1.1 [159 kB]
Get:834 http://archive.ubuntu.com/ubuntu jammy-updates/main amd64 libunwind-dev amd64 1.3.2-2build2.1 [1883 kB]
Get:835 http://archive.ubuntu.com/ubuntu jammy/universe amd64 libgoogle-glog-dev amd64 0.5.0+really0.4.0-2 [91.9 kB]
Get:836 http://archive.ubuntu.com/ubuntu jammy-updates/main amd64 libdpkg-perl all 1.21.1ubuntu2.6 [237 kB]
Get:837 http://archive.ubuntu.com/ubuntu jammy/main amd64 pkg-config amd64 0.29.2-1ubuntu3 [48.2 kB]
Get:838 http://archive.ubuntu.com/ubuntu jammy/universe amd64 libeigen3-dev all 3.4.0-2ubuntu2 [1056 kB]
Get:839 http://archive.ubuntu.com/ubuntu jammy/universe amd64 libklu1 amd64 1:5.10.1+dfsg-4build1 [77.6 kB]
Get:840 http://archive.ubuntu.com/ubuntu jammy/universe amd64 libldl2 amd64 1:5.10.1+dfsg-4build1 [11.7 kB]
Get:841 http://archive.ubuntu.com/ubuntu jammy/universe amd64 libmongoose2 amd64 1:5.10.1+dfsg-4build1 [33.5 kB]
Get:842 http://archive.ubuntu.com/ubuntu jammy/universe amd64 libumfpack5 amd64 1:5.10.1+dfsg-4build1 [250 kB]
Get:843 http://archive.ubuntu.com/ubuntu jammy/universe amd64 librbio2 amd64 1:5.10.1+dfsg-4build1 [26.6 kB]
Get:844 http://archive.ubuntu.com/ubuntu jammy/universe amd64 libsliplu1 amd64 1:5.10.1+dfsg-4build1 [37.1 kB]
Get:845 http://archive.ubuntu.com/ubuntu jammy/universe amd64 libsuitesparse-dev amd64 1:5.10.1+dfsg-4build1 [1058 kB]
Get:846 http://archive.ubuntu.com/ubuntu jammy/universe amd64 libceres-dev amd64 2.0.0+dfsg1-5 [1177 kB]
Get:847 http://archive.ubuntu.com/ubuntu jammy/universe amd64 libcfitsio-dev amd64 4.0.0-1 [591 kB]
Get:848 http://archive.ubuntu.com/ubuntu jammy/universe amd64 libcfitsio-doc all 4.0.0-1 [2053 kB]
Get:849 http://archive.ubuntu.com/ubuntu jammy/universe amd64 libcharls-dev amd64 2.3.4-1 [22.4 kB]
Get:850 http://archive.ubuntu.com/ubuntu jammy/universe amd64 libcoarrays-dev amd64 2.9.2-3 [40.5 kB]
Get:851 http://archive.ubuntu.com/ubuntu jammy/universe amd64 libcoarrays-openmpi-dev amd64 2.9.2-3 [452 kB]
Get:852 http://archive.ubuntu.com/ubuntu jammy/main amd64 libcolord2 amd64 1.4.6-1 [155 kB]
Get:853 http://archive.ubuntu.com/ubuntu jammy/universe amd64 libdraco-dev amd64 1.5.2+dfsg-2 [1017 kB]
Get:854 http://archive.ubuntu.com/ubuntu jammy/universe amd64 libminizip-dev amd64 1.1-8build1 [26.7 kB]
Get:855 http://archive.ubuntu.com/ubuntu jammy/universe amd64 libassimp-dev amd64 5.2.2~ds0-1 [145 kB]
Get:856 http://archive.ubuntu.com/ubuntu jammy/universe amd64 libccd-dev amd64 2.1-2 [10.5 kB]
Get:857 http://archive.ubuntu.com/ubuntu jammy/universe amd64 liboctomap-dev amd64 1.9.7+dfsg-3 [1164 kB]
Get:858 http://archive.ubuntu.com/ubuntu jammy/universe amd64 libfcl-dev amd64 0.7.0-3 [235 kB]
Get:859 http://archive.ubuntu.com/ubuntu jammy/universe amd64 libbullet-dev amd64 3.06+dfsg-4build2 [392 kB]
Get:860 http://archive.ubuntu.com/ubuntu jammy/universe amd64 libdart-external-odelcpsolver-dev amd64 6.12.1+dfsg4-11build2 [15.2 kB]
Get:861 http://archive.ubuntu.com/ubuntu jammy/universe amd64 libdart-external-convhull-3d-dev amd64 6.12.1+dfsg4-11build2 [13.8 kB]
Get:862 http://archive.ubuntu.com/ubuntu jammy/universe amd64 libdart-dev amd64 6.12.1+dfsg4-11build2 [201 kB]
Get:863 http://archive.ubuntu.com/ubuntu jammy/universe amd64 libdav1d-dev amd64 0.9.2-1 [24.1 kB]
Get:864 http://archive.ubuntu.com/ubuntu jammy/main amd64 libraw1394-dev amd64 2.1.2-2build2 [39.1 kB]
Get:865 http://archive.ubuntu.com/ubuntu jammy/universe amd64 libdc1394-dev amd64 2.2.6-4 [116 kB]
Get:866 http://archive.ubuntu.com/ubuntu jammy-updates/universe amd64 libde265-dev amd64 1.0.8-1ubuntu0.3 [12.3 kB]
Get:867 http://archive.ubuntu.com/ubuntu jammy/main amd64 libdecor-0-plugin-1-cairo amd64 0.1.0-3build1 [20.4 kB]
Get:868 http://archive.ubuntu.com/ubuntu jammy/main amd64 libdeflate-dev amd64 1.10-2 [59.2 kB]
Get:869 http://archive.ubuntu.com/ubuntu jammy-updates/main amd64 libelf-dev amd64 0.186-1ubuntu0.1 [64.4 kB]
Get:870 http://archive.ubuntu.com/ubuntu jammy-updates/main amd64 libdw-dev amd64 0.186-1ubuntu0.1 [327 kB]
Get:871 http://archive.ubuntu.com/ubuntu jammy/main amd64 libepoxy0 amd64 1.5.10-1 [237 kB]
Get:872 http://archive.ubuntu.com/ubuntu jammy-updates/main amd64 libexif12 amd64 0.6.24-1ubuntu0.22.04.1 [92.7 kB]
Get:873 http://archive.ubuntu.com/ubuntu jammy-updates/main amd64 libexif-dev amd64 0.6.24-1ubuntu0.22.04.1 [113 kB]
Get:874 http://archive.ubuntu.com/ubuntu jammy-updates/main amd64 libexif-doc all 0.6.24-1ubuntu0.22.04.1 [317 kB]
Get:875 http://archive.ubuntu.com/ubuntu jammy/universe amd64 libexpected-dev all 1.0.0~dfsg-2 [16.0 kB]
Get:876 http://archive.ubuntu.com/ubuntu jammy/main amd64 libfile-fcntllock-perl amd64 0.22-3build7 [33.9 kB]
Get:877 http://archive.ubuntu.com/ubuntu jammy/universe amd64 libflann1.9 amd64 1.9.1+dfsg-11 [742 kB]
Get:878 http://archive.ubuntu.com/ubuntu jammy/universe amd64 libhdf5-openmpi-103-1 amd64 1.10.7+repack-4ubuntu2 [1344 kB]
Get:879 http://archive.ubuntu.com/ubuntu jammy/universe amd64 libhdf5-openmpi-fortran-102 amd64 1.10.7+repack-4ubuntu2 [90.6 kB]
Get:880 http://archive.ubuntu.com/ubuntu jammy/universe amd64 libhdf5-openmpi-hl-100 amd64 1.10.7+repack-4ubuntu2 [59.2 kB]
Get:881 http://archive.ubuntu.com/ubuntu jammy/universe amd64 libhdf5-openmpi-hl-fortran-100 amd64 1.10.7+repack-4ubuntu2 [33.5 kB]
Get:882 http://archive.ubuntu.com/ubuntu jammy/universe amd64 libhdf5-openmpi-cpp-103-1 amd64 1.10.7+repack-4ubuntu2 [129 kB]
Get:883 http://archive.ubuntu.com/ubuntu jammy/universe amd64 libhdf5-openmpi-hl-cpp-100 amd64 1.10.7+repack-4ubuntu2 [10.7 kB]
Get:884 http://archive.ubuntu.com/ubuntu jammy/universe amd64 libhdf5-openmpi-dev amd64 1.10.7+repack-4ubuntu2 [2750 kB]
Get:885 http://archive.ubuntu.com/ubuntu jammy/universe amd64 libhdf5-mpi-dev amd64 1.10.7+repack-4ubuntu2 [4610 B]
Get:886 http://archive.ubuntu.com/ubuntu jammy/main amd64 liblz4-dev amd64 1.9.3-2build2 [80.7 kB]
Get:887 http://archive.ubuntu.com/ubuntu jammy/universe amd64 libflann-dev amd64 1.9.1+dfsg-11 [798 kB]
Get:888 http://archive.ubuntu.com/ubuntu jammy-updates/main amd64 libpng-dev amd64 1.6.37-3ubuntu0.6 [193 kB]
Get:889 http://archive.ubuntu.com/ubuntu jammy-updates/main amd64 libfreetype-dev amd64 2.11.1+dfsg-1ubuntu0.3 [555 kB]
Get:890 http://archive.ubuntu.com/ubuntu jammy/universe amd64 libfyba-dev amd64 4.1.1-7 [166 kB]
Get:891 http://archive.ubuntu.com/ubuntu jammy/universe amd64 libtbb-dev amd64 2021.5.0-7ubuntu2 [191 kB]
Get:892 http://archive.ubuntu.com/ubuntu jammy-updates/main amd64 libxml2-dev amd64 2.9.13+dfsg-1ubuntu0.13 [805 kB]
Get:893 http://archive.ubuntu.com/ubuntu jammy-updates/universe amd64 libqt5concurrent5 amd64 5.15.3+dfsg-2ubuntu0.2 [36.3 kB]
Get:894 http://archive.ubuntu.com/ubuntu jammy-updates/universe amd64 libqt5printsupport5 amd64 5.15.3+dfsg-2ubuntu0.2 [214 kB]
Get:895 http://archive.ubuntu.com/ubuntu jammy-updates/universe amd64 libqt5sql5 amd64 5.15.3+dfsg-2ubuntu0.2 [123 kB]
Get:896 http://archive.ubuntu.com/ubuntu jammy-updates/universe amd64 libqt5test5 amd64 5.15.3+dfsg-2ubuntu0.2 [152 kB]
Get:897 http://archive.ubuntu.com/ubuntu jammy-updates/universe amd64 libqt5xml5 amd64 5.15.3+dfsg-2ubuntu0.2 [124 kB]
Get:898 http://archive.ubuntu.com/ubuntu jammy/main amd64 libvulkan1 amd64 1.3.204.1-2 [128 kB]
Get:899 http://archive.ubuntu.com/ubuntu jammy/main amd64 libvulkan-dev amd64 1.3.204.1-2 [892 kB]
Get:900 http://archive.ubuntu.com/ubuntu jammy-updates/universe amd64 qt5-qmake-bin amd64 5.15.3+dfsg-2ubuntu0.2 [1126 kB]
Get:901 http://archive.ubuntu.com/ubuntu jammy/universe amd64 qtchooser amd64 66-2build1 [24.7 kB]
Get:902 http://archive.ubuntu.com/ubuntu jammy-updates/universe amd64 qt5-qmake amd64 5.15.3+dfsg-2ubuntu0.2 [208 kB]
Get:903 http://archive.ubuntu.com/ubuntu jammy-updates/universe amd64 qtbase5-dev-tools amd64 5.15.3+dfsg-2ubuntu0.2 [819 kB]
Get:904 http://archive.ubuntu.com/ubuntu jammy-updates/universe amd64 qtbase5-dev amd64 5.15.3+dfsg-2ubuntu0.2 [1135 kB]
Get:905 http://archive.ubuntu.com/ubuntu jammy/universe amd64 libqt5designer5 amd64 5.15.3-1 [2832 kB]
Get:906 http://archive.ubuntu.com/ubuntu jammy/universe amd64 libqwt-qt5-dev amd64 6.1.4-2 [98.7 kB]
Get:907 http://archive.ubuntu.com/ubuntu jammy-updates/main amd64 libprotoc23 amd64 3.12.4-1ubuntu7.22.04.6 [662 kB]
Get:908 http://archive.ubuntu.com/ubuntu jammy-updates/main amd64 libprotobuf-lite23 amd64 3.12.4-1ubuntu7.22.04.6 [209 kB]
Get:909 http://archive.ubuntu.com/ubuntu jammy-updates/main amd64 libprotobuf-dev amd64 3.12.4-1ubuntu7.22.04.6 [1347 kB]
Get:910 http://archive.ubuntu.com/ubuntu jammy-updates/main amd64 libprotoc-dev amd64 3.12.4-1ubuntu7.22.04.6 [999 kB]
Get:911 http://archive.ubuntu.com/ubuntu jammy-updates/universe amd64 libfreeimage-dev amd64 3.18.0+ds2-6ubuntu5.1 [371 kB]
Get:912 http://archive.ubuntu.com/ubuntu jammy/universe amd64 libogre-1.9-dev amd64 1.9.0+dfsg1-12.1ubuntu1 [955 kB]
Get:913 http://archive.ubuntu.com/ubuntu jammy-updates/universe amd64 libtar-dev amd64 1.2.20-8ubuntu0.22.04.1 [37.8 kB]
Get:914 http://archive.ubuntu.com/ubuntu jammy/universe amd64 libfreexl-dev amd64 1.0.6-1 [31.4 kB]
Get:915 http://archive.ubuntu.com/ubuntu jammy/universe amd64 libgeos-dev amd64 3.10.2-1 [46.6 kB]
Get:916 http://archive.ubuntu.com/ubuntu jammy-updates/main amd64 libsqlite3-dev amd64 3.37.2-2ubuntu0.8 [847 kB]
Get:917 http://archive.ubuntu.com/ubuntu jammy-updates/main amd64 libjbig-dev amd64 2.1-3.1ubuntu0.22.04.1 [27.4 kB]
Get:918 http://archive.ubuntu.com/ubuntu jammy-updates/main amd64 libtiffxx5 amd64 4.3.0-6ubuntu0.13 [5742 B]
Get:919 http://archive.ubuntu.com/ubuntu jammy-updates/main amd64 libtiff-dev amd64 4.3.0-6ubuntu0.13 [316 kB]
Get:920 http://archive.ubuntu.com/ubuntu jammy/universe amd64 libproj-dev amd64 8.2.1-1 [1594 kB]
Get:921 http://archive.ubuntu.com/ubuntu jammy/universe amd64 libgeotiff-dev amd64 1.7.0-2build1 [92.4 kB]
Get:922 http://archive.ubuntu.com/ubuntu jammy-updates/main amd64 libgif-dev amd64 5.1.9-2ubuntu0.3 [22.5 kB]
Get:923 http://archive.ubuntu.com/ubuntu jammy/universe amd64 libnetcdf-dev amd64 1:4.8.1-1 [50.3 kB]
Get:924 http://archive.ubuntu.com/ubuntu jammy/universe amd64 libhdf4-alt-dev amd64 4.2.15-4 [406 kB]
Get:925 http://archive.ubuntu.com/ubuntu jammy/universe amd64 libx265-dev amd64 3.5-2 [1374 kB]
Get:926 http://archive.ubuntu.com/ubuntu jammy/universe amd64 libheif-dev amd64 1.12.0-2build1 [26.4 kB]
Get:927 http://archive.ubuntu.com/ubuntu jammy-updates/main amd64 libjson-c-dev amd64 0.15-3~ubuntu1.22.04.2 [60.5 kB]
Get:928 http://archive.ubuntu.com/ubuntu jammy/universe amd64 libkmlconvenience1 amd64 1.3.0-9 [45.1 kB]
Get:929 http://archive.ubuntu.com/ubuntu jammy/universe amd64 libkmlregionator1 amd64 1.3.0-9 [19.9 kB]
Get:930 http://archive.ubuntu.com/ubuntu jammy/universe amd64 libkmlxsd1 amd64 1.3.0-9 [27.3 kB]
Get:931 http://archive.ubuntu.com/ubuntu jammy/universe amd64 liburiparser-dev amd64 0.9.6+dfsg-1 [12.2 kB]
Get:932 http://archive.ubuntu.com/ubuntu jammy/universe amd64 libkml-dev amd64 1.3.0-9 [933 kB]
Get:933 http://archive.ubuntu.com/ubuntu jammy/universe amd64 libogdi-dev amd64 4.1.0+ds-5 [22.1 kB]
Get:934 http://archive.ubuntu.com/ubuntu jammy-updates/main amd64 libopenjp2-7-dev amd64 2.4.0-6ubuntu0.5 [245 kB]
Get:935 http://archive.ubuntu.com/ubuntu jammy-updates/main amd64 libpcre2-32-0 amd64 10.39-3ubuntu0.1 [194 kB]
Get:936 http://archive.ubuntu.com/ubuntu jammy-updates/main amd64 libpcre2-posix3 amd64 10.39-3ubuntu0.1 [6130 B]
Get:937 http://archive.ubuntu.com/ubuntu jammy-updates/main amd64 libpcre2-dev amd64 10.39-3ubuntu0.1 [730 kB]
Get:938 http://archive.ubuntu.com/ubuntu jammy-updates/main amd64 libpoppler-dev amd64 22.02.0-2ubuntu0.13 [5186 B]
Get:939 http://archive.ubuntu.com/ubuntu jammy-updates/main amd64 libpoppler-private-dev amd64 22.02.0-2ubuntu0.13 [198 kB]
Get:940 http://archive.ubuntu.com/ubuntu jammy-updates/main amd64 libpq-dev amd64 14.24-0ubuntu0.22.04.1 [149 kB]
Get:941 http://archive.ubuntu.com/ubuntu jammy/universe amd64 libqhull8.0 amd64 2020.2-4 [193 kB]
Get:942 http://archive.ubuntu.com/ubuntu jammy/universe amd64 libqhullcpp8.0 amd64 2020.2-4 [53.0 kB]
Get:943 http://archive.ubuntu.com/ubuntu jammy/universe amd64 libqhull-dev amd64 2020.2-4 [502 kB]
Get:944 http://archive.ubuntu.com/ubuntu jammy/universe amd64 librttopo-dev amd64 1.1.0-2 [220 kB]
Get:945 http://archive.ubuntu.com/ubuntu jammy/universe amd64 libspatialite-dev amd64 5.0.1-2build2 [2397 kB]
Get:946 http://archive.ubuntu.com/ubuntu jammy-updates/main amd64 libwebpdemux2 amd64 1.2.2-2ubuntu0.22.04.2 [9964 B]
Get:947 http://archive.ubuntu.com/ubuntu jammy-updates/main amd64 libwebp-dev amd64 1.2.2-2ubuntu0.22.04.2 [298 kB]
Get:948 http://archive.ubuntu.com/ubuntu jammy-updates/universe amd64 libxerces-c-dev amd64 3.2.3+debian-3ubuntu0.1 [1820 kB]
Get:949 http://archive.ubuntu.com/ubuntu jammy-updates/main amd64 libodbccr2 amd64 2.3.9-5ubuntu0.1 [16.7 kB]
Get:950 http://archive.ubuntu.com/ubuntu jammy-updates/main amd64 unixodbc-dev amd64 2.3.9-5ubuntu0.1 [248 kB]
Get:951 http://archive.ubuntu.com/ubuntu jammy/universe amd64 libgdal-dev amd64 3.4.1+dfsg-1build4 [10.6 MB]
Get:952 http://archive.ubuntu.com/ubuntu jammy-updates/main amd64 uuid-dev amd64 2.37.2-4ubuntu3.6 [33.1 kB]
Get:953 http://archive.ubuntu.com/ubuntu jammy/universe amd64 libpgm-dev amd64 5.3.128~dfsg-2 [193 kB]
Get:954 http://archive.ubuntu.com/ubuntu jammy-updates/main amd64 libsodium-dev amd64 1.0.18-1ubuntu0.22.04.1 [185 kB]
Get:955 http://archive.ubuntu.com/ubuntu jammy/universe amd64 libnorm-dev amd64 1.5.9+dfsg-2 [389 kB]
Get:956 http://archive.ubuntu.com/ubuntu jammy-updates/main amd64 libkrb5-dev amd64 1.19.2-2ubuntu0.10 [12.0 kB]
Get:957 http://archive.ubuntu.com/ubuntu jammy/universe amd64 libzmq3-dev amd64 4.3.4-2 [530 kB]
Get:958 http://archive.ubuntu.com/ubuntu jammy-updates/universe amd64 protobuf-compiler amd64 3.12.4-1ubuntu7.22.04.6 [29.2 kB]
Get:959 http://archive.ubuntu.com/ubuntu jammy/universe amd64 libignition-msgs5-dev amd64 5.8.1+ds-2 [280 kB]
Get:960 http://archive.ubuntu.com/ubuntu jammy/universe amd64 libignition-transport8-dev amd64 8.2.1+ds-2 [67.8 kB]
Get:961 http://archive.ubuntu.com/ubuntu jammy/universe amd64 libtinyobjloader-dev amd64 2.0.0~rc5+dfsg1-5build1 [244 kB]
Get:962 http://archive.ubuntu.com/ubuntu jammy/universe amd64 libignition-common3-core-dev amd64 3.14.0+dfsg-5 [113 kB]
Get:963 http://archive.ubuntu.com/ubuntu jammy/universe amd64 libignition-common3-av3 amd64 3.14.0+dfsg-5 [43.5 kB]
Get:964 http://archive.ubuntu.com/ubuntu jammy/universe amd64 libignition-common3-av-dev amd64 3.14.0+dfsg-5 [14.5 kB]
Get:965 http://archive.ubuntu.com/ubuntu jammy/main amd64 libffi-dev amd64 3.4.2-4 [63.7 kB]
Get:966 http://archive.ubuntu.com/ubuntu jammy-updates/main amd64 libglib2.0-bin amd64 2.72.4-0ubuntu2.10 [80.9 kB]
Get:967 http://archive.ubuntu.com/ubuntu jammy-updates/main amd64 libglib2.0-dev-bin amd64 2.72.4-0ubuntu2.10 [117 kB]
Get:968 http://archive.ubuntu.com/ubuntu jammy-updates/main amd64 libblkid-dev amd64 2.37.2-4ubuntu3.6 [186 kB]
Get:969 http://archive.ubuntu.com/ubuntu jammy/main amd64 libsepol-dev amd64 3.3-1build1 [378 kB]
Get:970 http://archive.ubuntu.com/ubuntu jammy/main amd64 libselinux1-dev amd64 3.3-1build2 [158 kB]
Get:971 http://archive.ubuntu.com/ubuntu jammy-updates/main amd64 libmount-dev amd64 2.37.2-4ubuntu3.6 [14.6 kB]
Get:972 http://archive.ubuntu.com/ubuntu jammy-updates/main amd64 libpcre16-3 amd64 2:8.39-13ubuntu0.22.04.1 [164 kB]
Get:973 http://archive.ubuntu.com/ubuntu jammy-updates/main amd64 libpcre32-3 amd64 2:8.39-13ubuntu0.22.04.1 [155 kB]
Get:974 http://archive.ubuntu.com/ubuntu jammy-updates/main amd64 libpcrecpp0v5 amd64 2:8.39-13ubuntu0.22.04.1 [16.5 kB]
Get:975 http://archive.ubuntu.com/ubuntu jammy-updates/main amd64 libpcre3-dev amd64 2:8.39-13ubuntu0.22.04.1 [579 kB]
Get:976 http://archive.ubuntu.com/ubuntu jammy-updates/main amd64 libglib2.0-dev amd64 2.72.4-0ubuntu2.10 [1745 kB]
Get:977 http://archive.ubuntu.com/ubuntu jammy/universe amd64 libgts-dev amd64 0.7.6+darcs121130-5 [193 kB]
Get:978 http://archive.ubuntu.com/ubuntu jammy/universe amd64 libignition-common3-graphics3 amd64 3.14.0+dfsg-5 [243 kB]
Get:979 http://archive.ubuntu.com/ubuntu jammy/universe amd64 libignition-common3-graphics-dev amd64 3.14.0+dfsg-5 [14.6 kB]
Get:980 http://archive.ubuntu.com/ubuntu jammy/universe amd64 libignition-common3-profiler3 amd64 3.14.0+dfsg-5 [32.9 kB]
Get:981 http://archive.ubuntu.com/ubuntu jammy/universe amd64 libignition-common3-events3 amd64 3.14.0+dfsg-5 [52.3 kB]
Get:982 http://archive.ubuntu.com/ubuntu jammy/universe amd64 libignition-common3-dev amd64 3.14.0+dfsg-5 [51.1 kB]
Get:983 http://archive.ubuntu.com/ubuntu jammy/universe amd64 libzip-dev amd64 1.7.3-1ubuntu2 [157 kB]
Get:984 http://archive.ubuntu.com/ubuntu jammy/main amd64 libjsoncpp-dev amd64 1.9.5-3 [22.9 kB]
Get:985 http://archive.ubuntu.com/ubuntu jammy/universe amd64 libignition-fuel-tools4-dev amd64 4.4.0+ds-3build1 [27.8 kB]
Get:986 http://archive.ubuntu.com/ubuntu jammy-updates/universe amd64 libtinyxml-dev amd64 2.6.2-6ubuntu0.22.04.1 [50.1 kB]
Get:987 http://archive.ubuntu.com/ubuntu jammy/universe amd64 libsdformat9-dev amd64 9.7.0+ds-1 [54.1 kB]
Get:988 http://archive.ubuntu.com/ubuntu jammy/main amd64 libxfixes-dev amd64 1:6.0.0-1 [12.2 kB]
Get:989 http://archive.ubuntu.com/ubuntu jammy/main amd64 libxi-dev amd64 2:1.8-1build1 [193 kB]
Get:990 http://archive.ubuntu.com/ubuntu jammy/main amd64 libxmu-headers all 2:1.1.3-3 [54.1 kB]
Get:991 http://archive.ubuntu.com/ubuntu jammy/main amd64 libxmu-dev amd64 2:1.1.3-3 [54.6 kB]
Get:992 http://archive.ubuntu.com/ubuntu jammy/universe amd64 libsimbody-dev amd64 3.6.1+dfsg-7build1 [2718 kB]
Get:993 http://archive.ubuntu.com/ubuntu jammy/universe amd64 libgazebo-dev amd64 11.10.2+dfsg-1 [756 kB]
Get:994 http://archive.ubuntu.com/ubuntu jammy/universe amd64 libsocket++1 amd64 1.12.13+git20131030.5d039ba-1 [84.3 kB]
Get:995 http://archive.ubuntu.com/ubuntu jammy/universe amd64 libgdcm3.0 amd64 3.0.10-1build2 [1830 kB]
Get:996 http://archive.ubuntu.com/ubuntu jammy/universe amd64 libgdcm-dev amd64 3.0.10-1build2 [266 kB]
Get:997 http://archive.ubuntu.com/ubuntu jammy-updates/main amd64 libgdk-pixbuf2.0-bin amd64 2.42.8+dfsg-1ubuntu0.5 [14.2 kB]
Get:998 http://archive.ubuntu.com/ubuntu jammy-updates/main amd64 libgl1-amber-dri amd64 21.3.9-0ubuntu1~22.04.2 [4211 kB]
Get:999 http://archive.ubuntu.com/ubuntu jammy/universe amd64 libgl2ps1.4 amd64 1.4.2+dfsg1-2 [43.5 kB]
Get:1000 http://archive.ubuntu.com/ubuntu jammy/universe amd64 libglew2.2 amd64 2.2.0-4 [196 kB]
Get:1001 http://archive.ubuntu.com/ubuntu jammy/universe amd64 libglew-dev amd64 2.2.0-4 [287 kB]
Get:1002 http://archive.ubuntu.com/ubuntu jammy-updates/main amd64 libgphoto2-port12 amd64 2.5.27-1ubuntu0.1 [57.9 kB]
Get:1003 http://archive.ubuntu.com/ubuntu jammy-updates/main amd64 libgphoto2-6 amd64 2.5.27-1ubuntu0.1 [727 kB]
Get:1004 http://archive.ubuntu.com/ubuntu jammy-updates/main amd64 libgphoto2-dev amd64 2.5.27-1ubuntu0.1 [34.3 kB]
Get:1005 http://archive.ubuntu.com/ubuntu jammy-updates/main amd64 libgphoto2-l10n all 2.5.27-1ubuntu0.1 [14.4 kB]
Get:1006 http://archive.ubuntu.com/ubuntu jammy/universe amd64 libgraphblas6 amd64 6.1.4+dfsg-2 [20.1 MB]
Get:1007 http://archive.ubuntu.com/ubuntu jammy/universe amd64 libgraphblas-dev amd64 6.1.4+dfsg-2 [54.4 kB]
Get:1008 http://archive.ubuntu.com/ubuntu jammy/main amd64 libwmflite-0.2-7 amd64 0.2.12-5ubuntu1 [68.9 kB]
Get:1009 http://archive.ubuntu.com/ubuntu jammy-updates/universe amd64 libgraphicsmagick-q16-3 amd64 1.4+really1.3.38-1ubuntu0.1 [1238 kB]
Get:1010 http://archive.ubuntu.com/ubuntu jammy-updates/universe amd64 libgraphics-magick-perl amd64 1.4+really1.3.38-1ubuntu0.1 [58.9 kB]
Get:1011 http://archive.ubuntu.com/ubuntu jammy-updates/universe amd64 libgraphicsmagick++-q16-12 amd64 1.4+really1.3.38-1ubuntu0.1 [122 kB]
Get:1012 http://archive.ubuntu.com/ubuntu jammy-updates/main amd64 liblcms2-dev amd64 2.12~rc1-2ubuntu0.1 [1887 kB]
Get:1013 http://archive.ubuntu.com/ubuntu jammy/main amd64 libwmf-0.2-7 amd64 0.2.12-5ubuntu1 [94.2 kB]
Get:1014 http://archive.ubuntu.com/ubuntu jammy/main amd64 libwmf-dev amd64 0.2.12-5ubuntu1 [236 kB]
Get:1015 http://archive.ubuntu.com/ubuntu jammy-updates/universe amd64 libgraphicsmagick1-dev amd64 1.4+really1.3.38-1ubuntu0.1 [1543 kB]
Get:1016 http://archive.ubuntu.com/ubuntu jammy-updates/universe amd64 libgraphicsmagick++1-dev amd64 1.4+really1.3.38-1ubuntu0.1 [297 kB]
Get:1017 http://archive.ubuntu.com/ubuntu jammy/main amd64 libxcomposite1 amd64 1:0.4.5-1build2 [7192 B]
Get:1018 http://archive.ubuntu.com/ubuntu jammy/main amd64 libxdamage1 amd64 1:1.1.5-2build2 [7154 B]
Get:1019 http://archive.ubuntu.com/ubuntu jammy-updates/main amd64 libgtk-3-common all 3.24.33-1ubuntu2.2 [239 kB]
Get:1020 http://archive.ubuntu.com/ubuntu jammy-updates/main amd64 libgtk-3-0 amd64 3.24.33-1ubuntu2.2 [3053 kB]
Get:1021 http://archive.ubuntu.com/ubuntu jammy-updates/main amd64 libgtk-3-bin amd64 3.24.33-1ubuntu2.2 [69.6 kB]
Get:1022 http://archive.ubuntu.com/ubuntu jammy/universe amd64 libgts-bin amd64 0.7.6+darcs121130-5 [44.3 kB]
Get:1023 http://archive.ubuntu.com/ubuntu jammy/universe amd64 libilmbase-dev amd64 2.5.7-2 [78.4 kB]
Get:1024 http://archive.ubuntu.com/ubuntu jammy/universe amd64 libjs-jquery-metadata all 12-3 [7096 B]
Get:1025 http://archive.ubuntu.com/ubuntu jammy/universe amd64 libjs-jquery-tablesorter all 1:2.31.3+dfsg1-3 [193 kB]
Get:1026 http://archive.ubuntu.com/ubuntu jammy/universe amd64 libjs-jquery-throttle-debounce all 1.1+dfsg.1-2 [12.5 kB]
Get:1027 http://archive.ubuntu.com/ubuntu jammy/universe amd64 liblept5 amd64 1.82.0-3build1 [1107 kB]
Get:1028 http://archive.ubuntu.com/ubuntu jammy-updates/main amd64 libllvm14 amd64 1:14.0.0-1ubuntu1.1 [24.0 MB]
Get:1029 http://archive.ubuntu.com/ubuntu jammy/universe amd64 libnanoflann-dev all 1.4.2+ds-1 [179 kB]
Get:1030 http://archive.ubuntu.com/ubuntu jammy-updates/main amd64 libncurses-dev amd64 6.3-2ubuntu0.3 [381 kB]
Get:1031 http://archive.ubuntu.com/ubuntu jammy-updates/universe amd64 libomp5-14 amd64 1:14.0.0-1ubuntu1.1 [389 kB]
Get:1032 http://archive.ubuntu.com/ubuntu jammy-updates/universe amd64 libomp-14-dev amd64 1:14.0.0-1ubuntu1.1 [347 kB]
Get:1033 http://archive.ubuntu.com/ubuntu jammy/universe amd64 libtbb2 amd64 2020.3-1ubuntu3 [101 kB]
Get:1034 http://archive.ubuntu.com/ubuntu jammy/universe amd64 libopencv-core4.5d amd64 4.5.4+dfsg-9ubuntu4 [1166 kB]
Get:1035 http://archive.ubuntu.com/ubuntu jammy/universe amd64 libopencv-flann4.5d amd64 4.5.4+dfsg-9ubuntu4 [134 kB]
Get:1036 http://archive.ubuntu.com/ubuntu jammy/universe amd64 libopencv-imgproc4.5d amd64 4.5.4+dfsg-9ubuntu4 [1395 kB]
Get:1037 http://archive.ubuntu.com/ubuntu jammy/universe amd64 libopencv-features2d4.5d amd64 4.5.4+dfsg-9ubuntu4 [275 kB]
Get:1038 http://archive.ubuntu.com/ubuntu jammy/universe amd64 libopencv-calib3d4.5d amd64 4.5.4+dfsg-9ubuntu4 [706 kB]
Get:1039 http://archive.ubuntu.com/ubuntu jammy/universe amd64 libopencv-core-dev amd64 4.5.4+dfsg-9ubuntu4 [1978 kB]
Get:1040 http://archive.ubuntu.com/ubuntu jammy/universe amd64 libopencv-flann-dev amd64 4.5.4+dfsg-9ubuntu4 [210 kB]
Get:1041 http://archive.ubuntu.com/ubuntu jammy/universe amd64 libopencv-imgcodecs4.5d amd64 4.5.4+dfsg-9ubuntu4 [130 kB]
Get:1042 http://archive.ubuntu.com/ubuntu jammy/universe amd64 libopencv-highgui4.5d amd64 4.5.4+dfsg-9ubuntu4 [78.8 kB]
Get:1043 http://archive.ubuntu.com/ubuntu jammy/universe amd64 libopencv-imgproc-dev amd64 4.5.4+dfsg-9ubuntu4 [1854 kB]
Get:1044 http://archive.ubuntu.com/ubuntu jammy/universe amd64 libopencv-imgcodecs-dev amd64 4.5.4+dfsg-9ubuntu4 [200 kB]
Get:1045 http://archive.ubuntu.com/ubuntu jammy/universe amd64 libopencv-videoio4.5d amd64 4.5.4+dfsg-9ubuntu4 [195 kB]
Get:1046 http://archive.ubuntu.com/ubuntu jammy/universe amd64 libopencv-videoio-dev amd64 4.5.4+dfsg-9ubuntu4 [315 kB]
Get:1047 http://archive.ubuntu.com/ubuntu jammy/universe amd64 libopenexr-dev amd64 2.5.7-1 [73.3 kB]
Get:1048 http://archive.ubuntu.com/ubuntu jammy/universe amd64 libopencv-highgui-dev amd64 4.5.4+dfsg-9ubuntu4 [132 kB]
Get:1049 http://archive.ubuntu.com/ubuntu jammy/universe amd64 libopencv-ml4.5d amd64 4.5.4+dfsg-9ubuntu4 [206 kB]
Get:1050 http://archive.ubuntu.com/ubuntu jammy/universe amd64 libopencv-ml-dev amd64 4.5.4+dfsg-9ubuntu4 [298 kB]
Get:1051 http://archive.ubuntu.com/ubuntu jammy/universe amd64 libopencv-features2d-dev amd64 4.5.4+dfsg-9ubuntu4 [372 kB]
Get:1052 http://archive.ubuntu.com/ubuntu jammy/universe amd64 libopencv-calib3d-dev amd64 4.5.4+dfsg-9ubuntu4 [1046 kB]
Get:1053 http://archive.ubuntu.com/ubuntu jammy/universe amd64 libopencv-dnn4.5d amd64 4.5.4+dfsg-9ubuntu4 [1103 kB]
Get:1054 http://archive.ubuntu.com/ubuntu jammy/universe amd64 libopencv-objdetect4.5d amd64 4.5.4+dfsg-9ubuntu4 [178 kB]
Get:1055 http://archive.ubuntu.com/ubuntu jammy/universe amd64 libopencv-video4.5d amd64 4.5.4+dfsg-9ubuntu4 [182 kB]
Get:1056 http://archive.ubuntu.com/ubuntu jammy/universe amd64 libtesseract4 amd64 4.1.1-2.1build1 [1308 kB]
Get:1057 http://archive.ubuntu.com/ubuntu jammy/universe amd64 libopencv-contrib4.5d amd64 4.5.4+dfsg-9ubuntu4 [3660 kB]
Get:1058 http://archive.ubuntu.com/ubuntu jammy/universe amd64 libopencv-dnn-dev amd64 4.5.4+dfsg-9ubuntu4 [1706 kB]
Get:1059 http://archive.ubuntu.com/ubuntu jammy/universe amd64 libopencv-objdetect-dev amd64 4.5.4+dfsg-9ubuntu4 [254 kB]
Get:1060 http://archive.ubuntu.com/ubuntu jammy/universe amd64 libopencv-photo4.5d amd64 4.5.4+dfsg-9ubuntu4 [187 kB]
Get:1061 http://archive.ubuntu.com/ubuntu jammy/universe amd64 libopencv-photo-dev amd64 4.5.4+dfsg-9ubuntu4 [222 kB]
Get:1062 http://archive.ubuntu.com/ubuntu jammy/universe amd64 libopencv-shape4.5d amd64 4.5.4+dfsg-9ubuntu4 [51.4 kB]
Get:1063 http://archive.ubuntu.com/ubuntu jammy/universe amd64 libopencv-video-dev amd64 4.5.4+dfsg-9ubuntu4 [251 kB]
Get:1064 http://archive.ubuntu.com/ubuntu jammy/universe amd64 libopencv-shape-dev amd64 4.5.4+dfsg-9ubuntu4 [72.3 kB]
Get:1065 http://archive.ubuntu.com/ubuntu jammy/universe amd64 libopencv-stitching4.5d amd64 4.5.4+dfsg-9ubuntu4 [200 kB]
Get:1066 http://archive.ubuntu.com/ubuntu jammy/universe amd64 libopencv-stitching-dev amd64 4.5.4+dfsg-9ubuntu4 [269 kB]
Get:1067 http://archive.ubuntu.com/ubuntu jammy/universe amd64 libopencv-superres4.5d amd64 4.5.4+dfsg-9ubuntu4 [47.0 kB]
Get:1068 http://archive.ubuntu.com/ubuntu jammy/universe amd64 libopencv-superres-dev amd64 4.5.4+dfsg-9ubuntu4 [62.2 kB]
Get:1069 http://archive.ubuntu.com/ubuntu jammy/universe amd64 libopencv-videostab4.5d amd64 4.5.4+dfsg-9ubuntu4 [79.6 kB]
Get:1070 http://archive.ubuntu.com/ubuntu jammy/universe amd64 libopencv-videostab-dev amd64 4.5.4+dfsg-9ubuntu4 [111 kB]
Get:1071 http://archive.ubuntu.com/ubuntu jammy/main amd64 libtcl8.6 amd64 8.6.12+dfsg-1build1 [990 kB]
Get:1072 http://archive.ubuntu.com/ubuntu jammy/main amd64 libxft2 amd64 2.3.4-1 [41.8 kB]
Get:1073 http://archive.ubuntu.com/ubuntu jammy/main amd64 libtk8.6 amd64 8.6.12-1build1 [784 kB]
Get:1074 http://archive.ubuntu.com/ubuntu jammy/universe amd64 libvtk9.1 amd64 9.1.0+really9.1.0+dfsg2-3build1 [20.2 MB]
Get:1075 http://archive.ubuntu.com/ubuntu jammy/universe amd64 libopencv-viz4.5d amd64 4.5.4+dfsg-9ubuntu4 [112 kB]
Get:1076 http://archive.ubuntu.com/ubuntu jammy/universe amd64 libopencv-viz-dev amd64 4.5.4+dfsg-9ubuntu4 [188 kB]
Get:1077 http://archive.ubuntu.com/ubuntu jammy/universe amd64 libopencv-contrib-dev amd64 4.5.4+dfsg-9ubuntu4 [5008 kB]
Get:1078 http://archive.ubuntu.com/ubuntu jammy/universe amd64 libopencv-dev amd64 4.5.4+dfsg-9ubuntu4 [91.8 kB]
Get:1079 http://archive.ubuntu.com/ubuntu jammy/universe amd64 libopencv4.5d-jni amd64 4.5.4+dfsg-9ubuntu4 [487 kB]
Get:1080 http://archive.ubuntu.com/ubuntu jammy/universe amd64 libopencv4.5-java amd64 4.5.4+dfsg-9ubuntu4 [985 kB]
Get:1081 http://archive.ubuntu.com/ubuntu jammy/universe amd64 liborocos-kdl1.5 amd64 1.5.1-2build1 [247 kB]
Get:1082 http://archive.ubuntu.com/ubuntu jammy/universe amd64 liborocos-kdl-dev amd64 1.5.1-2build1 [84.2 kB]
Get:1083 http://archive.ubuntu.com/ubuntu jammy/main amd64 libpaper-utils amd64 1.1.28build2 [8674 B]
Get:1084 http://archive.ubuntu.com/ubuntu jammy-updates/main amd64 libpng-tools amd64 1.6.37-3ubuntu0.6 [28.7 kB]
Get:1085 http://archive.ubuntu.com/ubuntu jammy-updates/universe amd64 libqt5opengl5-dev amd64 5.15.3+dfsg-2ubuntu0.2 [42.3 kB]
Get:1086 http://archive.ubuntu.com/ubuntu jammy-updates/universe amd64 libqt5sql5-sqlite amd64 5.15.3+dfsg-2ubuntu0.2 [53.0 kB]
Get:1087 http://archive.ubuntu.com/ubuntu jammy/main amd64 libraw1394-tools amd64 2.1.2-2build2 [16.9 kB]
Get:1088 http://archive.ubuntu.com/ubuntu jammy-updates/main amd64 librsvg2-common amd64 2.52.5+dfsg-3ubuntu0.2 [17.7 kB]
Get:1089 http://archive.ubuntu.com/ubuntu jammy/main amd64 libtool all 2.4.6-15build2 [164 kB]
Get:1090 http://archive.ubuntu.com/ubuntu jammy/main amd64 libwacom-bin amd64 2.2.0-1 [13.6 kB]
Get:1091 http://archive.ubuntu.com/ubuntu jammy-updates/main amd64 libxpm-dev amd64 1:3.5.12-1ubuntu0.22.04.3 [90.7 kB]
Get:1092 http://archive.ubuntu.com/ubuntu jammy/main amd64 libxaw7-dev amd64 2:1.0.14-1 [253 kB]
Get:1093 http://archive.ubuntu.com/ubuntu jammy/main amd64 libxrender-dev amd64 1:0.9.10-1build4 [26.7 kB]
Get:1094 http://archive.ubuntu.com/ubuntu jammy/main amd64 libxrandr-dev amd64 2:1.5.2-1build1 [26.7 kB]
Get:1095 http://archive.ubuntu.com/ubuntu jammy/universe amd64 libxsimd-dev amd64 7.6.0-2 [108 kB]
Get:1096 http://archive.ubuntu.com/ubuntu jammy/universe amd64 xtl-dev all 0.7.2-2 [93.0 kB]
Get:1097 http://archive.ubuntu.com/ubuntu jammy/universe amd64 nlohmann-json3-dev all 3.10.5-2 [167 kB]
Get:1098 http://archive.ubuntu.com/ubuntu jammy/universe amd64 libxtensor-dev amd64 0.23.10-15 [183 kB]
Get:1099 http://archive.ubuntu.com/ubuntu jammy/main amd64 libyaml-cpp0.7 amd64 0.7.0+dfsg-8build1 [97.7 kB]
Get:1100 http://archive.ubuntu.com/ubuntu jammy/main amd64 libyaml-cpp-dev amd64 0.7.0+dfsg-8build1 [169 kB]
Get:1101 http://archive.ubuntu.com/ubuntu jammy-updates/universe amd64 mesa-va-drivers amd64 23.2.1-1ubuntu3.1~22.04.4 [4100 kB]
Get:1102 http://archive.ubuntu.com/ubuntu jammy-updates/main amd64 mesa-vdpau-drivers amd64 23.2.1-1ubuntu3.1~22.04.4 [3820 kB]
Get:1103 http://archive.ubuntu.com/ubuntu jammy-updates/main amd64 mesa-vulkan-drivers amd64 23.2.1-1ubuntu3.1~22.04.4 [10.7 MB]
Get:1104 http://archive.ubuntu.com/ubuntu jammy/universe amd64 notification-daemon amd64 3.20.0-4build1 [57.6 kB]
Get:1105 http://archive.ubuntu.com/ubuntu jammy/universe amd64 opencv-data all 4.5.4+dfsg-9ubuntu4 [1348 kB]
Get:1106 http://archive.ubuntu.com/ubuntu jammy/main amd64 patch amd64 2.7.6-7build2 [109 kB]
Get:1107 http://archive.ubuntu.com/ubuntu jammy/universe amd64 pybind11-dev all 2.9.1-2 [146 kB]
Get:1108 http://archive.ubuntu.com/ubuntu jammy/main amd64 python-babel-localedata all 2.8.0+dfsg.1-7 [4982 kB]
Get:1109 http://archive.ubuntu.com/ubuntu jammy-updates/main amd64 python3-tz all 2022.1-1ubuntu0.22.04.1 [30.7 kB]
Get:1110 http://archive.ubuntu.com/ubuntu jammy/main amd64 python3-babel all 2.8.0+dfsg.1-7 [85.1 kB]
Get:1111 http://archive.ubuntu.com/ubuntu jammy/universe amd64 python3-distlib all 0.3.4-1 [269 kB]
Get:1112 http://archive.ubuntu.com/ubuntu jammy/universe amd64 python3-notify2 all 0.3-4 [11.0 kB]
Get:1113 http://archive.ubuntu.com/ubuntu jammy/universe amd64 python3-coverage amd64 6.2+dfsg1-2build1 [131 kB]
Get:1114 http://archive.ubuntu.com/ubuntu jammy/universe amd64 python3-nose2 all 0.9.2-1 [89.4 kB]
Get:1115 http://archive.ubuntu.com/ubuntu jammy/universe amd64 python3-cov-core all 1.15.0-3build1 [7652 B]
Get:1116 http://archive.ubuntu.com/ubuntu jammy/universe amd64 python3-graphviz all 0.14.2-1 [27.0 kB]
Get:1117 http://archive.ubuntu.com/ubuntu jammy/main amd64 python3-markupsafe amd64 2.0.1-2build1 [12.7 kB]
Get:1118 http://archive.ubuntu.com/ubuntu jammy-updates/main amd64 python3-jinja2 all 3.0.3-1ubuntu0.4 [108 kB]
Get:1119 http://archive.ubuntu.com/ubuntu jammy/universe amd64 python3-opencv amd64 4.5.4+dfsg-9ubuntu4 [1790 kB]
Get:1120 http://archive.ubuntu.com/ubuntu jammy/universe amd64 python3-sip amd64 4.19.25+dfsg-3build1 [95.2 kB]
Get:1121 http://archive.ubuntu.com/ubuntu jammy/universe amd64 python3-pykdl amd64 1.5.1-2build1 [263 kB]
Get:1122 http://archive.ubuntu.com/ubuntu jammy/universe amd64 libjs-jquery-isonscreen all 1.2.0-1.1 [3244 B]
Get:1123 http://archive.ubuntu.com/ubuntu jammy/universe amd64 python3-pytest-cov all 3.0.0-1 [21.0 kB]
Get:1124 http://archive.ubuntu.com/ubuntu jammy/universe amd64 python3-typeguard all 2.2.2-1.1 [13.3 kB]
Get:1125 http://archive.ubuntu.com/ubuntu jammy-updates/universe amd64 qt5-gtk-platformtheme amd64 5.15.3+dfsg-2ubuntu0.2 [130 kB]
Get:1126 http://archive.ubuntu.com/ubuntu jammy/universe amd64 qttranslations5-l10n all 5.15.3-1 [1983 kB]
Get:1127 http://archive.ubuntu.com/ubuntu jammy-updates/main amd64 libattr1-dev amd64 1:2.5.1-1ubuntu0.1 [23.5 kB]
Get:1128 http://archive.ubuntu.com/ubuntu jammy/main amd64 libacl1-dev amd64 2.3.1-1 [78.0 kB]
Get:1129 http://archive.ubuntu.com/ubuntu jammy-updates/universe amd64 graphicsmagick-libmagick-dev-compat all 1.4+really1.3.38-1ubuntu0.1 [9606 B]
Get:1130 http://archive.ubuntu.com/ubuntu jammy/universe amd64 libomp-dev amd64 1:14.0-55~exp2 [3074 B]
Get:1131 http://archive.ubuntu.com/ubuntu jammy/universe amd64 i965-va-driver amd64 2.4.1+dfsg1-1 [302 kB]
Get:1132 http://archive.ubuntu.com/ubuntu jammy/universe amd64 va-driver-all amd64 2.14.0-1 [3984 B]
Get:1133 http://archive.ubuntu.com/ubuntu jammy/main amd64 vdpau-driver-all amd64 1.4-3build2 [4510 B]
Get:1134 http://archive.ubuntu.com/ubuntu jammy/universe amd64 pocketsphinx-en-us all 0.8.0+real5prealpha+1-14ubuntu1 [27.6 MB]
Get:1135 http://archive.ubuntu.com/ubuntu jammy/universe amd64 proj-bin amd64 8.2.1-1 [154 kB]
debconf: delaying package configuration, since apt-utils is not installed
Fetched 694 MB in 36s (19.2 MB/s)
(Reading database ... (Reading database ... 5%(Reading database ... 10%(Reading database ... 15%(Reading database ... 20%(Reading database ... 25%(Reading database ... 30%(Reading database ... 35%(Reading database ... 40%(Reading database ... 45%(Reading database ... 50%(Reading database ... 55%(Reading database ... 60%(Reading database ... 65%(Reading database ... 70%(Reading database ... 75%(Reading database ... 80%(Reading database ... 85%(Reading database ... 90%(Reading database ... 95%(Reading database ... 100%(Reading database ... 28551 files and directories currently installed.)
Preparing to unpack .../perl-base_5.34.0-3ubuntu1.9_amd64.deb ...
Unpacking perl-base (5.34.0-3ubuntu1.9) over (5.34.0-3ubuntu1.8) ...
Setting up perl-base (5.34.0-3ubuntu1.9) ...
Selecting previously unselected package liblocale-gettext-perl.
(Reading database ... (Reading database ... 5%(Reading database ... 10%(Reading database ... 15%(Reading database ... 20%(Reading database ... 25%(Reading database ... 30%(Reading database ... 35%(Reading database ... 40%(Reading database ... 45%(Reading database ... 50%(Reading database ... 55%(Reading database ... 60%(Reading database ... 65%(Reading database ... 70%(Reading database ... 75%(Reading database ... 80%(Reading database ... 85%(Reading database ... 90%(Reading database ... 95%(Reading database ... 100%(Reading database ... 28551 files and directories currently installed.)
Preparing to unpack .../0-liblocale-gettext-perl_1.07-4build3_amd64.deb ...
Unpacking liblocale-gettext-perl (1.07-4build3) ...
Selecting previously unselected package libapparmor1:amd64.
Preparing to unpack .../1-libapparmor1_3.0.4-2ubuntu2.5_amd64.deb ...
Unpacking libapparmor1:amd64 (3.0.4-2ubuntu2.5) ...
Selecting previously unselected package libargon2-1:amd64.
Preparing to unpack .../2-libargon2-1_0~20171227-0.3_amd64.deb ...
Unpacking libargon2-1:amd64 (0~20171227-0.3) ...
Selecting previously unselected package libdevmapper1.02.1:amd64.
Preparing to unpack .../3-libdevmapper1.02.1_2%3a1.02.175-2.1ubuntu5_amd64.deb ...
Unpacking libdevmapper1.02.1:amd64 (2:1.02.175-2.1ubuntu5) ...
Selecting previously unselected package libjson-c5:amd64.
Preparing to unpack .../4-libjson-c5_0.15-3~ubuntu1.22.04.2_amd64.deb ...
Unpacking libjson-c5:amd64 (0.15-3~ubuntu1.22.04.2) ...
Selecting previously unselected package libcryptsetup12:amd64.
Preparing to unpack .../5-libcryptsetup12_2%3a2.4.3-1ubuntu1.3_amd64.deb ...
Unpacking libcryptsetup12:amd64 (2:2.4.3-1ubuntu1.3) ...
Selecting previously unselected package libip4tc2:amd64.
Preparing to unpack .../6-libip4tc2_1.8.7-1ubuntu5.2_amd64.deb ...
Unpacking libip4tc2:amd64 (1.8.7-1ubuntu5.2) ...
Selecting previously unselected package libkmod2:amd64.
Preparing to unpack .../7-libkmod2_29-1ubuntu1.1_amd64.deb ...
Unpacking libkmod2:amd64 (29-1ubuntu1.1) ...
Selecting previously unselected package systemd.
Preparing to unpack .../8-systemd_249.11-0ubuntu3.22_amd64.deb ...
Unpacking systemd (249.11-0ubuntu3.22) ...
Setting up libapparmor1:amd64 (3.0.4-2ubuntu2.5) ...
Setting up libargon2-1:amd64 (0~20171227-0.3) ...
Setting up libdevmapper1.02.1:amd64 (2:1.02.175-2.1ubuntu5) ...
Setting up libjson-c5:amd64 (0.15-3~ubuntu1.22.04.2) ...
Setting up libcryptsetup12:amd64 (2:2.4.3-1ubuntu1.3) ...
Setting up libip4tc2:amd64 (1.8.7-1ubuntu5.2) ...
Setting up libkmod2:amd64 (29-1ubuntu1.1) ...
Setting up systemd (249.11-0ubuntu3.22) ...
Created symlink /etc/systemd/system/getty.target.wants/getty@tty1.service → /lib/systemd/system/getty@.service.
Created symlink /etc/systemd/system/multi-user.target.wants/remote-fs.target → /lib/systemd/system/remote-fs.target.
Created symlink /etc/systemd/system/dbus-org.freedesktop.resolve1.service → /lib/systemd/system/systemd-resolved.service.
Created symlink /etc/systemd/system/multi-user.target.wants/systemd-resolved.service → /lib/systemd/system/systemd-resolved.service.
ln: failed to create symbolic link '/etc/resolv.conf': Device or resource busy
Created symlink /etc/systemd/system/sysinit.target.wants/systemd-pstore.service → /lib/systemd/system/systemd-pstore.service.
Initializing machine ID from random generator.
Selecting previously unselected package systemd-sysv.
(Reading database ... (Reading database ... 5%(Reading database ... 10%(Reading database ... 15%(Reading database ... 20%(Reading database ... 25%(Reading database ... 30%(Reading database ... 35%(Reading database ... 40%(Reading database ... 45%(Reading database ... 50%(Reading database ... 55%(Reading database ... 60%(Reading database ... 65%(Reading database ... 70%(Reading database ... 75%(Reading database ... 80%(Reading database ... 85%(Reading database ... 90%(Reading database ... 95%(Reading database ... 100%(Reading database ... 29378 files and directories currently installed.)
Preparing to unpack .../00-systemd-sysv_249.11-0ubuntu3.22_amd64.deb ...
Unpacking systemd-sysv (249.11-0ubuntu3.22) ...
Selecting previously unselected package fonts-droid-fallback.
Preparing to unpack .../01-fonts-droid-fallback_1%3a6.0.1r16-1.1build1_all.deb ...
Unpacking fonts-droid-fallback (1:6.0.1r16-1.1build1) ...
Selecting previously unselected package libglib2.0-0:amd64.
Preparing to unpack .../02-libglib2.0-0_2.72.4-0ubuntu2.10_amd64.deb ...
Unpacking libglib2.0-0:amd64 (2.72.4-0ubuntu2.10) ...
Preparing to unpack .../03-libxml2_2.9.13+dfsg-1ubuntu0.13_amd64.deb ...
Unpacking libxml2:amd64 (2.9.13+dfsg-1ubuntu0.13) over (2.9.13+dfsg-1ubuntu0.12) ...
Selecting previously unselected package shared-mime-info.
Preparing to unpack .../04-shared-mime-info_2.1-2_amd64.deb ...
Unpacking shared-mime-info (2.1-2) ...
Selecting previously unselected package libdouble-conversion3:amd64.
Preparing to unpack .../05-libdouble-conversion3_3.1.7-4_amd64.deb ...
Unpacking libdouble-conversion3:amd64 (3.1.7-4) ...
Selecting previously unselected package libpcre2-16-0:amd64.
Preparing to unpack .../06-libpcre2-16-0_10.39-3ubuntu0.1_amd64.deb ...
Unpacking libpcre2-16-0:amd64 (10.39-3ubuntu0.1) ...
Selecting previously unselected package libqt5core5a:amd64.
Preparing to unpack .../07-libqt5core5a_5.15.3+dfsg-2ubuntu0.2_amd64.deb ...
Unpacking libqt5core5a:amd64 (5.15.3+dfsg-2ubuntu0.2) ...
Selecting previously unselected package libpng16-16:amd64.
Preparing to unpack .../08-libpng16-16_1.6.37-3ubuntu0.6_amd64.deb ...
Unpacking libpng16-16:amd64 (1.6.37-3ubuntu0.6) ...
Selecting previously unselected package libfreetype6:amd64.
Preparing to unpack .../09-libfreetype6_2.11.1+dfsg-1ubuntu0.3_amd64.deb ...
Unpacking libfreetype6:amd64 (2.11.1+dfsg-1ubuntu0.3) ...
Selecting previously unselected package ucf.
Preparing to unpack .../10-ucf_3.0043_all.deb ...
Moving old data out of the way
Unpacking ucf (3.0043) ...
Selecting previously unselected package fonts-dejavu-core.
Preparing to unpack .../11-fonts-dejavu-core_2.37-2build1_all.deb ...
Unpacking fonts-dejavu-core (2.37-2build1) ...
Selecting previously unselected package fonts-liberation.
Preparing to unpack .../12-fonts-liberation_1%3a1.07.4-11_all.deb ...
Unpacking fonts-liberation (1:1.07.4-11) ...
Selecting previously unselected package fonts-urw-base35.
Preparing to unpack .../13-fonts-urw-base35_20200910-1_all.deb ...
Unpacking fonts-urw-base35 (20200910-1) ...
Selecting previously unselected package fontconfig-config.
Preparing to unpack .../14-fontconfig-config_2.13.1-4.2ubuntu5_all.deb ...
Unpacking fontconfig-config (2.13.1-4.2ubuntu5) ...
Selecting previously unselected package libfontconfig1:amd64.
Preparing to unpack .../15-libfontconfig1_2.13.1-4.2ubuntu5_amd64.deb ...
Unpacking libfontconfig1:amd64 (2.13.1-4.2ubuntu5) ...
Selecting previously unselected package fontconfig.
Preparing to unpack .../16-fontconfig_2.13.1-4.2ubuntu5_amd64.deb ...
Unpacking fontconfig (2.13.1-4.2ubuntu5) ...
Selecting previously unselected package libdrm-common.
Preparing to unpack .../17-libdrm-common_2.4.113-2~ubuntu0.22.04.1_all.deb ...
Unpacking libdrm-common (2.4.113-2~ubuntu0.22.04.1) ...
Selecting previously unselected package libdrm2:amd64.
Preparing to unpack .../18-libdrm2_2.4.113-2~ubuntu0.22.04.1_amd64.deb ...
Unpacking libdrm2:amd64 (2.4.113-2~ubuntu0.22.04.1) ...
Selecting previously unselected package libglvnd0:amd64.
Preparing to unpack .../19-libglvnd0_1.4.0-1_amd64.deb ...
Unpacking libglvnd0:amd64 (1.4.0-1) ...
Selecting previously unselected package libwayland-server0:amd64.
Preparing to unpack .../20-libwayland-server0_1.20.0-1ubuntu0.1_amd64.deb ...
Unpacking libwayland-server0:amd64 (1.20.0-1ubuntu0.1) ...
Selecting previously unselected package libxau6:amd64.
Preparing to unpack .../21-libxau6_1%3a1.0.9-1build5_amd64.deb ...
Unpacking libxau6:amd64 (1:1.0.9-1build5) ...
Selecting previously unselected package libmd0:amd64.
Preparing to unpack .../22-libmd0_1.0.4-1build1_amd64.deb ...
Unpacking libmd0:amd64 (1.0.4-1build1) ...
Selecting previously unselected package libbsd0:amd64.
Preparing to unpack .../23-libbsd0_0.11.5-1_amd64.deb ...
Unpacking libbsd0:amd64 (0.11.5-1) ...
Selecting previously unselected package libxdmcp6:amd64.
Preparing to unpack .../24-libxdmcp6_1%3a1.1.3-0ubuntu5_amd64.deb ...
Unpacking libxdmcp6:amd64 (1:1.1.3-0ubuntu5) ...
Selecting previously unselected package libxcb1:amd64.
Preparing to unpack .../25-libxcb1_1.14-3ubuntu3_amd64.deb ...
Unpacking libxcb1:amd64 (1.14-3ubuntu3) ...
Selecting previously unselected package libxcb-randr0:amd64.
Preparing to unpack .../26-libxcb-randr0_1.14-3ubuntu3_amd64.deb ...
Unpacking libxcb-randr0:amd64 (1.14-3ubuntu3) ...
Selecting previously unselected package libgbm1:amd64.
Preparing to unpack .../27-libgbm1_23.2.1-1ubuntu3.1~22.04.4_amd64.deb ...
Unpacking libgbm1:amd64 (23.2.1-1ubuntu3.1~22.04.4) ...
Selecting previously unselected package libglapi-mesa:amd64.
Preparing to unpack .../28-libglapi-mesa_23.2.1-1ubuntu3.1~22.04.4_amd64.deb ...
Unpacking libglapi-mesa:amd64 (23.2.1-1ubuntu3.1~22.04.4) ...
Selecting previously unselected package libwayland-client0:amd64.
Preparing to unpack .../29-libwayland-client0_1.20.0-1ubuntu0.1_amd64.deb ...
Unpacking libwayland-client0:amd64 (1.20.0-1ubuntu0.1) ...
Selecting previously unselected package libx11-data.
Preparing to unpack .../30-libx11-data_2%3a1.7.5-1ubuntu0.3_all.deb ...
Unpacking libx11-data (2:1.7.5-1ubuntu0.3) ...
Selecting previously unselected package libx11-6:amd64.
Preparing to unpack .../31-libx11-6_2%3a1.7.5-1ubuntu0.3_amd64.deb ...
Unpacking libx11-6:amd64 (2:1.7.5-1ubuntu0.3) ...
Selecting previously unselected package libx11-xcb1:amd64.
Preparing to unpack .../32-libx11-xcb1_2%3a1.7.5-1ubuntu0.3_amd64.deb ...
Unpacking libx11-xcb1:amd64 (2:1.7.5-1ubuntu0.3) ...
Selecting previously unselected package libxcb-dri2-0:amd64.
Preparing to unpack .../33-libxcb-dri2-0_1.14-3ubuntu3_amd64.deb ...
Unpacking libxcb-dri2-0:amd64 (1.14-3ubuntu3) ...
Selecting previously unselected package libxcb-dri3-0:amd64.
Preparing to unpack .../34-libxcb-dri3-0_1.14-3ubuntu3_amd64.deb ...
Unpacking libxcb-dri3-0:amd64 (1.14-3ubuntu3) ...
Selecting previously unselected package libxcb-present0:amd64.
Preparing to unpack .../35-libxcb-present0_1.14-3ubuntu3_amd64.deb ...
Unpacking libxcb-present0:amd64 (1.14-3ubuntu3) ...
Selecting previously unselected package libxcb-sync1:amd64.
Preparing to unpack .../36-libxcb-sync1_1.14-3ubuntu3_amd64.deb ...
Unpacking libxcb-sync1:amd64 (1.14-3ubuntu3) ...
Selecting previously unselected package libxcb-xfixes0:amd64.
Preparing to unpack .../37-libxcb-xfixes0_1.14-3ubuntu3_amd64.deb ...
Unpacking libxcb-xfixes0:amd64 (1.14-3ubuntu3) ...
Selecting previously unselected package libxshmfence1:amd64.
Preparing to unpack .../38-libxshmfence1_1.3-1build4_amd64.deb ...
Unpacking libxshmfence1:amd64 (1.3-1build4) ...
Selecting previously unselected package libegl-mesa0:amd64.
Preparing to unpack .../39-libegl-mesa0_23.2.1-1ubuntu3.1~22.04.4_amd64.deb ...
Unpacking libegl-mesa0:amd64 (23.2.1-1ubuntu3.1~22.04.4) ...
Selecting previously unselected package libegl1:amd64.
Preparing to unpack .../40-libegl1_1.4.0-1_amd64.deb ...
Unpacking libegl1:amd64 (1.4.0-1) ...
Selecting previously unselected package libxcb-glx0:amd64.
Preparing to unpack .../41-libxcb-glx0_1.14-3ubuntu3_amd64.deb ...
Unpacking libxcb-glx0:amd64 (1.14-3ubuntu3) ...
Selecting previously unselected package libxcb-shm0:amd64.
Preparing to unpack .../42-libxcb-shm0_1.14-3ubuntu3_amd64.deb ...
Unpacking libxcb-shm0:amd64 (1.14-3ubuntu3) ...
Selecting previously unselected package libxext6:amd64.
Preparing to unpack .../43-libxext6_2%3a1.3.4-1build1_amd64.deb ...
Unpacking libxext6:amd64 (2:1.3.4-1build1) ...
Selecting previously unselected package libxfixes3:amd64.
Preparing to unpack .../44-libxfixes3_1%3a6.0.0-1_amd64.deb ...
Unpacking libxfixes3:amd64 (1:6.0.0-1) ...
Selecting previously unselected package libxxf86vm1:amd64.
Preparing to unpack .../45-libxxf86vm1_1%3a1.1.4-1build3_amd64.deb ...
Unpacking libxxf86vm1:amd64 (1:1.1.4-1build3) ...
Selecting previously unselected package libdrm-amdgpu1:amd64.
Preparing to unpack .../46-libdrm-amdgpu1_2.4.113-2~ubuntu0.22.04.1_amd64.deb ...
Unpacking libdrm-amdgpu1:amd64 (2.4.113-2~ubuntu0.22.04.1) ...
Selecting previously unselected package libpciaccess0:amd64.
Preparing to unpack .../47-libpciaccess0_0.16-3_amd64.deb ...
Unpacking libpciaccess0:amd64 (0.16-3) ...
Selecting previously unselected package libdrm-intel1:amd64.
Preparing to unpack .../48-libdrm-intel1_2.4.113-2~ubuntu0.22.04.1_amd64.deb ...
Unpacking libdrm-intel1:amd64 (2.4.113-2~ubuntu0.22.04.1) ...
Selecting previously unselected package libdrm-nouveau2:amd64.
Preparing to unpack .../49-libdrm-nouveau2_2.4.113-2~ubuntu0.22.04.1_amd64.deb ...
Unpacking libdrm-nouveau2:amd64 (2.4.113-2~ubuntu0.22.04.1) ...
Selecting previously unselected package libdrm-radeon1:amd64.
Preparing to unpack .../50-libdrm-radeon1_2.4.113-2~ubuntu0.22.04.1_amd64.deb ...
Unpacking libdrm-radeon1:amd64 (2.4.113-2~ubuntu0.22.04.1) ...
Selecting previously unselected package libelf1:amd64.
Preparing to unpack .../51-libelf1_0.186-1ubuntu0.1_amd64.deb ...
Unpacking libelf1:amd64 (0.186-1ubuntu0.1) ...
Selecting previously unselected package libedit2:amd64.
Preparing to unpack .../52-libedit2_3.1-20210910-1build1_amd64.deb ...
Unpacking libedit2:amd64 (3.1-20210910-1build1) ...
Selecting previously unselected package libllvm15:amd64.
Preparing to unpack .../53-libllvm15_1%3a15.0.7-0ubuntu0.22.04.3_amd64.deb ...
Unpacking libllvm15:amd64 (1:15.0.7-0ubuntu0.22.04.3) ...
Selecting previously unselected package libsensors-config.
Preparing to unpack .../54-libsensors-config_1%3a3.6.0-7ubuntu1_all.deb ...
Unpacking libsensors-config (1:3.6.0-7ubuntu1) ...
Selecting previously unselected package libsensors5:amd64.
Preparing to unpack .../55-libsensors5_1%3a3.6.0-7ubuntu1_amd64.deb ...
Unpacking libsensors5:amd64 (1:3.6.0-7ubuntu1) ...
Selecting previously unselected package libgl1-mesa-dri:amd64.
Preparing to unpack .../56-libgl1-mesa-dri_23.2.1-1ubuntu3.1~22.04.4_amd64.deb ...
Unpacking libgl1-mesa-dri:amd64 (23.2.1-1ubuntu3.1~22.04.4) ...
Selecting previously unselected package libglx-mesa0:amd64.
Preparing to unpack .../57-libglx-mesa0_23.2.1-1ubuntu3.1~22.04.4_amd64.deb ...
Unpacking libglx-mesa0:amd64 (23.2.1-1ubuntu3.1~22.04.4) ...
Selecting previously unselected package libglx0:amd64.
Preparing to unpack .../58-libglx0_1.4.0-1_amd64.deb ...
Unpacking libglx0:amd64 (1.4.0-1) ...
Selecting previously unselected package libgl1:amd64.
Preparing to unpack .../59-libgl1_1.4.0-1_amd64.deb ...
Unpacking libgl1:amd64 (1.4.0-1) ...
Selecting previously unselected package libgraphite2-3:amd64.
Preparing to unpack .../60-libgraphite2-3_1.3.14-1ubuntu0.1_amd64.deb ...
Unpacking libgraphite2-3:amd64 (1.3.14-1ubuntu0.1) ...
Selecting previously unselected package libharfbuzz0b:amd64.
Preparing to unpack .../61-libharfbuzz0b_2.7.4-1ubuntu3.2_amd64.deb ...
Unpacking libharfbuzz0b:amd64 (2.7.4-1ubuntu3.2) ...
Selecting previously unselected package x11-common.
Preparing to unpack .../62-x11-common_1%3a7.7+23ubuntu2_all.deb ...
Unpacking x11-common (1:7.7+23ubuntu2) ...
Selecting previously unselected package libice6:amd64.
Preparing to unpack .../63-libice6_2%3a1.0.10-1build2_amd64.deb ...
Unpacking libice6:amd64 (2:1.0.10-1build2) ...
Selecting previously unselected package libevdev2:amd64.
Preparing to unpack .../64-libevdev2_1.12.1+dfsg-1_amd64.deb ...
Unpacking libevdev2:amd64 (1.12.1+dfsg-1) ...
Selecting previously unselected package libmtdev1:amd64.
Preparing to unpack .../65-libmtdev1_1.1.6-1build4_amd64.deb ...
Unpacking libmtdev1:amd64 (1.1.6-1build4) ...
Selecting previously unselected package libgudev-1.0-0:amd64.
Preparing to unpack .../66-libgudev-1.0-0_1%3a237-2build1_amd64.deb ...
Unpacking libgudev-1.0-0:amd64 (1:237-2build1) ...
Selecting previously unselected package libwacom-common.
Preparing to unpack .../67-libwacom-common_2.2.0-1_all.deb ...
Unpacking libwacom-common (2.2.0-1) ...
Selecting previously unselected package libwacom9:amd64.
Preparing to unpack .../68-libwacom9_2.2.0-1_amd64.deb ...
Unpacking libwacom9:amd64 (2.2.0-1) ...
Selecting previously unselected package libinput-bin.
Preparing to unpack .../69-libinput-bin_1.20.0-1ubuntu0.4_amd64.deb ...
Unpacking libinput-bin (1.20.0-1ubuntu0.4) ...
Selecting previously unselected package libinput10:amd64.
Preparing to unpack .../70-libinput10_1.20.0-1ubuntu0.4_amd64.deb ...
Unpacking libinput10:amd64 (1.20.0-1ubuntu0.4) ...
Selecting previously unselected package libjpeg-turbo8:amd64.
Preparing to unpack .../71-libjpeg-turbo8_2.1.2-0ubuntu1_amd64.deb ...
Unpacking libjpeg-turbo8:amd64 (2.1.2-0ubuntu1) ...
Selecting previously unselected package libjpeg8:amd64.
Preparing to unpack .../72-libjpeg8_8c-2ubuntu10_amd64.deb ...
Unpacking libjpeg8:amd64 (8c-2ubuntu10) ...
Selecting previously unselected package libmd4c0:amd64.
Preparing to unpack .../73-libmd4c0_0.4.8-1_amd64.deb ...
Unpacking libmd4c0:amd64 (0.4.8-1) ...
Selecting previously unselected package libdbus-1-3:amd64.
Preparing to unpack .../74-libdbus-1-3_1.12.20-2ubuntu4.1_amd64.deb ...
Unpacking libdbus-1-3:amd64 (1.12.20-2ubuntu4.1) ...
Selecting previously unselected package libqt5dbus5:amd64.
Preparing to unpack .../75-libqt5dbus5_5.15.3+dfsg-2ubuntu0.2_amd64.deb ...
Unpacking libqt5dbus5:amd64 (5.15.3+dfsg-2ubuntu0.2) ...
Preparing to unpack .../76-libk5crypto3_1.19.2-2ubuntu0.10_amd64.deb ...
Unpacking libk5crypto3:amd64 (1.19.2-2ubuntu0.10) over (1.19.2-2ubuntu0.8) ...
Setting up libk5crypto3:amd64 (1.19.2-2ubuntu0.10) ...
(Reading database ... (Reading database ... 5%(Reading database ... 10%(Reading database ... 15%(Reading database ... 20%(Reading database ... 25%(Reading database ... 30%(Reading database ... 35%(Reading database ... 40%(Reading database ... 45%(Reading database ... 50%(Reading database ... 55%(Reading database ... 60%(Reading database ... 65%(Reading database ... 70%(Reading database ... 75%(Reading database ... 80%(Reading database ... 85%(Reading database ... 90%(Reading database ... 95%(Reading database ... 100%(Reading database ... 30958 files and directories currently installed.)
Preparing to unpack .../libkrb5support0_1.19.2-2ubuntu0.10_amd64.deb ...
Unpacking libkrb5support0:amd64 (1.19.2-2ubuntu0.10) over (1.19.2-2ubuntu0.8) ...
Setting up libkrb5support0:amd64 (1.19.2-2ubuntu0.10) ...
(Reading database ... (Reading database ... 5%(Reading database ... 10%(Reading database ... 15%(Reading database ... 20%(Reading database ... 25%(Reading database ... 30%(Reading database ... 35%(Reading database ... 40%(Reading database ... 45%(Reading database ... 50%(Reading database ... 55%(Reading database ... 60%(Reading database ... 65%(Reading database ... 70%(Reading database ... 75%(Reading database ... 80%(Reading database ... 85%(Reading database ... 90%(Reading database ... 95%(Reading database ... 100%(Reading database ... 30958 files and directories currently installed.)
Preparing to unpack .../libkrb5-3_1.19.2-2ubuntu0.10_amd64.deb ...
Unpacking libkrb5-3:amd64 (1.19.2-2ubuntu0.10) over (1.19.2-2ubuntu0.8) ...
Setting up libkrb5-3:amd64 (1.19.2-2ubuntu0.10) ...
(Reading database ... (Reading database ... 5%(Reading database ... 10%(Reading database ... 15%(Reading database ... 20%(Reading database ... 25%(Reading database ... 30%(Reading database ... 35%(Reading database ... 40%(Reading database ... 45%(Reading database ... 50%(Reading database ... 55%(Reading database ... 60%(Reading database ... 65%(Reading database ... 70%(Reading database ... 75%(Reading database ... 80%(Reading database ... 85%(Reading database ... 90%(Reading database ... 95%(Reading database ... 100%(Reading database ... 30958 files and directories currently installed.)
Preparing to unpack .../libgssapi-krb5-2_1.19.2-2ubuntu0.10_amd64.deb ...
Unpacking libgssapi-krb5-2:amd64 (1.19.2-2ubuntu0.10) over (1.19.2-2ubuntu0.8) ...
Setting up libgssapi-krb5-2:amd64 (1.19.2-2ubuntu0.10) ...
Selecting previously unselected package libqt5network5:amd64.
(Reading database ... (Reading database ... 5%(Reading database ... 10%(Reading database ... 15%(Reading database ... 20%(Reading database ... 25%(Reading database ... 30%(Reading database ... 35%(Reading database ... 40%(Reading database ... 45%(Reading database ... 50%(Reading database ... 55%(Reading database ... 60%(Reading database ... 65%(Reading database ... 70%(Reading database ... 75%(Reading database ... 80%(Reading database ... 85%(Reading database ... 90%(Reading database ... 95%(Reading database ... 100%(Reading database ... 30958 files and directories currently installed.)
Preparing to unpack .../0000-libqt5network5_5.15.3+dfsg-2ubuntu0.2_amd64.deb ...
Unpacking libqt5network5:amd64 (5.15.3+dfsg-2ubuntu0.2) ...
Selecting previously unselected package libsm6:amd64.
Preparing to unpack .../0001-libsm6_2%3a1.2.3-1build2_amd64.deb ...
Unpacking libsm6:amd64 (2:1.2.3-1build2) ...
Selecting previously unselected package libxcb-icccm4:amd64.
Preparing to unpack .../0002-libxcb-icccm4_0.4.1-1.1build2_amd64.deb ...
Unpacking libxcb-icccm4:amd64 (0.4.1-1.1build2) ...
Selecting previously unselected package libxcb-util1:amd64.
Preparing to unpack .../0003-libxcb-util1_0.4.0-1build2_amd64.deb ...
Unpacking libxcb-util1:amd64 (0.4.0-1build2) ...
Selecting previously unselected package libxcb-image0:amd64.
Preparing to unpack .../0004-libxcb-image0_0.4.0-2_amd64.deb ...
Unpacking libxcb-image0:amd64 (0.4.0-2) ...
Selecting previously unselected package libxcb-keysyms1:amd64.
Preparing to unpack .../0005-libxcb-keysyms1_0.4.0-1build3_amd64.deb ...
Unpacking libxcb-keysyms1:amd64 (0.4.0-1build3) ...
Selecting previously unselected package libxcb-render0:amd64.
Preparing to unpack .../0006-libxcb-render0_1.14-3ubuntu3_amd64.deb ...
Unpacking libxcb-render0:amd64 (1.14-3ubuntu3) ...
Selecting previously unselected package libxcb-render-util0:amd64.
Preparing to unpack .../0007-libxcb-render-util0_0.3.9-1build3_amd64.deb ...
Unpacking libxcb-render-util0:amd64 (0.3.9-1build3) ...
Selecting previously unselected package libxcb-shape0:amd64.
Preparing to unpack .../0008-libxcb-shape0_1.14-3ubuntu3_amd64.deb ...
Unpacking libxcb-shape0:amd64 (1.14-3ubuntu3) ...
Selecting previously unselected package libxcb-xinerama0:amd64.
Preparing to unpack .../0009-libxcb-xinerama0_1.14-3ubuntu3_amd64.deb ...
Unpacking libxcb-xinerama0:amd64 (1.14-3ubuntu3) ...
Selecting previously unselected package libxcb-xinput0:amd64.
Preparing to unpack .../0010-libxcb-xinput0_1.14-3ubuntu3_amd64.deb ...
Unpacking libxcb-xinput0:amd64 (1.14-3ubuntu3) ...
Selecting previously unselected package libxcb-xkb1:amd64.
Preparing to unpack .../0011-libxcb-xkb1_1.14-3ubuntu3_amd64.deb ...
Unpacking libxcb-xkb1:amd64 (1.14-3ubuntu3) ...
Selecting previously unselected package xkb-data.
Preparing to unpack .../0012-xkb-data_2.33-1_all.deb ...
Unpacking xkb-data (2.33-1) ...
Selecting previously unselected package libxkbcommon0:amd64.
Preparing to unpack .../0013-libxkbcommon0_1.4.0-1_amd64.deb ...
Unpacking libxkbcommon0:amd64 (1.4.0-1) ...
Selecting previously unselected package libxkbcommon-x11-0:amd64.
Preparing to unpack .../0014-libxkbcommon-x11-0_1.4.0-1_amd64.deb ...
Unpacking libxkbcommon-x11-0:amd64 (1.4.0-1) ...
Selecting previously unselected package libxrender1:amd64.
Preparing to unpack .../0015-libxrender1_1%3a0.9.10-1build4_amd64.deb ...
Unpacking libxrender1:amd64 (1:0.9.10-1build4) ...
Selecting previously unselected package libqt5gui5:amd64.
Preparing to unpack .../0016-libqt5gui5_5.15.3+dfsg-2ubuntu0.2_amd64.deb ...
Unpacking libqt5gui5:amd64 (5.15.3+dfsg-2ubuntu0.2) ...
Selecting previously unselected package libqt5widgets5:amd64.
Preparing to unpack .../0017-libqt5widgets5_5.15.3+dfsg-2ubuntu0.2_amd64.deb ...
Unpacking libqt5widgets5:amd64 (5.15.3+dfsg-2ubuntu0.2) ...
Selecting previously unselected package libqt5svg5:amd64.
Preparing to unpack .../0018-libqt5svg5_5.15.3-1_amd64.deb ...
Unpacking libqt5svg5:amd64 (5.15.3-1) ...
Selecting previously unselected package perl-modules-5.34.
Preparing to unpack .../0019-perl-modules-5.34_5.34.0-3ubuntu1.9_all.deb ...
Unpacking perl-modules-5.34 (5.34.0-3ubuntu1.9) ...
Selecting previously unselected package libgdbm6:amd64.
Preparing to unpack .../0020-libgdbm6_1.23-1_amd64.deb ...
Unpacking libgdbm6:amd64 (1.23-1) ...
Selecting previously unselected package libgdbm-compat4:amd64.
Preparing to unpack .../0021-libgdbm-compat4_1.23-1_amd64.deb ...
Unpacking libgdbm-compat4:amd64 (1.23-1) ...
Selecting previously unselected package libperl5.34:amd64.
Preparing to unpack .../0022-libperl5.34_5.34.0-3ubuntu1.9_amd64.deb ...
Unpacking libperl5.34:amd64 (5.34.0-3ubuntu1.9) ...
Selecting previously unselected package perl.
Preparing to unpack .../0023-perl_5.34.0-3ubuntu1.9_amd64.deb ...
Unpacking perl (5.34.0-3ubuntu1.9) ...
Selecting previously unselected package poppler-data.
Preparing to unpack .../0024-poppler-data_0.4.11-1_all.deb ...
Unpacking poppler-data (0.4.11-1) ...
Selecting previously unselected package libjs-jquery-hotkeys.
Preparing to unpack .../0025-libjs-jquery-hotkeys_0~20130707+git2d51e3a9+dfsg-2ubuntu1_all.deb ...
Unpacking libjs-jquery-hotkeys (0~20130707+git2d51e3a9+dfsg-2ubuntu1) ...
Selecting previously unselected package dbus.
Preparing to unpack .../0026-dbus_1.12.20-2ubuntu4.1_amd64.deb ...
Unpacking dbus (1.12.20-2ubuntu4.1) ...
Selecting previously unselected package dmsetup.
Preparing to unpack .../0027-dmsetup_2%3a1.02.175-2.1ubuntu5_amd64.deb ...
Unpacking dmsetup (2:1.02.175-2.1ubuntu5) ...
Selecting previously unselected package libgirepository-1.0-1:amd64.
Preparing to unpack .../0028-libgirepository-1.0-1_1.72.0-1_amd64.deb ...
Unpacking libgirepository-1.0-1:amd64 (1.72.0-1) ...
Selecting previously unselected package gir1.2-glib-2.0:amd64.
Preparing to unpack .../0029-gir1.2-glib-2.0_1.72.0-1_amd64.deb ...
Unpacking gir1.2-glib-2.0:amd64 (1.72.0-1) ...
Selecting previously unselected package iso-codes.
Preparing to unpack .../0030-iso-codes_4.9.0-1_all.deb ...
Unpacking iso-codes (4.9.0-1) ...
Selecting previously unselected package less.
Preparing to unpack .../0031-less_590-1ubuntu0.22.04.3_amd64.deb ...
Unpacking less (590-1ubuntu0.22.04.3) ...
Selecting previously unselected package libcap2-bin.
Preparing to unpack .../0032-libcap2-bin_1%3a2.44-1ubuntu0.22.04.3_amd64.deb ...
Unpacking libcap2-bin (1:2.44-1ubuntu0.22.04.3) ...
Selecting previously unselected package libfribidi0:amd64.
Preparing to unpack .../0033-libfribidi0_1.0.8-2ubuntu3.1_amd64.deb ...
Unpacking libfribidi0:amd64 (1.0.8-2ubuntu3.1) ...
Selecting previously unselected package libglib2.0-data.
Preparing to unpack .../0034-libglib2.0-data_2.72.4-0ubuntu2.10_all.deb ...
Unpacking libglib2.0-data (2.72.4-0ubuntu2.10) ...
Selecting previously unselected package libnss-systemd:amd64.
Preparing to unpack .../0035-libnss-systemd_249.11-0ubuntu3.22_amd64.deb ...
Unpacking libnss-systemd:amd64 (249.11-0ubuntu3.22) ...
Selecting previously unselected package libpam-cap:amd64.
Preparing to unpack .../0036-libpam-cap_1%3a2.44-1ubuntu0.22.04.3_amd64.deb ...
Unpacking libpam-cap:amd64 (1:2.44-1ubuntu0.22.04.3) ...
Selecting previously unselected package libpam-systemd:amd64.
Preparing to unpack .../0037-libpam-systemd_249.11-0ubuntu3.22_amd64.deb ...
Unpacking libpam-systemd:amd64 (249.11-0ubuntu3.22) ...
Selecting previously unselected package libslang2:amd64.
Preparing to unpack .../0038-libslang2_2.3.2-5build4_amd64.deb ...
Unpacking libslang2:amd64 (2.3.2-5build4) ...
Preparing to unpack .../0039-libsqlite3-0_3.37.2-2ubuntu0.8_amd64.deb ...
Unpacking libsqlite3-0:amd64 (3.37.2-2ubuntu0.8) over (3.37.2-2ubuntu0.7) ...
Selecting previously unselected package netbase.
Preparing to unpack .../0040-netbase_6.3_all.deb ...
Unpacking netbase (6.3) ...
Selecting previously unselected package python3-dbus.
Preparing to unpack .../0041-python3-dbus_1.2.18-3build1_amd64.deb ...
Unpacking python3-dbus (1.2.18-3build1) ...
Selecting previously unselected package python3-gi.
Preparing to unpack .../0042-python3-gi_3.42.1-0ubuntu1_amd64.deb ...
Unpacking python3-gi (3.42.1-0ubuntu1) ...
Selecting previously unselected package networkd-dispatcher.
Preparing to unpack .../0043-networkd-dispatcher_2.1-2ubuntu0.22.04.2_all.deb ...
Unpacking networkd-dispatcher (2.1-2ubuntu0.22.04.2) ...
Selecting previously unselected package sudo.
Preparing to unpack .../0044-sudo_1.9.9-1ubuntu2.6_amd64.deb ...
Unpacking sudo (1.9.9-1ubuntu2.6) ...
Selecting previously unselected package systemd-timesyncd.
Preparing to unpack .../0045-systemd-timesyncd_249.11-0ubuntu3.22_amd64.deb ...
Unpacking systemd-timesyncd (249.11-0ubuntu3.22) ...
Selecting previously unselected package xdg-user-dirs.
Preparing to unpack .../0046-xdg-user-dirs_0.17-2ubuntu4_amd64.deb ...
Unpacking xdg-user-dirs (0.17-2ubuntu4) ...
Selecting previously unselected package libmagic-mgc.
Preparing to unpack .../0047-libmagic-mgc_1%3a5.41-3ubuntu0.1_amd64.deb ...
Unpacking libmagic-mgc (1:5.41-3ubuntu0.1) ...
Selecting previously unselected package libmagic1:amd64.
Preparing to unpack .../0048-libmagic1_1%3a5.41-3ubuntu0.1_amd64.deb ...
Unpacking libmagic1:amd64 (1:5.41-3ubuntu0.1) ...
Selecting previously unselected package file.
Preparing to unpack .../0049-file_1%3a5.41-3ubuntu0.1_amd64.deb ...
Unpacking file (1:5.41-3ubuntu0.1) ...
Selecting previously unselected package libcbor0.8:amd64.
Preparing to unpack .../0050-libcbor0.8_0.8.0-2ubuntu1_amd64.deb ...
Unpacking libcbor0.8:amd64 (0.8.0-2ubuntu1) ...
Selecting previously unselected package libfido2-1:amd64.
Preparing to unpack .../0051-libfido2-1_1.10.0-1_amd64.deb ...
Unpacking libfido2-1:amd64 (1.10.0-1) ...
Selecting previously unselected package libnuma1:amd64.
Preparing to unpack .../0052-libnuma1_2.0.14-3ubuntu2_amd64.deb ...
Unpacking libnuma1:amd64 (2.0.14-3ubuntu2) ...
Selecting previously unselected package libusb-1.0-0:amd64.
Preparing to unpack .../0053-libusb-1.0-0_2%3a1.0.25-1ubuntu2_amd64.deb ...
Unpacking libusb-1.0-0:amd64 (2:1.0.25-1ubuntu2) ...
Selecting previously unselected package libxmuu1:amd64.
Preparing to unpack .../0054-libxmuu1_2%3a1.1.3-3_amd64.deb ...
Unpacking libxmuu1:amd64 (2:1.1.3-3) ...
Selecting previously unselected package openssh-client.
Preparing to unpack .../0055-openssh-client_1%3a8.9p1-3ubuntu0.17_amd64.deb ...
Unpacking openssh-client (1:8.9p1-3ubuntu0.17) ...
Selecting previously unselected package xauth.
Preparing to unpack .../0056-xauth_1%3a1.1-1build2_amd64.deb ...
Unpacking xauth (1:1.1-1build2) ...
Selecting previously unselected package xz-utils.
Preparing to unpack .../0057-xz-utils_5.2.5-2ubuntu1.1_amd64.deb ...
Unpacking xz-utils (5.2.5-2ubuntu1.1) ...
Selecting previously unselected package acl.
Preparing to unpack .../0058-acl_2.3.1-1_amd64.deb ...
Unpacking acl (2.3.1-1) ...
Selecting previously unselected package hicolor-icon-theme.
Preparing to unpack .../0059-hicolor-icon-theme_0.17-2_all.deb ...
Unpacking hicolor-icon-theme (0.17-2) ...
Selecting previously unselected package libgdk-pixbuf2.0-common.
Preparing to unpack .../0060-libgdk-pixbuf2.0-common_2.42.8+dfsg-1ubuntu0.5_all.deb ...
Unpacking libgdk-pixbuf2.0-common (2.42.8+dfsg-1ubuntu0.5) ...
Selecting previously unselected package libdeflate0:amd64.
Preparing to unpack .../0061-libdeflate0_1.10-2_amd64.deb ...
Unpacking libdeflate0:amd64 (1.10-2) ...
Selecting previously unselected package libjbig0:amd64.
Preparing to unpack .../0062-libjbig0_2.1-3.1ubuntu0.22.04.1_amd64.deb ...
Unpacking libjbig0:amd64 (2.1-3.1ubuntu0.22.04.1) ...
Selecting previously unselected package libwebp7:amd64.
Preparing to unpack .../0063-libwebp7_1.2.2-2ubuntu0.22.04.2_amd64.deb ...
Unpacking libwebp7:amd64 (1.2.2-2ubuntu0.22.04.2) ...
Selecting previously unselected package libtiff5:amd64.
Preparing to unpack .../0064-libtiff5_4.3.0-6ubuntu0.13_amd64.deb ...
Unpacking libtiff5:amd64 (4.3.0-6ubuntu0.13) ...
Selecting previously unselected package libgdk-pixbuf-2.0-0:amd64.
Preparing to unpack .../0065-libgdk-pixbuf-2.0-0_2.42.8+dfsg-1ubuntu0.5_amd64.deb ...
Unpacking libgdk-pixbuf-2.0-0:amd64 (2.42.8+dfsg-1ubuntu0.5) ...
Selecting previously unselected package gtk-update-icon-cache.
Preparing to unpack .../0066-gtk-update-icon-cache_3.24.33-1ubuntu2.2_amd64.deb ...
Unpacking gtk-update-icon-cache (3.24.33-1ubuntu2.2) ...
Selecting previously unselected package humanity-icon-theme.
Preparing to unpack .../0067-humanity-icon-theme_0.6.16_all.deb ...
Unpacking humanity-icon-theme (0.6.16) ...
Selecting previously unselected package ubuntu-mono.
Preparing to unpack .../0068-ubuntu-mono_20.10-0ubuntu2_all.deb ...
Unpacking ubuntu-mono (20.10-0ubuntu2) ...
Selecting previously unselected package adwaita-icon-theme.
Preparing to unpack .../0069-adwaita-icon-theme_41.0-1ubuntu1_all.deb ...
Unpacking adwaita-icon-theme (41.0-1ubuntu1) ...
Selecting previously unselected package alsa-topology-conf.
Preparing to unpack .../0070-alsa-topology-conf_1.2.5.1-2_all.deb ...
Unpacking alsa-topology-conf (1.2.5.1-2) ...
Selecting previously unselected package libasound2-data.
Preparing to unpack .../0071-libasound2-data_1.2.6.1-1ubuntu1.2_all.deb ...
Unpacking libasound2-data (1.2.6.1-1ubuntu1.2) ...
Selecting previously unselected package libasound2:amd64.
Preparing to unpack .../0072-libasound2_1.2.6.1-1ubuntu1.2_amd64.deb ...
Unpacking libasound2:amd64 (1.2.6.1-1ubuntu1.2) ...
Selecting previously unselected package alsa-ucm-conf.
Preparing to unpack .../0073-alsa-ucm-conf_1.2.6.3-1ubuntu1.12_all.deb ...
Unpacking alsa-ucm-conf (1.2.6.3-1ubuntu1.12) ...
Selecting previously unselected package libxi6:amd64.
Preparing to unpack .../0074-libxi6_2%3a1.8-1build1_amd64.deb ...
Unpacking libxi6:amd64 (2:1.8-1build1) ...
Selecting previously unselected package libatspi2.0-0:amd64.
Preparing to unpack .../0075-libatspi2.0-0_2.44.0-3_amd64.deb ...
Unpacking libatspi2.0-0:amd64 (2.44.0-3) ...
Selecting previously unselected package libxtst6:amd64.
Preparing to unpack .../0076-libxtst6_2%3a1.2.3-1build4_amd64.deb ...
Unpacking libxtst6:amd64 (2:1.2.3-1build4) ...
Selecting previously unselected package dbus-user-session.
Preparing to unpack .../0077-dbus-user-session_1.12.20-2ubuntu4.1_amd64.deb ...
Unpacking dbus-user-session (1.12.20-2ubuntu4.1) ...
Selecting previously unselected package libdconf1:amd64.
Preparing to unpack .../0078-libdconf1_0.40.0-3ubuntu0.1_amd64.deb ...
Unpacking libdconf1:amd64 (0.40.0-3ubuntu0.1) ...
Selecting previously unselected package dconf-service.
Preparing to unpack .../0079-dconf-service_0.40.0-3ubuntu0.1_amd64.deb ...
Unpacking dconf-service (0.40.0-3ubuntu0.1) ...
Selecting previously unselected package dconf-gsettings-backend:amd64.
Preparing to unpack .../0080-dconf-gsettings-backend_0.40.0-3ubuntu0.1_amd64.deb ...
Unpacking dconf-gsettings-backend:amd64 (0.40.0-3ubuntu0.1) ...
Selecting previously unselected package session-migration.
Preparing to unpack .../0081-session-migration_0.3.6_amd64.deb ...
Unpacking session-migration (0.3.6) ...
Selecting previously unselected package gsettings-desktop-schemas.
Preparing to unpack .../0082-gsettings-desktop-schemas_42.0-1ubuntu1_all.deb ...
Unpacking gsettings-desktop-schemas (42.0-1ubuntu1) ...
Selecting previously unselected package at-spi2-core.
Preparing to unpack .../0083-at-spi2-core_2.44.0-3_amd64.deb ...
Unpacking at-spi2-core (2.44.0-3) ...
Selecting previously unselected package libsigsegv2:amd64.
Preparing to unpack .../0084-libsigsegv2_2.13-1ubuntu3_amd64.deb ...
Unpacking libsigsegv2:amd64 (2.13-1ubuntu3) ...
Selecting previously unselected package m4.
Preparing to unpack .../0085-m4_1.4.18-5ubuntu2_amd64.deb ...
Unpacking m4 (1.4.18-5ubuntu2) ...
Selecting previously unselected package autoconf.
Preparing to unpack .../0086-autoconf_2.71-2_all.deb ...
Unpacking autoconf (2.71-2) ...
Selecting previously unselected package autotools-dev.
Preparing to unpack .../0087-autotools-dev_20220109.1_all.deb ...
Unpacking autotools-dev (20220109.1) ...
Selecting previously unselected package automake.
Preparing to unpack .../0088-automake_1%3a1.16.5-1.3_all.deb ...
Unpacking automake (1:1.16.5-1.3) ...
Selecting previously unselected package binutils-common:amd64.
Preparing to unpack .../0089-binutils-common_2.38-4ubuntu2.12_amd64.deb ...
Unpacking binutils-common:amd64 (2.38-4ubuntu2.12) ...
Selecting previously unselected package libbinutils:amd64.
Preparing to unpack .../0090-libbinutils_2.38-4ubuntu2.12_amd64.deb ...
Unpacking libbinutils:amd64 (2.38-4ubuntu2.12) ...
Selecting previously unselected package libctf-nobfd0:amd64.
Preparing to unpack .../0091-libctf-nobfd0_2.38-4ubuntu2.12_amd64.deb ...
Unpacking libctf-nobfd0:amd64 (2.38-4ubuntu2.12) ...
Selecting previously unselected package libctf0:amd64.
Preparing to unpack .../0092-libctf0_2.38-4ubuntu2.12_amd64.deb ...
Unpacking libctf0:amd64 (2.38-4ubuntu2.12) ...
Selecting previously unselected package binutils-x86-64-linux-gnu.
Preparing to unpack .../0093-binutils-x86-64-linux-gnu_2.38-4ubuntu2.12_amd64.deb ...
Unpacking binutils-x86-64-linux-gnu (2.38-4ubuntu2.12) ...
Selecting previously unselected package binutils.
Preparing to unpack .../0094-binutils_2.38-4ubuntu2.12_amd64.deb ...
Unpacking binutils (2.38-4ubuntu2.12) ...
Selecting previously unselected package bzip2.
Preparing to unpack .../0095-bzip2_1.0.8-5ubuntu0.1_amd64.deb ...
Unpacking bzip2 (1.0.8-5ubuntu0.1) ...
Selecting previously unselected package bzip2-doc.
Preparing to unpack .../0096-bzip2-doc_1.0.8-5ubuntu0.1_all.deb ...
Unpacking bzip2-doc (1.0.8-5ubuntu0.1) ...
Selecting previously unselected package gcc-11-base:amd64.
Preparing to unpack .../0097-gcc-11-base_11.4.0-1ubuntu1~22.04.3_amd64.deb ...
Unpacking gcc-11-base:amd64 (11.4.0-1ubuntu1~22.04.3) ...
Selecting previously unselected package libisl23:amd64.
Preparing to unpack .../0098-libisl23_0.24-2build1_amd64.deb ...
Unpacking libisl23:amd64 (0.24-2build1) ...
Selecting previously unselected package libmpfr6:amd64.
Preparing to unpack .../0099-libmpfr6_4.1.0-3build3_amd64.deb ...
Unpacking libmpfr6:amd64 (4.1.0-3build3) ...
Selecting previously unselected package libmpc3:amd64.
Preparing to unpack .../0100-libmpc3_1.2.1-2build1_amd64.deb ...
Unpacking libmpc3:amd64 (1.2.1-2build1) ...
Selecting previously unselected package cpp-11.
Preparing to unpack .../0101-cpp-11_11.4.0-1ubuntu1~22.04.3_amd64.deb ...
Unpacking cpp-11 (11.4.0-1ubuntu1~22.04.3) ...
Selecting previously unselected package cpp.
Preparing to unpack .../0102-cpp_4%3a11.2.0-1ubuntu1_amd64.deb ...
Unpacking cpp (4:11.2.0-1ubuntu1) ...
Preparing to unpack .../0103-curl_7.81.0-1ubuntu1.29_amd64.deb ...
Unpacking curl (7.81.0-1ubuntu1.29) over (7.81.0-1ubuntu1.27) ...
Preparing to unpack .../0104-libcurl4_7.81.0-1ubuntu1.29_amd64.deb ...
Unpacking libcurl4:amd64 (7.81.0-1ubuntu1.29) over (7.81.0-1ubuntu1.27) ...
Selecting previously unselected package mysql-common.
Preparing to unpack .../0105-mysql-common_5.8+1.0.8_all.deb ...
Unpacking mysql-common (5.8+1.0.8) ...
Selecting previously unselected package libmysqlclient21:amd64.
Preparing to unpack .../0106-libmysqlclient21_8.0.46-0ubuntu0.22.04.4_amd64.deb ...
Unpacking libmysqlclient21:amd64 (8.0.46-0ubuntu0.22.04.4) ...
Selecting previously unselected package libzstd-dev:amd64.
Preparing to unpack .../0107-libzstd-dev_1.4.8+dfsg-3build1_amd64.deb ...
Unpacking libzstd-dev:amd64 (1.4.8+dfsg-3build1) ...
Selecting previously unselected package libmysqlclient-dev.
Preparing to unpack .../0108-libmysqlclient-dev_8.0.46-0ubuntu0.22.04.4_amd64.deb ...
Unpacking libmysqlclient-dev (8.0.46-0ubuntu0.22.04.4) ...
Selecting previously unselected package default-libmysqlclient-dev:amd64.
Preparing to unpack .../0109-default-libmysqlclient-dev_1.0.8_amd64.deb ...
Unpacking default-libmysqlclient-dev:amd64 (1.0.8) ...
Selecting previously unselected package fonts-noto-mono.
Preparing to unpack .../0110-fonts-noto-mono_20201225-1build1_all.deb ...
Unpacking fonts-noto-mono (20201225-1build1) ...
Selecting previously unselected package freeglut3:amd64.
Preparing to unpack .../0111-freeglut3_2.8.1-6_amd64.deb ...
Unpacking freeglut3:amd64 (2.8.1-6) ...
Selecting previously unselected package xorg-sgml-doctools.
Preparing to unpack .../0112-xorg-sgml-doctools_1%3a1.11-1.1_all.deb ...
Unpacking xorg-sgml-doctools (1:1.11-1.1) ...
Selecting previously unselected package x11proto-dev.
Preparing to unpack .../0113-x11proto-dev_2021.5-1_all.deb ...
Unpacking x11proto-dev (2021.5-1) ...
Selecting previously unselected package libxau-dev:amd64.
Preparing to unpack .../0114-libxau-dev_1%3a1.0.9-1build5_amd64.deb ...
Unpacking libxau-dev:amd64 (1:1.0.9-1build5) ...
Selecting previously unselected package x11proto-core-dev.
Preparing to unpack .../0115-x11proto-core-dev_2021.5-1_all.deb ...
Unpacking x11proto-core-dev (2021.5-1) ...
Selecting previously unselected package libxdmcp-dev:amd64.
Preparing to unpack .../0116-libxdmcp-dev_1%3a1.1.3-0ubuntu5_amd64.deb ...
Unpacking libxdmcp-dev:amd64 (1:1.1.3-0ubuntu5) ...
Selecting previously unselected package xtrans-dev.
Preparing to unpack .../0117-xtrans-dev_1.4.0-1_all.deb ...
Unpacking xtrans-dev (1.4.0-1) ...
Selecting previously unselected package libpthread-stubs0-dev:amd64.
Preparing to unpack .../0118-libpthread-stubs0-dev_0.4-1build2_amd64.deb ...
Unpacking libpthread-stubs0-dev:amd64 (0.4-1build2) ...
Selecting previously unselected package libxcb1-dev:amd64.
Preparing to unpack .../0119-libxcb1-dev_1.14-3ubuntu3_amd64.deb ...
Unpacking libxcb1-dev:amd64 (1.14-3ubuntu3) ...
Selecting previously unselected package libx11-dev:amd64.
Preparing to unpack .../0120-libx11-dev_2%3a1.7.5-1ubuntu0.3_amd64.deb ...
Unpacking libx11-dev:amd64 (2:1.7.5-1ubuntu0.3) ...
Selecting previously unselected package libglx-dev:amd64.
Preparing to unpack .../0121-libglx-dev_1.4.0-1_amd64.deb ...
Unpacking libglx-dev:amd64 (1.4.0-1) ...
Selecting previously unselected package libgl-dev:amd64.
Preparing to unpack .../0122-libgl-dev_1.4.0-1_amd64.deb ...
Unpacking libgl-dev:amd64 (1.4.0-1) ...
Selecting previously unselected package libglvnd-core-dev:amd64.
Preparing to unpack .../0123-libglvnd-core-dev_1.4.0-1_amd64.deb ...
Unpacking libglvnd-core-dev:amd64 (1.4.0-1) ...
Selecting previously unselected package libegl-dev:amd64.
Preparing to unpack .../0124-libegl-dev_1.4.0-1_amd64.deb ...
Unpacking libegl-dev:amd64 (1.4.0-1) ...
Selecting previously unselected package libgles1:amd64.
Preparing to unpack .../0125-libgles1_1.4.0-1_amd64.deb ...
Unpacking libgles1:amd64 (1.4.0-1) ...
Selecting previously unselected package libgles2:amd64.
Preparing to unpack .../0126-libgles2_1.4.0-1_amd64.deb ...
Unpacking libgles2:amd64 (1.4.0-1) ...
Selecting previously unselected package libgles-dev:amd64.
Preparing to unpack .../0127-libgles-dev_1.4.0-1_amd64.deb ...
Unpacking libgles-dev:amd64 (1.4.0-1) ...
Selecting previously unselected package libopengl0:amd64.
Preparing to unpack .../0128-libopengl0_1.4.0-1_amd64.deb ...
Unpacking libopengl0:amd64 (1.4.0-1) ...
Selecting previously unselected package libopengl-dev:amd64.
Preparing to unpack .../0129-libopengl-dev_1.4.0-1_amd64.deb ...
Unpacking libopengl-dev:amd64 (1.4.0-1) ...
Selecting previously unselected package libglvnd-dev:amd64.
Preparing to unpack .../0130-libglvnd-dev_1.4.0-1_amd64.deb ...
Unpacking libglvnd-dev:amd64 (1.4.0-1) ...
Selecting previously unselected package libgl1-mesa-dev:amd64.
Preparing to unpack .../0131-libgl1-mesa-dev_23.2.1-1ubuntu3.1~22.04.4_amd64.deb ...
Unpacking libgl1-mesa-dev:amd64 (23.2.1-1ubuntu3.1~22.04.4) ...
Selecting previously unselected package libglu1-mesa:amd64.
Preparing to unpack .../0132-libglu1-mesa_9.0.2-1_amd64.deb ...
Unpacking libglu1-mesa:amd64 (9.0.2-1) ...
Selecting previously unselected package libglu1-mesa-dev:amd64.
Preparing to unpack .../0133-libglu1-mesa-dev_9.0.2-1_amd64.deb ...
Unpacking libglu1-mesa-dev:amd64 (9.0.2-1) ...
Selecting previously unselected package libxext-dev:amd64.
Preparing to unpack .../0134-libxext-dev_2%3a1.3.4-1build1_amd64.deb ...
Unpacking libxext-dev:amd64 (2:1.3.4-1build1) ...
Selecting previously unselected package libxt6:amd64.
Preparing to unpack .../0135-libxt6_1%3a1.2.1-1_amd64.deb ...
Unpacking libxt6:amd64 (1:1.2.1-1) ...
Selecting previously unselected package libice-dev:amd64.
Preparing to unpack .../0136-libice-dev_2%3a1.0.10-1build2_amd64.deb ...
Unpacking libice-dev:amd64 (2:1.0.10-1build2) ...
Selecting previously unselected package libsm-dev:amd64.
Preparing to unpack .../0137-libsm-dev_2%3a1.2.3-1build2_amd64.deb ...
Unpacking libsm-dev:amd64 (2:1.2.3-1build2) ...
Selecting previously unselected package libxt-dev:amd64.
Preparing to unpack .../0138-libxt-dev_1%3a1.2.1-1_amd64.deb ...
Unpacking libxt-dev:amd64 (1:1.2.1-1) ...
Selecting previously unselected package freeglut3-dev:amd64.
Preparing to unpack .../0139-freeglut3-dev_2.8.1-6_amd64.deb ...
Unpacking freeglut3-dev:amd64 (2.8.1-6) ...
Selecting previously unselected package libboost-filesystem1.74.0:amd64.
Preparing to unpack .../0140-libboost-filesystem1.74.0_1.74.0-14ubuntu3_amd64.deb ...
Unpacking libboost-filesystem1.74.0:amd64 (1.74.0-14ubuntu3) ...
Selecting previously unselected package libboost-iostreams1.74.0:amd64.
Preparing to unpack .../0141-libboost-iostreams1.74.0_1.74.0-14ubuntu3_amd64.deb ...
Unpacking libboost-iostreams1.74.0:amd64 (1.74.0-14ubuntu3) ...
Selecting previously unselected package libboost-program-options1.74.0:amd64.
Preparing to unpack .../0142-libboost-program-options1.74.0_1.74.0-14ubuntu3_amd64.deb ...
Unpacking libboost-program-options1.74.0:amd64 (1.74.0-14ubuntu3) ...
Selecting previously unselected package libboost-regex1.74.0:amd64.
Preparing to unpack .../0143-libboost-regex1.74.0_1.74.0-14ubuntu3_amd64.deb ...
Unpacking libboost-regex1.74.0:amd64 (1.74.0-14ubuntu3) ...
Selecting previously unselected package libboost-thread1.74.0:amd64.
Preparing to unpack .../0144-libboost-thread1.74.0_1.74.0-14ubuntu3_amd64.deb ...
Unpacking libboost-thread1.74.0:amd64 (1.74.0-14ubuntu3) ...
Selecting previously unselected package libdraco4:amd64.
Preparing to unpack .../0145-libdraco4_1.5.2+dfsg-2_amd64.deb ...
Unpacking libdraco4:amd64 (1.5.2+dfsg-2) ...
Selecting previously unselected package libminizip1:amd64.
Preparing to unpack .../0146-libminizip1_1.1-8build1_amd64.deb ...
Unpacking libminizip1:amd64 (1.1-8build1) ...
Selecting previously unselected package libassimp5:amd64.
Preparing to unpack .../0147-libassimp5_5.2.2~ds0-1_amd64.deb ...
Unpacking libassimp5:amd64 (5.2.2~ds0-1) ...
Selecting previously unselected package libaom3:amd64.
Preparing to unpack .../0148-libaom3_3.3.0-1ubuntu0.1_amd64.deb ...
Unpacking libaom3:amd64 (3.3.0-1ubuntu0.1) ...
Selecting previously unselected package libva2:amd64.
Preparing to unpack .../0149-libva2_2.14.0-1_amd64.deb ...
Unpacking libva2:amd64 (2.14.0-1) ...
Selecting previously unselected package libmfx1:amd64.
Preparing to unpack .../0150-libmfx1_22.3.0-1_amd64.deb ...
Unpacking libmfx1:amd64 (22.3.0-1) ...
Selecting previously unselected package libva-drm2:amd64.
Preparing to unpack .../0151-libva-drm2_2.14.0-1_amd64.deb ...
Unpacking libva-drm2:amd64 (2.14.0-1) ...
Selecting previously unselected package libva-x11-2:amd64.
Preparing to unpack .../0152-libva-x11-2_2.14.0-1_amd64.deb ...
Unpacking libva-x11-2:amd64 (2.14.0-1) ...
Selecting previously unselected package libvdpau1:amd64.
Preparing to unpack .../0153-libvdpau1_1.4-3build2_amd64.deb ...
Unpacking libvdpau1:amd64 (1.4-3build2) ...
Selecting previously unselected package ocl-icd-libopencl1:amd64.
Preparing to unpack .../0154-ocl-icd-libopencl1_2.2.14-3_amd64.deb ...
Unpacking ocl-icd-libopencl1:amd64 (2.2.14-3) ...
Selecting previously unselected package libavutil56:amd64.
Preparing to unpack .../0155-libavutil56_7%3a4.4.2-0ubuntu0.22.04.1_amd64.deb ...
Unpacking libavutil56:amd64 (7:4.4.2-0ubuntu0.22.04.1) ...
Selecting previously unselected package libpixman-1-0:amd64.
Preparing to unpack .../0156-libpixman-1-0_0.40.0-1ubuntu0.22.04.1_amd64.deb ...
Unpacking libpixman-1-0:amd64 (0.40.0-1ubuntu0.22.04.1) ...
Selecting previously unselected package libcairo2:amd64.
Preparing to unpack .../0157-libcairo2_1.16.0-5ubuntu2.1_amd64.deb ...
Unpacking libcairo2:amd64 (1.16.0-5ubuntu2.1) ...
Selecting previously unselected package libcodec2-1.0:amd64.
Preparing to unpack .../0158-libcodec2-1.0_1.0.1-3_amd64.deb ...
Unpacking libcodec2-1.0:amd64 (1.0.1-3) ...
Selecting previously unselected package libdav1d5:amd64.
Preparing to unpack .../0159-libdav1d5_0.9.2-1_amd64.deb ...
Unpacking libdav1d5:amd64 (0.9.2-1) ...
Selecting previously unselected package libgsm1:amd64.
Preparing to unpack .../0160-libgsm1_1.0.19-1_amd64.deb ...
Unpacking libgsm1:amd64 (1.0.19-1) ...
Selecting previously unselected package libmp3lame0:amd64.
Preparing to unpack .../0161-libmp3lame0_3.100-3build2_amd64.deb ...
Unpacking libmp3lame0:amd64 (3.100-3build2) ...
Selecting previously unselected package libopenjp2-7:amd64.
Preparing to unpack .../0162-libopenjp2-7_2.4.0-6ubuntu0.5_amd64.deb ...
Unpacking libopenjp2-7:amd64 (2.4.0-6ubuntu0.5) ...
Selecting previously unselected package libopus0:amd64.
Preparing to unpack .../0163-libopus0_1.3.1-0.1build2_amd64.deb ...
Unpacking libopus0:amd64 (1.3.1-0.1build2) ...
Selecting previously unselected package libcairo-gobject2:amd64.
Preparing to unpack .../0164-libcairo-gobject2_1.16.0-5ubuntu2.1_amd64.deb ...
Unpacking libcairo-gobject2:amd64 (1.16.0-5ubuntu2.1) ...
Selecting previously unselected package libthai-data.
Preparing to unpack .../0165-libthai-data_0.1.29-1build1_all.deb ...
Unpacking libthai-data (0.1.29-1build1) ...
Selecting previously unselected package libdatrie1:amd64.
Preparing to unpack .../0166-libdatrie1_0.2.13-2_amd64.deb ...
Unpacking libdatrie1:amd64 (0.2.13-2) ...
Selecting previously unselected package libthai0:amd64.
Preparing to unpack .../0167-libthai0_0.1.29-1build1_amd64.deb ...
Unpacking libthai0:amd64 (0.1.29-1build1) ...
Selecting previously unselected package libpango-1.0-0:amd64.
Preparing to unpack .../0168-libpango-1.0-0_1.50.6+ds-2ubuntu1_amd64.deb ...
Unpacking libpango-1.0-0:amd64 (1.50.6+ds-2ubuntu1) ...
Selecting previously unselected package libpangoft2-1.0-0:amd64.
Preparing to unpack .../0169-libpangoft2-1.0-0_1.50.6+ds-2ubuntu1_amd64.deb ...
Unpacking libpangoft2-1.0-0:amd64 (1.50.6+ds-2ubuntu1) ...
Selecting previously unselected package libpangocairo-1.0-0:amd64.
Preparing to unpack .../0170-libpangocairo-1.0-0_1.50.6+ds-2ubuntu1_amd64.deb ...
Unpacking libpangocairo-1.0-0:amd64 (1.50.6+ds-2ubuntu1) ...
Selecting previously unselected package librsvg2-2:amd64.
Preparing to unpack .../0171-librsvg2-2_2.52.5+dfsg-3ubuntu0.2_amd64.deb ...
Unpacking librsvg2-2:amd64 (2.52.5+dfsg-3ubuntu0.2) ...
Selecting previously unselected package libshine3:amd64.
Preparing to unpack .../0172-libshine3_3.1.1-2_amd64.deb ...
Unpacking libshine3:amd64 (3.1.1-2) ...
Selecting previously unselected package libsnappy1v5:amd64.
Preparing to unpack .../0173-libsnappy1v5_1.1.8-1build3_amd64.deb ...
Unpacking libsnappy1v5:amd64 (1.1.8-1build3) ...
Selecting previously unselected package libspeex1:amd64.
Preparing to unpack .../0174-libspeex1_1.2~rc1.2-1.1ubuntu3_amd64.deb ...
Unpacking libspeex1:amd64 (1.2~rc1.2-1.1ubuntu3) ...
Selecting previously unselected package libgomp1:amd64.
Preparing to unpack .../0175-libgomp1_12.3.0-1ubuntu1~22.04.3_amd64.deb ...
Unpacking libgomp1:amd64 (12.3.0-1ubuntu1~22.04.3) ...
Selecting previously unselected package libsoxr0:amd64.
Preparing to unpack .../0176-libsoxr0_0.1.3-4build2_amd64.deb ...
Unpacking libsoxr0:amd64 (0.1.3-4build2) ...
Selecting previously unselected package libswresample3:amd64.
Preparing to unpack .../0177-libswresample3_7%3a4.4.2-0ubuntu0.22.04.1_amd64.deb ...
Unpacking libswresample3:amd64 (7:4.4.2-0ubuntu0.22.04.1) ...
Selecting previously unselected package libogg0:amd64.
Preparing to unpack .../0178-libogg0_1.3.5-0ubuntu3_amd64.deb ...
Unpacking libogg0:amd64 (1.3.5-0ubuntu3) ...
Selecting previously unselected package libtheora0:amd64.
Preparing to unpack .../0179-libtheora0_1.1.1+dfsg.1-15ubuntu4_amd64.deb ...
Unpacking libtheora0:amd64 (1.1.1+dfsg.1-15ubuntu4) ...
Selecting previously unselected package libtwolame0:amd64.
Preparing to unpack .../0180-libtwolame0_0.4.0-2build2_amd64.deb ...
Unpacking libtwolame0:amd64 (0.4.0-2build2) ...
Selecting previously unselected package libvorbis0a:amd64.
Preparing to unpack .../0181-libvorbis0a_1.3.7-1build2_amd64.deb ...
Unpacking libvorbis0a:amd64 (1.3.7-1build2) ...
Selecting previously unselected package libvorbisenc2:amd64.
Preparing to unpack .../0182-libvorbisenc2_1.3.7-1build2_amd64.deb ...
Unpacking libvorbisenc2:amd64 (1.3.7-1build2) ...
Selecting previously unselected package libvpx7:amd64.
Preparing to unpack .../0183-libvpx7_1.11.0-2ubuntu2.5_amd64.deb ...
Unpacking libvpx7:amd64 (1.11.0-2ubuntu2.5) ...
Selecting previously unselected package libwebpmux3:amd64.
Preparing to unpack .../0184-libwebpmux3_1.2.2-2ubuntu0.22.04.2_amd64.deb ...
Unpacking libwebpmux3:amd64 (1.2.2-2ubuntu0.22.04.2) ...
Selecting previously unselected package libx264-163:amd64.
Preparing to unpack .../0185-libx264-163_2%3a0.163.3060+git5db6aa6-2build1_amd64.deb ...
Unpacking libx264-163:amd64 (2:0.163.3060+git5db6aa6-2build1) ...
Selecting previously unselected package libx265-199:amd64.
Preparing to unpack .../0186-libx265-199_3.5-2_amd64.deb ...
Unpacking libx265-199:amd64 (3.5-2) ...
Selecting previously unselected package libxvidcore4:amd64.
Preparing to unpack .../0187-libxvidcore4_2%3a1.3.7-1_amd64.deb ...
Unpacking libxvidcore4:amd64 (2:1.3.7-1) ...
Selecting previously unselected package libzvbi-common.
Preparing to unpack .../0188-libzvbi-common_0.2.35-19_all.deb ...
Unpacking libzvbi-common (0.2.35-19) ...
Selecting previously unselected package libzvbi0:amd64.
Preparing to unpack .../0189-libzvbi0_0.2.35-19_amd64.deb ...
Unpacking libzvbi0:amd64 (0.2.35-19) ...
Selecting previously unselected package libavcodec58:amd64.
Preparing to unpack .../0190-libavcodec58_7%3a4.4.2-0ubuntu0.22.04.1_amd64.deb ...
Unpacking libavcodec58:amd64 (7:4.4.2-0ubuntu0.22.04.1) ...
Selecting previously unselected package libraw1394-11:amd64.
Preparing to unpack .../0191-libraw1394-11_2.1.2-2build2_amd64.deb ...
Unpacking libraw1394-11:amd64 (2.1.2-2build2) ...
Selecting previously unselected package libavc1394-0:amd64.
Preparing to unpack .../0192-libavc1394-0_0.5.4-5build2_amd64.deb ...
Unpacking libavc1394-0:amd64 (0.5.4-5build2) ...
Selecting previously unselected package libass9:amd64.
Preparing to unpack .../0193-libass9_1%3a0.15.2-1_amd64.deb ...
Unpacking libass9:amd64 (1:0.15.2-1) ...
Selecting previously unselected package libudfread0:amd64.
Preparing to unpack .../0194-libudfread0_1.1.2-1_amd64.deb ...
Unpacking libudfread0:amd64 (1.1.2-1) ...
Selecting previously unselected package libbluray2:amd64.
Preparing to unpack .../0195-libbluray2_1%3a1.3.1-1_amd64.deb ...
Unpacking libbluray2:amd64 (1:1.3.1-1) ...
Selecting previously unselected package libchromaprint1:amd64.
Preparing to unpack .../0196-libchromaprint1_1.5.1-2_amd64.deb ...
Unpacking libchromaprint1:amd64 (1.5.1-2) ...
Selecting previously unselected package libgme0:amd64.
Preparing to unpack .../0197-libgme0_0.6.3-2_amd64.deb ...
Unpacking libgme0:amd64 (0.6.3-2) ...
Selecting previously unselected package libmpg123-0:amd64.
Preparing to unpack .../0198-libmpg123-0_1.29.3-1ubuntu0.1_amd64.deb ...
Unpacking libmpg123-0:amd64 (1.29.3-1ubuntu0.1) ...
Selecting previously unselected package libvorbisfile3:amd64.
Preparing to unpack .../0199-libvorbisfile3_1.3.7-1build2_amd64.deb ...
Unpacking libvorbisfile3:amd64 (1.3.7-1build2) ...
Selecting previously unselected package libopenmpt0:amd64.
Preparing to unpack .../0200-libopenmpt0_0.6.1-1_amd64.deb ...
Unpacking libopenmpt0:amd64 (0.6.1-1) ...
Selecting previously unselected package librabbitmq4:amd64.
Preparing to unpack .../0201-librabbitmq4_0.10.0-1ubuntu2.2_amd64.deb ...
Unpacking librabbitmq4:amd64 (0.10.0-1ubuntu2.2) ...
Selecting previously unselected package libsrt1.4-gnutls:amd64.
Preparing to unpack .../0202-libsrt1.4-gnutls_1.4.4-4_amd64.deb ...
Unpacking libsrt1.4-gnutls:amd64 (1.4.4-4) ...
Selecting previously unselected package libssh-gcrypt-4:amd64.
Preparing to unpack .../0203-libssh-gcrypt-4_0.9.6-2ubuntu0.22.04.8_amd64.deb ...
Unpacking libssh-gcrypt-4:amd64 (0.9.6-2ubuntu0.22.04.8) ...
Selecting previously unselected package libnorm1:amd64.
Preparing to unpack .../0204-libnorm1_1.5.9+dfsg-2_amd64.deb ...
Unpacking libnorm1:amd64 (1.5.9+dfsg-2) ...
Selecting previously unselected package libpgm-5.3-0:amd64.
Preparing to unpack .../0205-libpgm-5.3-0_5.3.128~dfsg-2_amd64.deb ...
Unpacking libpgm-5.3-0:amd64 (5.3.128~dfsg-2) ...
Selecting previously unselected package libsodium23:amd64.
Preparing to unpack .../0206-libsodium23_1.0.18-1ubuntu0.22.04.1_amd64.deb ...
Unpacking libsodium23:amd64 (1.0.18-1ubuntu0.22.04.1) ...
Selecting previously unselected package libzmq5:amd64.
Preparing to unpack .../0207-libzmq5_4.3.4-2_amd64.deb ...
Unpacking libzmq5:amd64 (4.3.4-2) ...
Selecting previously unselected package libavformat58:amd64.
Preparing to unpack .../0208-libavformat58_7%3a4.4.2-0ubuntu0.22.04.1_amd64.deb ...
Unpacking libavformat58:amd64 (7:4.4.2-0ubuntu0.22.04.1) ...
Selecting previously unselected package libbs2b0:amd64.
Preparing to unpack .../0209-libbs2b0_3.1.0+dfsg-2.2build1_amd64.deb ...
Unpacking libbs2b0:amd64 (3.1.0+dfsg-2.2build1) ...
Selecting previously unselected package libflite1:amd64.
Preparing to unpack .../0210-libflite1_2.2-3_amd64.deb ...
Unpacking libflite1:amd64 (2.2-3) ...
Selecting previously unselected package libserd-0-0:amd64.
Preparing to unpack .../0211-libserd-0-0_0.30.10-2_amd64.deb ...
Unpacking libserd-0-0:amd64 (0.30.10-2) ...
Selecting previously unselected package libsord-0-0:amd64.
Preparing to unpack .../0212-libsord-0-0_0.16.8-2_amd64.deb ...
Unpacking libsord-0-0:amd64 (0.16.8-2) ...
Selecting previously unselected package libsratom-0-0:amd64.
Preparing to unpack .../0213-libsratom-0-0_0.6.8-1_amd64.deb ...
Unpacking libsratom-0-0:amd64 (0.6.8-1) ...
Selecting previously unselected package liblilv-0-0:amd64.
Preparing to unpack .../0214-liblilv-0-0_0.24.12-2_amd64.deb ...
Unpacking liblilv-0-0:amd64 (0.24.12-2) ...
Selecting previously unselected package libmysofa1:amd64.
Preparing to unpack .../0215-libmysofa1_1.2.1~dfsg0-1_amd64.deb ...
Unpacking libmysofa1:amd64 (1.2.1~dfsg0-1) ...
Selecting previously unselected package libasyncns0:amd64.
Preparing to unpack .../0216-libasyncns0_0.8-6build2_amd64.deb ...
Unpacking libasyncns0:amd64 (0.8-6build2) ...
Selecting previously unselected package libflac8:amd64.
Preparing to unpack .../0217-libflac8_1.3.3-2ubuntu0.2_amd64.deb ...
Unpacking libflac8:amd64 (1.3.3-2ubuntu0.2) ...
Selecting previously unselected package libsndfile1:amd64.
Preparing to unpack .../0218-libsndfile1_1.0.31-2ubuntu0.2_amd64.deb ...
Unpacking libsndfile1:amd64 (1.0.31-2ubuntu0.2) ...
Selecting previously unselected package libpulse0:amd64.
Preparing to unpack .../0219-libpulse0_1%3a15.99.1+dfsg1-1ubuntu2.2_amd64.deb ...
Unpacking libpulse0:amd64 (1:15.99.1+dfsg1-1ubuntu2.2) ...
Selecting previously unselected package libsphinxbase3:amd64.
Preparing to unpack .../0220-libsphinxbase3_0.8+5prealpha+1-13build1_amd64.deb ...
Unpacking libsphinxbase3:amd64 (0.8+5prealpha+1-13build1) ...
Selecting previously unselected package libpocketsphinx3:amd64.
Preparing to unpack .../0221-libpocketsphinx3_0.8.0+real5prealpha+1-14ubuntu1_amd64.deb ...
Unpacking libpocketsphinx3:amd64 (0.8.0+real5prealpha+1-14ubuntu1) ...
Selecting previously unselected package libpostproc55:amd64.
Preparing to unpack .../0222-libpostproc55_7%3a4.4.2-0ubuntu0.22.04.1_amd64.deb ...
Unpacking libpostproc55:amd64 (7:4.4.2-0ubuntu0.22.04.1) ...
Selecting previously unselected package libsamplerate0:amd64.
Preparing to unpack .../0223-libsamplerate0_0.2.2-1build1_amd64.deb ...
Unpacking libsamplerate0:amd64 (0.2.2-1build1) ...
Selecting previously unselected package librubberband2:amd64.
Preparing to unpack .../0224-librubberband2_2.0.0-2_amd64.deb ...
Unpacking librubberband2:amd64 (2.0.0-2) ...
Selecting previously unselected package libswscale5:amd64.
Preparing to unpack .../0225-libswscale5_7%3a4.4.2-0ubuntu0.22.04.1_amd64.deb ...
Unpacking libswscale5:amd64 (7:4.4.2-0ubuntu0.22.04.1) ...
Selecting previously unselected package libvidstab1.1:amd64.
Preparing to unpack .../0226-libvidstab1.1_1.1.0-2_amd64.deb ...
Unpacking libvidstab1.1:amd64 (1.1.0-2) ...
Selecting previously unselected package libzimg2:amd64.
Preparing to unpack .../0227-libzimg2_3.0.3+ds1-1_amd64.deb ...
Unpacking libzimg2:amd64 (3.0.3+ds1-1) ...
Selecting previously unselected package libavfilter7:amd64.
Preparing to unpack .../0228-libavfilter7_7%3a4.4.2-0ubuntu0.22.04.1_amd64.deb ...
Unpacking libavfilter7:amd64 (7:4.4.2-0ubuntu0.22.04.1) ...
Selecting previously unselected package libcaca0:amd64.
Preparing to unpack .../0229-libcaca0_0.99.beta19-2.2ubuntu4.2_amd64.deb ...
Unpacking libcaca0:amd64 (0.99.beta19-2.2ubuntu4.2) ...
Selecting previously unselected package libcdio19:amd64.
Preparing to unpack .../0230-libcdio19_2.1.0-3ubuntu0.2_amd64.deb ...
Unpacking libcdio19:amd64 (2.1.0-3ubuntu0.2) ...
Selecting previously unselected package libcdio-cdda2:amd64.
Preparing to unpack .../0231-libcdio-cdda2_10.2+2.0.0-1build3_amd64.deb ...
Unpacking libcdio-cdda2:amd64 (10.2+2.0.0-1build3) ...
Selecting previously unselected package libcdio-paranoia2:amd64.
Preparing to unpack .../0232-libcdio-paranoia2_10.2+2.0.0-1build3_amd64.deb ...
Unpacking libcdio-paranoia2:amd64 (10.2+2.0.0-1build3) ...
Selecting previously unselected package libdc1394-25:amd64.
Preparing to unpack .../0233-libdc1394-25_2.2.6-4_amd64.deb ...
Unpacking libdc1394-25:amd64 (2.2.6-4) ...
Selecting previously unselected package libiec61883-0:amd64.
Preparing to unpack .../0234-libiec61883-0_1.2.0-4build3_amd64.deb ...
Unpacking libiec61883-0:amd64 (1.2.0-4build3) ...
Selecting previously unselected package libjack-jackd2-0:amd64.
Preparing to unpack .../0235-libjack-jackd2-0_1.9.20~dfsg-1_amd64.deb ...
Unpacking libjack-jackd2-0:amd64 (1.9.20~dfsg-1) ...
Selecting previously unselected package libopenal-data.
Preparing to unpack .../0236-libopenal-data_1%3a1.19.1-2build3_all.deb ...
Unpacking libopenal-data (1:1.19.1-2build3) ...
Selecting previously unselected package libsndio7.0:amd64.
Preparing to unpack .../0237-libsndio7.0_1.8.1-1.1_amd64.deb ...
Unpacking libsndio7.0:amd64 (1.8.1-1.1) ...
Selecting previously unselected package libopenal1:amd64.
Preparing to unpack .../0238-libopenal1_1%3a1.19.1-2build3_amd64.deb ...
Unpacking libopenal1:amd64 (1:1.19.1-2build3) ...
Selecting previously unselected package libdecor-0-0:amd64.
Preparing to unpack .../0239-libdecor-0-0_0.1.0-3build1_amd64.deb ...
Unpacking libdecor-0-0:amd64 (0.1.0-3build1) ...
Selecting previously unselected package libwayland-cursor0:amd64.
Preparing to unpack .../0240-libwayland-cursor0_1.20.0-1ubuntu0.1_amd64.deb ...
Unpacking libwayland-cursor0:amd64 (1.20.0-1ubuntu0.1) ...
Selecting previously unselected package libwayland-egl1:amd64.
Preparing to unpack .../0241-libwayland-egl1_1.20.0-1ubuntu0.1_amd64.deb ...
Unpacking libwayland-egl1:amd64 (1.20.0-1ubuntu0.1) ...
Selecting previously unselected package libxcursor1:amd64.
Preparing to unpack .../0242-libxcursor1_1%3a1.2.0-2build4_amd64.deb ...
Unpacking libxcursor1:amd64 (1:1.2.0-2build4) ...
Selecting previously unselected package libxinerama1:amd64.
Preparing to unpack .../0243-libxinerama1_2%3a1.1.4-3_amd64.deb ...
Unpacking libxinerama1:amd64 (2:1.1.4-3) ...
Selecting previously unselected package libxrandr2:amd64.
Preparing to unpack .../0244-libxrandr2_2%3a1.5.2-1build1_amd64.deb ...
Unpacking libxrandr2:amd64 (2:1.5.2-1build1) ...
Selecting previously unselected package libxss1:amd64.
Preparing to unpack .../0245-libxss1_1%3a1.2.3-1build2_amd64.deb ...
Unpacking libxss1:amd64 (1:1.2.3-1build2) ...
Selecting previously unselected package libsdl2-2.0-0:amd64.
Preparing to unpack .../0246-libsdl2-2.0-0_2.0.20+dfsg-2ubuntu1.22.04.1_amd64.deb ...
Unpacking libsdl2-2.0-0:amd64 (2.0.20+dfsg-2ubuntu1.22.04.1) ...
Selecting previously unselected package libxv1:amd64.
Preparing to unpack .../0247-libxv1_2%3a1.0.11-1build2_amd64.deb ...
Unpacking libxv1:amd64 (2:1.0.11-1build2) ...
Selecting previously unselected package libavdevice58:amd64.
Preparing to unpack .../0248-libavdevice58_7%3a4.4.2-0ubuntu0.22.04.1_amd64.deb ...
Unpacking libavdevice58:amd64 (7:4.4.2-0ubuntu0.22.04.1) ...
Selecting previously unselected package libbullet3.06:amd64.
Preparing to unpack .../0249-libbullet3.06_3.06+dfsg-4build2_amd64.deb ...
Unpacking libbullet3.06:amd64 (3.06+dfsg-4build2) ...
Selecting previously unselected package libccd2:amd64.
Preparing to unpack .../0250-libccd2_2.1-2_amd64.deb ...
Unpacking libccd2:amd64 (2.1-2) ...
Selecting previously unselected package libcdt5:amd64.
Preparing to unpack .../0251-libcdt5_2.42.2-6ubuntu0.1_amd64.deb ...
Unpacking libcdt5:amd64 (2.42.2-6ubuntu0.1) ...
Selecting previously unselected package libcgraph6:amd64.
Preparing to unpack .../0252-libcgraph6_2.42.2-6ubuntu0.1_amd64.deb ...
Unpacking libcgraph6:amd64 (2.42.2-6ubuntu0.1) ...
Selecting previously unselected package libdart-external-odelcpsolver6.12:amd64.
Preparing to unpack .../0253-libdart-external-odelcpsolver6.12_6.12.1+dfsg4-11build2_amd64.deb ...
Unpacking libdart-external-odelcpsolver6.12:amd64 (6.12.1+dfsg4-11build2) ...
Selecting previously unselected package liboctomap1.9:amd64.
Preparing to unpack .../0254-liboctomap1.9_1.9.7+dfsg-3_amd64.deb ...
Unpacking liboctomap1.9:amd64 (1.9.7+dfsg-3) ...
Selecting previously unselected package libfcl0.7:amd64.
Preparing to unpack .../0255-libfcl0.7_0.7.0-3_amd64.deb ...
Unpacking libfcl0.7:amd64 (0.7.0-3) ...
Selecting previously unselected package libdart6.12:amd64.
Preparing to unpack .../0256-libdart6.12_6.12.1+dfsg4-11build2_amd64.deb ...
Unpacking libdart6.12:amd64 (6.12.1+dfsg4-11build2) ...
Selecting previously unselected package libdart-collision-bullet6.12:amd64.
Preparing to unpack .../0257-libdart-collision-bullet6.12_6.12.1+dfsg4-11build2_amd64.deb ...
Unpacking libdart-collision-bullet6.12:amd64 (6.12.1+dfsg4-11build2) ...
Selecting previously unselected package libilmbase25:amd64.
Preparing to unpack .../0258-libilmbase25_2.5.7-2_amd64.deb ...
Unpacking libilmbase25:amd64 (2.5.7-2) ...
Selecting previously unselected package libjxr0:amd64.
Preparing to unpack .../0259-libjxr0_1.2~git20170615.f752187-5_amd64.deb ...
Unpacking libjxr0:amd64 (1.2~git20170615.f752187-5) ...
Selecting previously unselected package libopenexr25:amd64.
Preparing to unpack .../0260-libopenexr25_2.5.7-1_amd64.deb ...
Unpacking libopenexr25:amd64 (2.5.7-1) ...
Selecting previously unselected package liblcms2-2:amd64.
Preparing to unpack .../0261-liblcms2-2_2.12~rc1-2ubuntu0.1_amd64.deb ...
Unpacking liblcms2-2:amd64 (2.12~rc1-2ubuntu0.1) ...
Selecting previously unselected package libraw20:amd64.
Preparing to unpack .../0262-libraw20_0.20.2-2ubuntu2.22.04.3_amd64.deb ...
Unpacking libraw20:amd64 (0.20.2-2ubuntu2.22.04.3) ...
Selecting previously unselected package libfreeimage3:amd64.
Preparing to unpack .../0263-libfreeimage3_3.18.0+ds2-6ubuntu5.1_amd64.deb ...
Unpacking libfreeimage3:amd64 (3.18.0+ds2-6ubuntu5.1) ...
Selecting previously unselected package gdal-data.
Preparing to unpack .../0264-gdal-data_3.4.1+dfsg-1build4_all.deb ...
Unpacking gdal-data (3.4.1+dfsg-1build4) ...
Selecting previously unselected package libarpack2:amd64.
Preparing to unpack .../0265-libarpack2_3.8.0-1_amd64.deb ...
Unpacking libarpack2:amd64 (3.8.0-1) ...
Selecting previously unselected package libsuperlu5:amd64.
Preparing to unpack .../0266-libsuperlu5_5.3.0+dfsg1-2_amd64.deb ...
Unpacking libsuperlu5:amd64 (5.3.0+dfsg1-2) ...
Selecting previously unselected package libarmadillo10.
Preparing to unpack .../0267-libarmadillo10_1%3a10.8.2+dfsg-1_amd64.deb ...
Unpacking libarmadillo10 (1:10.8.2+dfsg-1) ...
Selecting previously unselected package libblosc1:amd64.
Preparing to unpack .../0268-libblosc1_1.21.1+ds2-2_amd64.deb ...
Unpacking libblosc1:amd64 (1.21.1+ds2-2) ...
Selecting previously unselected package libcurl3-gnutls:amd64.
Preparing to unpack .../0269-libcurl3-gnutls_7.81.0-1ubuntu1.29_amd64.deb ...
Unpacking libcurl3-gnutls:amd64 (7.81.0-1ubuntu1.29) ...
Selecting previously unselected package libcfitsio9:amd64.
Preparing to unpack .../0270-libcfitsio9_4.0.0-1_amd64.deb ...
Unpacking libcfitsio9:amd64 (4.0.0-1) ...
Selecting previously unselected package libcharls2:amd64.
Preparing to unpack .../0271-libcharls2_2.3.4-1_amd64.deb ...
Unpacking libcharls2:amd64 (2.3.4-1) ...
Selecting previously unselected package libfreexl1:amd64.
Preparing to unpack .../0272-libfreexl1_1.0.6-1_amd64.deb ...
Unpacking libfreexl1:amd64 (1.0.6-1) ...
Selecting previously unselected package libfyba0:amd64.
Preparing to unpack .../0273-libfyba0_4.1.1-7_amd64.deb ...
Unpacking libfyba0:amd64 (4.1.1-7) ...
Selecting previously unselected package libgeos3.10.2:amd64.
Preparing to unpack .../0274-libgeos3.10.2_3.10.2-1_amd64.deb ...
Unpacking libgeos3.10.2:amd64 (3.10.2-1) ...
Selecting previously unselected package libgeos-c1v5:amd64.
Preparing to unpack .../0275-libgeos-c1v5_3.10.2-1_amd64.deb ...
Unpacking libgeos-c1v5:amd64 (3.10.2-1) ...
Selecting previously unselected package proj-data.
Preparing to unpack .../0276-proj-data_8.2.1-1_all.deb ...
Unpacking proj-data (8.2.1-1) ...
Selecting previously unselected package libproj22:amd64.
Preparing to unpack .../0277-libproj22_8.2.1-1_amd64.deb ...
Unpacking libproj22:amd64 (8.2.1-1) ...
Selecting previously unselected package libgeotiff5:amd64.
Preparing to unpack .../0278-libgeotiff5_1.7.0-2build1_amd64.deb ...
Unpacking libgeotiff5:amd64 (1.7.0-2build1) ...
Selecting previously unselected package libgif7:amd64.
Preparing to unpack .../0279-libgif7_5.1.9-2ubuntu0.3_amd64.deb ...
Unpacking libgif7:amd64 (5.1.9-2ubuntu0.3) ...
Selecting previously unselected package libhdf4-0-alt.
Preparing to unpack .../0280-libhdf4-0-alt_4.2.15-4_amd64.deb ...
Unpacking libhdf4-0-alt (4.2.15-4) ...
Selecting previously unselected package libaec0:amd64.
Preparing to unpack .../0281-libaec0_1.0.6-1_amd64.deb ...
Unpacking libaec0:amd64 (1.0.6-1) ...
Selecting previously unselected package libsz2:amd64.
Preparing to unpack .../0282-libsz2_1.0.6-1_amd64.deb ...
Unpacking libsz2:amd64 (1.0.6-1) ...
Selecting previously unselected package libhdf5-103-1:amd64.
Preparing to unpack .../0283-libhdf5-103-1_1.10.7+repack-4ubuntu2_amd64.deb ...
Unpacking libhdf5-103-1:amd64 (1.10.7+repack-4ubuntu2) ...
Selecting previously unselected package libde265-0:amd64.
Preparing to unpack .../0284-libde265-0_1.0.8-1ubuntu0.3_amd64.deb ...
Unpacking libde265-0:amd64 (1.0.8-1ubuntu0.3) ...
Selecting previously unselected package libheif1:amd64.
Preparing to unpack .../0285-libheif1_1.12.0-2build1_amd64.deb ...
Unpacking libheif1:amd64 (1.12.0-2build1) ...
Selecting previously unselected package liburiparser1:amd64.
Preparing to unpack .../0286-liburiparser1_0.9.6+dfsg-1_amd64.deb ...
Unpacking liburiparser1:amd64 (0.9.6+dfsg-1) ...
Selecting previously unselected package libkmlbase1:amd64.
Preparing to unpack .../0287-libkmlbase1_1.3.0-9_amd64.deb ...
Unpacking libkmlbase1:amd64 (1.3.0-9) ...
Selecting previously unselected package libkmldom1:amd64.
Preparing to unpack .../0288-libkmldom1_1.3.0-9_amd64.deb ...
Unpacking libkmldom1:amd64 (1.3.0-9) ...
Selecting previously unselected package libkmlengine1:amd64.
Preparing to unpack .../0289-libkmlengine1_1.3.0-9_amd64.deb ...
Unpacking libkmlengine1:amd64 (1.3.0-9) ...
Selecting previously unselected package libhdf5-hl-100:amd64.
Preparing to unpack .../0290-libhdf5-hl-100_1.10.7+repack-4ubuntu2_amd64.deb ...
Unpacking libhdf5-hl-100:amd64 (1.10.7+repack-4ubuntu2) ...
Selecting previously unselected package libnetcdf19:amd64.
Preparing to unpack .../0291-libnetcdf19_1%3a4.8.1-1_amd64.deb ...
Unpacking libnetcdf19:amd64 (1:4.8.1-1) ...
Selecting previously unselected package libltdl7:amd64.
Preparing to unpack .../0292-libltdl7_2.4.6-15build2_amd64.deb ...
Unpacking libltdl7:amd64 (2.4.6-15build2) ...
Selecting previously unselected package libodbc2:amd64.
Preparing to unpack .../0293-libodbc2_2.3.9-5ubuntu0.1_amd64.deb ...
Unpacking libodbc2:amd64 (2.3.9-5ubuntu0.1) ...
Selecting previously unselected package unixodbc-common.
Preparing to unpack .../0294-unixodbc-common_2.3.9-5ubuntu0.1_all.deb ...
Unpacking unixodbc-common (2.3.9-5ubuntu0.1) ...
Selecting previously unselected package libodbcinst2:amd64.
Preparing to unpack .../0295-libodbcinst2_2.3.9-5ubuntu0.1_amd64.deb ...
Unpacking libodbcinst2:amd64 (2.3.9-5ubuntu0.1) ...
Selecting previously unselected package libogdi4.1.
Preparing to unpack .../0296-libogdi4.1_4.1.0+ds-5_amd64.deb ...
Unpacking libogdi4.1 (4.1.0+ds-5) ...
Selecting previously unselected package libnspr4:amd64.
Preparing to unpack .../0297-libnspr4_2%3a4.35-0ubuntu0.22.04.1_amd64.deb ...
Unpacking libnspr4:amd64 (2:4.35-0ubuntu0.22.04.1) ...
Selecting previously unselected package libnss3:amd64.
Preparing to unpack .../0298-libnss3_2%3a3.98-0ubuntu0.22.04.4_amd64.deb ...
Unpacking libnss3:amd64 (2:3.98-0ubuntu0.22.04.4) ...
Selecting previously unselected package libpoppler118:amd64.
Preparing to unpack .../0299-libpoppler118_22.02.0-2ubuntu0.13_amd64.deb ...
Unpacking libpoppler118:amd64 (22.02.0-2ubuntu0.13) ...
Selecting previously unselected package libpq5:amd64.
Preparing to unpack .../0300-libpq5_14.24-0ubuntu0.22.04.1_amd64.deb ...
Unpacking libpq5:amd64 (14.24-0ubuntu0.22.04.1) ...
Selecting previously unselected package libqhull-r8.0:amd64.
Preparing to unpack .../0301-libqhull-r8.0_2020.2-4_amd64.deb ...
Unpacking libqhull-r8.0:amd64 (2020.2-4) ...
Selecting previously unselected package librttopo1:amd64.
Preparing to unpack .../0302-librttopo1_1.1.0-2_amd64.deb ...
Unpacking librttopo1:amd64 (1.1.0-2) ...
Selecting previously unselected package libspatialite7:amd64.
Preparing to unpack .../0303-libspatialite7_5.0.1-2build2_amd64.deb ...
Unpacking libspatialite7:amd64 (5.0.1-2build2) ...
Selecting previously unselected package libxerces-c3.2:amd64.
Preparing to unpack .../0304-libxerces-c3.2_3.2.3+debian-3ubuntu0.1_amd64.deb ...
Unpacking libxerces-c3.2:amd64 (3.2.3+debian-3ubuntu0.1) ...
Selecting previously unselected package libgdal30.
Preparing to unpack .../0305-libgdal30_3.4.1+dfsg-1build4_amd64.deb ...
Unpacking libgdal30 (3.4.1+dfsg-1build4) ...
Selecting previously unselected package libgts-0.7-5:amd64.
Preparing to unpack .../0306-libgts-0.7-5_0.7.6+darcs121130-5_amd64.deb ...
Unpacking libgts-0.7-5:amd64 (0.7.6+darcs121130-5) ...
Selecting previously unselected package libxpm4:amd64.
Preparing to unpack .../0307-libxpm4_1%3a3.5.12-1ubuntu0.22.04.3_amd64.deb ...
Unpacking libxpm4:amd64 (1:3.5.12-1ubuntu0.22.04.3) ...
Selecting previously unselected package libgd3:amd64.
Preparing to unpack .../0308-libgd3_2.3.0-2ubuntu2.3_amd64.deb ...
Unpacking libgd3:amd64 (2.3.0-2ubuntu2.3) ...
Selecting previously unselected package libpathplan4:amd64.
Preparing to unpack .../0309-libpathplan4_2.42.2-6ubuntu0.1_amd64.deb ...
Unpacking libpathplan4:amd64 (2.42.2-6ubuntu0.1) ...
Selecting previously unselected package libgvc6.
Preparing to unpack .../0310-libgvc6_2.42.2-6ubuntu0.1_amd64.deb ...
Unpacking libgvc6 (2.42.2-6ubuntu0.1) ...
Selecting previously unselected package libignition-common3-3:amd64.
Preparing to unpack .../0311-libignition-common3-3_3.14.0+dfsg-5_amd64.deb ...
Unpacking libignition-common3-3:amd64 (3.14.0+dfsg-5) ...
Selecting previously unselected package libignition-math6:amd64.
Preparing to unpack .../0312-libignition-math6_6.16.0-1~jammy_amd64.deb ...
Unpacking libignition-math6:amd64 (6.16.0-1~jammy) ...
Selecting previously unselected package libprotobuf23:amd64.
Preparing to unpack .../0313-libprotobuf23_3.12.4-1ubuntu7.22.04.6_amd64.deb ...
Unpacking libprotobuf23:amd64 (3.12.4-1ubuntu7.22.04.6) ...
Selecting previously unselected package libignition-msgs5-5:amd64.
Preparing to unpack .../0314-libignition-msgs5-5_5.8.1+ds-2_amd64.deb ...
Unpacking libignition-msgs5-5:amd64 (5.8.1+ds-2) ...
Selecting previously unselected package libzip4:amd64.
Preparing to unpack .../0315-libzip4_1.7.3-1ubuntu2_amd64.deb ...
Unpacking libzip4:amd64 (1.7.3-1ubuntu2) ...
Selecting previously unselected package libignition-fuel-tools4-4:amd64.
Preparing to unpack .../0316-libignition-fuel-tools4-4_4.4.0+ds-3build1_amd64.deb ...
Unpacking libignition-fuel-tools4-4:amd64 (4.4.0+ds-3build1) ...
Selecting previously unselected package libignition-transport8-8:amd64.
Preparing to unpack .../0317-libignition-transport8-8_8.2.1+ds-2_amd64.deb ...
Unpacking libignition-transport8-8:amd64 (8.2.1+ds-2) ...
Selecting previously unselected package libode8.
Preparing to unpack .../0318-libode8_2%3a0.16.2-1_amd64.deb ...
Unpacking libode8 (2:0.16.2-1) ...
Selecting previously unselected package libxmu6:amd64.
Preparing to unpack .../0319-libxmu6_2%3a1.1.3-3_amd64.deb ...
Unpacking libxmu6:amd64 (2:1.1.3-3) ...
Selecting previously unselected package libxaw7:amd64.
Preparing to unpack .../0320-libxaw7_2%3a1.0.14-1_amd64.deb ...
Unpacking libxaw7:amd64 (2:1.0.14-1) ...
Selecting previously unselected package libzzip-0-13:amd64.
Preparing to unpack .../0321-libzzip-0-13_0.13.72+dfsg.1-1.1_amd64.deb ...
Unpacking libzzip-0-13:amd64 (0.13.72+dfsg.1-1.1) ...
Selecting previously unselected package libogre-1.9.0v5:amd64.
Preparing to unpack .../0322-libogre-1.9.0v5_1.9.0+dfsg1-12.1ubuntu1_amd64.deb ...
Unpacking libogre-1.9.0v5:amd64 (1.9.0+dfsg1-12.1ubuntu1) ...
Selecting previously unselected package libqtpropertybrowser5.
Preparing to unpack .../0323-libqtpropertybrowser5_5.0.2-3_amd64.deb ...
Unpacking libqtpropertybrowser5 (5.0.2-3) ...
Selecting previously unselected package libqt5opengl5:amd64.
Preparing to unpack .../0324-libqt5opengl5_5.15.3+dfsg-2ubuntu0.2_amd64.deb ...
Unpacking libqt5opengl5:amd64 (5.15.3+dfsg-2ubuntu0.2) ...
Selecting previously unselected package libqwt-qt5-6.
Preparing to unpack .../0325-libqwt-qt5-6_6.1.4-2_amd64.deb ...
Unpacking libqwt-qt5-6 (6.1.4-2) ...
Selecting previously unselected package sdformat9-sdf.
Preparing to unpack .../0326-sdformat9-sdf_9.7.0+ds-1_all.deb ...
Unpacking sdformat9-sdf (9.7.0+ds-1) ...
Selecting previously unselected package libtinyxml2.6.2v5:amd64.
Preparing to unpack .../0327-libtinyxml2.6.2v5_2.6.2-6ubuntu0.22.04.1_amd64.deb ...
Unpacking libtinyxml2.6.2v5:amd64 (2.6.2-6ubuntu0.22.04.1) ...
Selecting previously unselected package liburdfdom-model3.0:amd64.
Preparing to unpack .../0328-liburdfdom-model3.0_3.0.1-1_amd64.deb ...
Unpacking liburdfdom-model3.0:amd64 (3.0.1-1) ...
Selecting previously unselected package libsdformat9-9:amd64.
Preparing to unpack .../0329-libsdformat9-9_9.7.0+ds-1_amd64.deb ...
Unpacking libsdformat9-9:amd64 (9.7.0+ds-1) ...
Selecting previously unselected package libsimbody3.6:amd64.
Preparing to unpack .../0330-libsimbody3.6_3.6.1+dfsg-7build1_amd64.deb ...
Unpacking libsimbody3.6:amd64 (3.6.1+dfsg-7build1) ...
Selecting previously unselected package libspnav0.
Preparing to unpack .../0331-libspnav0_0.2.3-1_amd64.deb ...
Unpacking libspnav0 (0.2.3-1) ...
Selecting previously unselected package libtar0:amd64.
Preparing to unpack .../0332-libtar0_1.2.20-8ubuntu0.22.04.1_amd64.deb ...
Unpacking libtar0:amd64 (1.2.20-8ubuntu0.22.04.1) ...
Selecting previously unselected package libtbbmalloc2:amd64.
Preparing to unpack .../0333-libtbbmalloc2_2021.5.0-7ubuntu2_amd64.deb ...
Unpacking libtbbmalloc2:amd64 (2021.5.0-7ubuntu2) ...
Selecting previously unselected package libtbb12:amd64.
Preparing to unpack .../0334-libtbb12_2021.5.0-7ubuntu2_amd64.deb ...
Unpacking libtbb12:amd64 (2021.5.0-7ubuntu2) ...
Selecting previously unselected package libtinyobjloader1:amd64.
Preparing to unpack .../0335-libtinyobjloader1_2.0.0~rc5+dfsg1-5build1_amd64.deb ...
Unpacking libtinyobjloader1:amd64 (2.0.0~rc5+dfsg1-5build1) ...
Selecting previously unselected package liburdfdom-world3.0:amd64.
Preparing to unpack .../0336-liburdfdom-world3.0_3.0.1-1_amd64.deb ...
Unpacking liburdfdom-world3.0:amd64 (3.0.1-1) ...
Selecting previously unselected package libgazebo11:amd64.
Preparing to unpack .../0337-libgazebo11_11.10.2+dfsg-1_amd64.deb ...
Unpacking libgazebo11:amd64 (11.10.2+dfsg-1) ...
Selecting previously unselected package gazebo-common.
Preparing to unpack .../0338-gazebo-common_11.10.2+dfsg-1_all.deb ...
Unpacking gazebo-common (11.10.2+dfsg-1) ...
Selecting previously unselected package gazebo.
Preparing to unpack .../0339-gazebo_11.10.2+dfsg-1_amd64.deb ...
Unpacking gazebo (11.10.2+dfsg-1) ...
Selecting previously unselected package libdart-utils6.12:amd64.
Preparing to unpack .../0340-libdart-utils6.12_6.12.1+dfsg4-11build2_amd64.deb ...
Unpacking libdart-utils6.12:amd64 (6.12.1+dfsg4-11build2) ...
Selecting previously unselected package gazebo-plugin-base.
Preparing to unpack .../0341-gazebo-plugin-base_11.10.2+dfsg-1_amd64.deb ...
Unpacking gazebo-plugin-base (11.10.2+dfsg-1) ...
Selecting previously unselected package libcc1-0:amd64.
Preparing to unpack .../0342-libcc1-0_12.3.0-1ubuntu1~22.04.3_amd64.deb ...
Unpacking libcc1-0:amd64 (12.3.0-1ubuntu1~22.04.3) ...
Selecting previously unselected package libitm1:amd64.
Preparing to unpack .../0343-libitm1_12.3.0-1ubuntu1~22.04.3_amd64.deb ...
Unpacking libitm1:amd64 (12.3.0-1ubuntu1~22.04.3) ...
Selecting previously unselected package libasan6:amd64.
Preparing to unpack .../0344-libasan6_11.4.0-1ubuntu1~22.04.3_amd64.deb ...
Unpacking libasan6:amd64 (11.4.0-1ubuntu1~22.04.3) ...
Selecting previously unselected package liblsan0:amd64.
Preparing to unpack .../0345-liblsan0_12.3.0-1ubuntu1~22.04.3_amd64.deb ...
Unpacking liblsan0:amd64 (12.3.0-1ubuntu1~22.04.3) ...
Selecting previously unselected package libtsan0:amd64.
Preparing to unpack .../0346-libtsan0_11.4.0-1ubuntu1~22.04.3_amd64.deb ...
Unpacking libtsan0:amd64 (11.4.0-1ubuntu1~22.04.3) ...
Selecting previously unselected package libubsan1:amd64.
Preparing to unpack .../0347-libubsan1_12.3.0-1ubuntu1~22.04.3_amd64.deb ...
Unpacking libubsan1:amd64 (12.3.0-1ubuntu1~22.04.3) ...
Selecting previously unselected package libgcc-11-dev:amd64.
Preparing to unpack .../0348-libgcc-11-dev_11.4.0-1ubuntu1~22.04.3_amd64.deb ...
Unpacking libgcc-11-dev:amd64 (11.4.0-1ubuntu1~22.04.3) ...
Selecting previously unselected package gcc-11.
Preparing to unpack .../0349-gcc-11_11.4.0-1ubuntu1~22.04.3_amd64.deb ...
Unpacking gcc-11 (11.4.0-1ubuntu1~22.04.3) ...
Selecting previously unselected package gcc.
Preparing to unpack .../0350-gcc_4%3a11.2.0-1ubuntu1_amd64.deb ...
Unpacking gcc (4:11.2.0-1ubuntu1) ...
Selecting previously unselected package libgfortran-11-dev:amd64.
Preparing to unpack .../0351-libgfortran-11-dev_11.4.0-1ubuntu1~22.04.3_amd64.deb ...
Unpacking libgfortran-11-dev:amd64 (11.4.0-1ubuntu1~22.04.3) ...
Selecting previously unselected package gfortran-11.
Preparing to unpack .../0352-gfortran-11_11.4.0-1ubuntu1~22.04.3_amd64.deb ...
Unpacking gfortran-11 (11.4.0-1ubuntu1~22.04.3) ...
Selecting previously unselected package gfortran.
Preparing to unpack .../0353-gfortran_4%3a11.2.0-1ubuntu1_amd64.deb ...
Unpacking gfortran (4:11.2.0-1ubuntu1) ...
Selecting previously unselected package libgs9-common.
Preparing to unpack .../0354-libgs9-common_9.55.0~dfsg1-0ubuntu5.14_all.deb ...
Unpacking libgs9-common (9.55.0~dfsg1-0ubuntu5.14) ...
Selecting previously unselected package libavahi-common-data:amd64.
Preparing to unpack .../0355-libavahi-common-data_0.8-5ubuntu5.5_amd64.deb ...
Unpacking libavahi-common-data:amd64 (0.8-5ubuntu5.5) ...
Selecting previously unselected package libavahi-common3:amd64.
Preparing to unpack .../0356-libavahi-common3_0.8-5ubuntu5.5_amd64.deb ...
Unpacking libavahi-common3:amd64 (0.8-5ubuntu5.5) ...
Selecting previously unselected package libavahi-client3:amd64.
Preparing to unpack .../0357-libavahi-client3_0.8-5ubuntu5.5_amd64.deb ...
Unpacking libavahi-client3:amd64 (0.8-5ubuntu5.5) ...
Selecting previously unselected package libcups2:amd64.
Preparing to unpack .../0358-libcups2_2.4.1op1-1ubuntu4.21_amd64.deb ...
Unpacking libcups2:amd64 (2.4.1op1-1ubuntu4.21) ...
Selecting previously unselected package libidn12:amd64.
Preparing to unpack .../0359-libidn12_1.38-4ubuntu1.1_amd64.deb ...
Unpacking libidn12:amd64 (1.38-4ubuntu1.1) ...
Selecting previously unselected package libijs-0.35:amd64.
Preparing to unpack .../0360-libijs-0.35_0.35-15build2_amd64.deb ...
Unpacking libijs-0.35:amd64 (0.35-15build2) ...
Selecting previously unselected package libjbig2dec0:amd64.
Preparing to unpack .../0361-libjbig2dec0_0.19-3ubuntu0.1_amd64.deb ...
Unpacking libjbig2dec0:amd64 (0.19-3ubuntu0.1) ...
Selecting previously unselected package libpaper1:amd64.
Preparing to unpack .../0362-libpaper1_1.1.28build2_amd64.deb ...
Unpacking libpaper1:amd64 (1.1.28build2) ...
Selecting previously unselected package libgs9:amd64.
Preparing to unpack .../0363-libgs9_9.55.0~dfsg1-0ubuntu5.14_amd64.deb ...
Unpacking libgs9:amd64 (9.55.0~dfsg1-0ubuntu5.14) ...
Selecting previously unselected package ghostscript.
Preparing to unpack .../0364-ghostscript_9.55.0~dfsg1-0ubuntu5.14_amd64.deb ...
Unpacking ghostscript (9.55.0~dfsg1-0ubuntu5.14) ...
Selecting previously unselected package liberror-perl.
Preparing to unpack .../0365-liberror-perl_0.17029-1_all.deb ...
Unpacking liberror-perl (0.17029-1) ...
Selecting previously unselected package git-man.
Preparing to unpack .../0366-git-man_1%3a2.34.1-1ubuntu1.17_all.deb ...
Unpacking git-man (1:2.34.1-1ubuntu1.17) ...
Selecting previously unselected package git.
Preparing to unpack .../0367-git_1%3a2.34.1-1ubuntu1.17_amd64.deb ...
Unpacking git (1:2.34.1-1ubuntu1.17) ...
Selecting previously unselected package libann0.
Preparing to unpack .../0368-libann0_1.1.2+doc-7build1_amd64.deb ...
Unpacking libann0 (1.1.2+doc-7build1) ...
Selecting previously unselected package libgvpr2:amd64.
Preparing to unpack .../0369-libgvpr2_2.42.2-6ubuntu0.1_amd64.deb ...
Unpacking libgvpr2:amd64 (2.42.2-6ubuntu0.1) ...
Selecting previously unselected package liblab-gamut1:amd64.
Preparing to unpack .../0370-liblab-gamut1_2.42.2-6ubuntu0.1_amd64.deb ...
Unpacking liblab-gamut1:amd64 (2.42.2-6ubuntu0.1) ...
Selecting previously unselected package graphviz.
Preparing to unpack .../0371-graphviz_2.42.2-6ubuntu0.1_amd64.deb ...
Unpacking graphviz (2.42.2-6ubuntu0.1) ...
Selecting previously unselected package gsfonts.
Preparing to unpack .../0372-gsfonts_1%3a8.11+urwcyr1.0.7~pre44-4.5_all.deb ...
Unpacking gsfonts (1:8.11+urwcyr1.0.7~pre44-4.5) ...
Selecting previously unselected package libcdparanoia0:amd64.
Preparing to unpack .../0373-libcdparanoia0_3.10.2+debian-14build2_amd64.deb ...
Unpacking libcdparanoia0:amd64 (3.10.2+debian-14build2) ...
Selecting previously unselected package libdw1:amd64.
Preparing to unpack .../0374-libdw1_0.186-1ubuntu0.1_amd64.deb ...
Unpacking libdw1:amd64 (0.186-1ubuntu0.1) ...
Selecting previously unselected package libunwind8:amd64.
Preparing to unpack .../0375-libunwind8_1.3.2-2build2.1_amd64.deb ...
Unpacking libunwind8:amd64 (1.3.2-2build2.1) ...
Selecting previously unselected package libgstreamer1.0-0:amd64.
Preparing to unpack .../0376-libgstreamer1.0-0_1.20.3-0ubuntu1.1_amd64.deb ...
Unpacking libgstreamer1.0-0:amd64 (1.20.3-0ubuntu1.1) ...
Selecting previously unselected package liborc-0.4-0:amd64.
Preparing to unpack .../0377-liborc-0.4-0_1%3a0.4.32-2ubuntu0.1_amd64.deb ...
Unpacking liborc-0.4-0:amd64 (1:0.4.32-2ubuntu0.1) ...
Selecting previously unselected package libgstreamer-plugins-base1.0-0:amd64.
Preparing to unpack .../0378-libgstreamer-plugins-base1.0-0_1.20.1-1ubuntu0.7_amd64.deb ...
Unpacking libgstreamer-plugins-base1.0-0:amd64 (1.20.1-1ubuntu0.7) ...
Selecting previously unselected package libvisual-0.4-0:amd64.
Preparing to unpack .../0379-libvisual-0.4-0_0.4.0-17build2_amd64.deb ...
Unpacking libvisual-0.4-0:amd64 (0.4.0-17build2) ...
Selecting previously unselected package gstreamer1.0-plugins-base:amd64.
Preparing to unpack .../0380-gstreamer1.0-plugins-base_1.20.1-1ubuntu0.7_amd64.deb ...
Unpacking gstreamer1.0-plugins-base:amd64 (1.20.1-1ubuntu0.7) ...
Selecting previously unselected package hdf5-helpers.
Preparing to unpack .../0381-hdf5-helpers_1.10.7+repack-4ubuntu2_amd64.deb ...
Unpacking hdf5-helpers (1.10.7+repack-4ubuntu2) ...
Selecting previously unselected package libnl-3-200:amd64.
Preparing to unpack .../0382-libnl-3-200_3.5.0-0.1_amd64.deb ...
Unpacking libnl-3-200:amd64 (3.5.0-0.1) ...
Selecting previously unselected package libnl-route-3-200:amd64.
Preparing to unpack .../0383-libnl-route-3-200_3.5.0-0.1_amd64.deb ...
Unpacking libnl-route-3-200:amd64 (3.5.0-0.1) ...
Selecting previously unselected package libibverbs1:amd64.
Preparing to unpack .../0384-libibverbs1_39.0-1_amd64.deb ...
Unpacking libibverbs1:amd64 (39.0-1) ...
Selecting previously unselected package ibverbs-providers:amd64.
Preparing to unpack .../0385-ibverbs-providers_39.0-1_amd64.deb ...
Unpacking ibverbs-providers:amd64 (39.0-1) ...
Selecting previously unselected package icu-devtools.
Preparing to unpack .../0386-icu-devtools_70.1-2_amd64.deb ...
Unpacking icu-devtools (70.1-2) ...
Selecting previously unselected package libigdgmm12:amd64.
Preparing to unpack .../0387-libigdgmm12_22.1.2+ds1-1_amd64.deb ...
Unpacking libigdgmm12:amd64 (22.1.2+ds1-1) ...
Selecting previously unselected package intel-media-va-driver:amd64.
Preparing to unpack .../0388-intel-media-va-driver_22.3.1+dfsg1-1ubuntu2_amd64.deb ...
Unpacking intel-media-va-driver:amd64 (22.3.1+dfsg1-1ubuntu2) ...
Selecting previously unselected package javascript-common.
Preparing to unpack .../0389-javascript-common_11+nmu1_all.deb ...
Unpacking javascript-common (11+nmu1) ...
Selecting previously unselected package libgssrpc4:amd64.
Preparing to unpack .../0390-libgssrpc4_1.19.2-2ubuntu0.10_amd64.deb ...
Unpacking libgssrpc4:amd64 (1.19.2-2ubuntu0.10) ...
Selecting previously unselected package libkdb5-10:amd64.
Preparing to unpack .../0391-libkdb5-10_1.19.2-2ubuntu0.10_amd64.deb ...
Unpacking libkdb5-10:amd64 (1.19.2-2ubuntu0.10) ...
Selecting previously unselected package libkadm5srv-mit12:amd64.
Preparing to unpack .../0392-libkadm5srv-mit12_1.19.2-2ubuntu0.10_amd64.deb ...
Unpacking libkadm5srv-mit12:amd64 (1.19.2-2ubuntu0.10) ...
Selecting previously unselected package libkadm5clnt-mit12:amd64.
Preparing to unpack .../0393-libkadm5clnt-mit12_1.19.2-2ubuntu0.10_amd64.deb ...
Unpacking libkadm5clnt-mit12:amd64 (1.19.2-2ubuntu0.10) ...
Selecting previously unselected package comerr-dev:amd64.
Preparing to unpack .../0394-comerr-dev_2.1-1.46.5-2ubuntu1.2_amd64.deb ...
Unpacking comerr-dev:amd64 (2.1-1.46.5-2ubuntu1.2) ...
Selecting previously unselected package krb5-multidev:amd64.
Preparing to unpack .../0395-krb5-multidev_1.19.2-2ubuntu0.10_amd64.deb ...
Unpacking krb5-multidev:amd64 (1.19.2-2ubuntu0.10) ...
Selecting previously unselected package libaacs0:amd64.
Preparing to unpack .../0396-libaacs0_0.11.1-1_amd64.deb ...
Unpacking libaacs0:amd64 (0.11.1-1) ...
Selecting previously unselected package libsuitesparseconfig5:amd64.
Preparing to unpack .../0397-libsuitesparseconfig5_1%3a5.10.1+dfsg-4build1_amd64.deb ...
Unpacking libsuitesparseconfig5:amd64 (1:5.10.1+dfsg-4build1) ...
Selecting previously unselected package libamd2:amd64.
Preparing to unpack .../0398-libamd2_1%3a5.10.1+dfsg-4build1_amd64.deb ...
Unpacking libamd2:amd64 (1:5.10.1+dfsg-4build1) ...
Selecting previously unselected package libaom-dev:amd64.
Preparing to unpack .../0399-libaom-dev_3.3.0-1ubuntu0.1_amd64.deb ...
Unpacking libaom-dev:amd64 (3.3.0-1ubuntu0.1) ...
Selecting previously unselected package libblas-dev:amd64.
Preparing to unpack .../0400-libblas-dev_3.10.0-2ubuntu1_amd64.deb ...
Unpacking libblas-dev:amd64 (3.10.0-2ubuntu1) ...
Selecting previously unselected package liblapack-dev:amd64.
Preparing to unpack .../0401-liblapack-dev_3.10.0-2ubuntu1_amd64.deb ...
Unpacking liblapack-dev:amd64 (3.10.0-2ubuntu1) ...
Selecting previously unselected package libarpack2-dev:amd64.
Preparing to unpack .../0402-libarpack2-dev_3.8.0-1_amd64.deb ...
Unpacking libarpack2-dev:amd64 (3.8.0-1) ...
Selecting previously unselected package libhdf5-fortran-102:amd64.
Preparing to unpack .../0403-libhdf5-fortran-102_1.10.7+repack-4ubuntu2_amd64.deb ...
Unpacking libhdf5-fortran-102:amd64 (1.10.7+repack-4ubuntu2) ...
Selecting previously unselected package libhdf5-hl-fortran-100:amd64.
Preparing to unpack .../0404-libhdf5-hl-fortran-100_1.10.7+repack-4ubuntu2_amd64.deb ...
Unpacking libhdf5-hl-fortran-100:amd64 (1.10.7+repack-4ubuntu2) ...
Selecting previously unselected package libhdf5-cpp-103-1:amd64.
Preparing to unpack .../0405-libhdf5-cpp-103-1_1.10.7+repack-4ubuntu2_amd64.deb ...
Unpacking libhdf5-cpp-103-1:amd64 (1.10.7+repack-4ubuntu2) ...
Selecting previously unselected package libhdf5-hl-cpp-100:amd64.
Preparing to unpack .../0406-libhdf5-hl-cpp-100_1.10.7+repack-4ubuntu2_amd64.deb ...
Unpacking libhdf5-hl-cpp-100:amd64 (1.10.7+repack-4ubuntu2) ...
Selecting previously unselected package libjpeg-turbo8-dev:amd64.
Preparing to unpack .../0407-libjpeg-turbo8-dev_2.1.2-0ubuntu1_amd64.deb ...
Unpacking libjpeg-turbo8-dev:amd64 (2.1.2-0ubuntu1) ...
Selecting previously unselected package libjpeg8-dev:amd64.
Preparing to unpack .../0408-libjpeg8-dev_8c-2ubuntu10_amd64.deb ...
Unpacking libjpeg8-dev:amd64 (8c-2ubuntu10) ...
Selecting previously unselected package libjpeg-dev:amd64.
Preparing to unpack .../0409-libjpeg-dev_8c-2ubuntu10_amd64.deb ...
Unpacking libjpeg-dev:amd64 (8c-2ubuntu10) ...
Selecting previously unselected package libaec-dev:amd64.
Preparing to unpack .../0410-libaec-dev_1.0.6-1_amd64.deb ...
Unpacking libaec-dev:amd64 (1.0.6-1) ...
Selecting previously unselected package libcurl4-openssl-dev:amd64.
Preparing to unpack .../0411-libcurl4-openssl-dev_7.81.0-1ubuntu1.29_amd64.deb ...
Unpacking libcurl4-openssl-dev:amd64 (7.81.0-1ubuntu1.29) ...
Selecting previously unselected package libhdf5-dev.
Preparing to unpack .../0412-libhdf5-dev_1.10.7+repack-4ubuntu2_amd64.deb ...
Unpacking libhdf5-dev (1.10.7+repack-4ubuntu2) ...
Selecting previously unselected package libsuperlu-dev:amd64.
Preparing to unpack .../0413-libsuperlu-dev_5.3.0+dfsg1-2_amd64.deb ...
Unpacking libsuperlu-dev:amd64 (5.3.0+dfsg1-2) ...
Selecting previously unselected package libarmadillo-dev.
Preparing to unpack .../0414-libarmadillo-dev_1%3a10.8.2+dfsg-1_amd64.deb ...
Unpacking libarmadillo-dev (1:10.8.2+dfsg-1) ...
Selecting previously unselected package libatk1.0-data.
Preparing to unpack .../0415-libatk1.0-data_2.36.0-3build1_all.deb ...
Unpacking libatk1.0-data (2.36.0-3build1) ...
Selecting previously unselected package libatk1.0-0:amd64.
Preparing to unpack .../0416-libatk1.0-0_2.36.0-3build1_amd64.deb ...
Unpacking libatk1.0-0:amd64 (2.36.0-3build1) ...
Selecting previously unselected package libatk-bridge2.0-0:amd64.
Preparing to unpack .../0417-libatk-bridge2.0-0_2.38.0-3_amd64.deb ...
Unpacking libatk-bridge2.0-0:amd64 (2.38.0-3) ...
Selecting previously unselected package libavutil-dev:amd64.
Preparing to unpack .../0418-libavutil-dev_7%3a4.4.2-0ubuntu0.22.04.1_amd64.deb ...
Unpacking libavutil-dev:amd64 (7:4.4.2-0ubuntu0.22.04.1) ...
Selecting previously unselected package libswresample-dev:amd64.
Preparing to unpack .../0419-libswresample-dev_7%3a4.4.2-0ubuntu0.22.04.1_amd64.deb ...
Unpacking libswresample-dev:amd64 (7:4.4.2-0ubuntu0.22.04.1) ...
Selecting previously unselected package libavcodec-dev:amd64.
Preparing to unpack .../0420-libavcodec-dev_7%3a4.4.2-0ubuntu0.22.04.1_amd64.deb ...
Unpacking libavcodec-dev:amd64 (7:4.4.2-0ubuntu0.22.04.1) ...
Selecting previously unselected package libavformat-dev:amd64.
Preparing to unpack .../0421-libavformat-dev_7%3a4.4.2-0ubuntu0.22.04.1_amd64.deb ...
Unpacking libavformat-dev:amd64 (7:4.4.2-0ubuntu0.22.04.1) ...
Selecting previously unselected package libpostproc-dev:amd64.
Preparing to unpack .../0422-libpostproc-dev_7%3a4.4.2-0ubuntu0.22.04.1_amd64.deb ...
Unpacking libpostproc-dev:amd64 (7:4.4.2-0ubuntu0.22.04.1) ...
Selecting previously unselected package libswscale-dev:amd64.
Preparing to unpack .../0423-libswscale-dev_7%3a4.4.2-0ubuntu0.22.04.1_amd64.deb ...
Unpacking libswscale-dev:amd64 (7:4.4.2-0ubuntu0.22.04.1) ...
Selecting previously unselected package libavfilter-dev:amd64.
Preparing to unpack .../0424-libavfilter-dev_7%3a4.4.2-0ubuntu0.22.04.1_amd64.deb ...
Unpacking libavfilter-dev:amd64 (7:4.4.2-0ubuntu0.22.04.1) ...
Selecting previously unselected package libavdevice-dev:amd64.
Preparing to unpack .../0425-libavdevice-dev_7%3a4.4.2-0ubuntu0.22.04.1_amd64.deb ...
Unpacking libavdevice-dev:amd64 (7:4.4.2-0ubuntu0.22.04.1) ...
Selecting previously unselected package libbdplus0:amd64.
Preparing to unpack .../0426-libbdplus0_0.2.0-1_amd64.deb ...
Unpacking libbdplus0:amd64 (0.2.0-1) ...
Selecting previously unselected package libbenchmark1:amd64.
Preparing to unpack .../0427-libbenchmark1_1.6.1-1_amd64.deb ...
Unpacking libbenchmark1:amd64 (1.6.1-1) ...
Selecting previously unselected package libbenchmark-dev:amd64.
Preparing to unpack .../0428-libbenchmark-dev_1.6.1-1_amd64.deb ...
Unpacking libbenchmark-dev:amd64 (1.6.1-1) ...
Selecting previously unselected package libblosc-dev.
Preparing to unpack .../0429-libblosc-dev_1.21.1+ds2-2_amd64.deb ...
Unpacking libblosc-dev (1.21.1+ds2-2) ...
Selecting previously unselected package libstdc++-11-dev:amd64.
Preparing to unpack .../0430-libstdc++-11-dev_11.4.0-1ubuntu1~22.04.3_amd64.deb ...
Unpacking libstdc++-11-dev:amd64 (11.4.0-1ubuntu1~22.04.3) ...
Selecting previously unselected package libboost1.74-dev:amd64.
Preparing to unpack .../0431-libboost1.74-dev_1.74.0-14ubuntu3_amd64.deb ...
Unpacking libboost1.74-dev:amd64 (1.74.0-14ubuntu3) ...
Selecting previously unselected package libboost-dev:amd64.
Preparing to unpack .../0432-libboost-dev_1.74.0.3ubuntu7_amd64.deb ...
Unpacking libboost-dev:amd64 (1.74.0.3ubuntu7) ...
Selecting previously unselected package libboost1.74-tools-dev.
Preparing to unpack .../0433-libboost1.74-tools-dev_1.74.0-14ubuntu3_amd64.deb ...
Unpacking libboost1.74-tools-dev (1.74.0-14ubuntu3) ...
Selecting previously unselected package libboost-tools-dev.
Preparing to unpack .../0434-libboost-tools-dev_1.74.0.3ubuntu7_amd64.deb ...
Unpacking libboost-tools-dev (1.74.0.3ubuntu7) ...
Selecting previously unselected package libboost-atomic1.74.0:amd64.
Preparing to unpack .../0435-libboost-atomic1.74.0_1.74.0-14ubuntu3_amd64.deb ...
Unpacking libboost-atomic1.74.0:amd64 (1.74.0-14ubuntu3) ...
Selecting previously unselected package libboost-atomic1.74-dev:amd64.
Preparing to unpack .../0436-libboost-atomic1.74-dev_1.74.0-14ubuntu3_amd64.deb ...
Unpacking libboost-atomic1.74-dev:amd64 (1.74.0-14ubuntu3) ...
Selecting previously unselected package libboost-atomic-dev:amd64.
Preparing to unpack .../0437-libboost-atomic-dev_1.74.0.3ubuntu7_amd64.deb ...
Unpacking libboost-atomic-dev:amd64 (1.74.0.3ubuntu7) ...
Selecting previously unselected package libboost-chrono1.74.0:amd64.
Preparing to unpack .../0438-libboost-chrono1.74.0_1.74.0-14ubuntu3_amd64.deb ...
Unpacking libboost-chrono1.74.0:amd64 (1.74.0-14ubuntu3) ...
Selecting previously unselected package libboost-chrono1.74-dev:amd64.
Preparing to unpack .../0439-libboost-chrono1.74-dev_1.74.0-14ubuntu3_amd64.deb ...
Unpacking libboost-chrono1.74-dev:amd64 (1.74.0-14ubuntu3) ...
Selecting previously unselected package libboost-chrono-dev:amd64.
Preparing to unpack .../0440-libboost-chrono-dev_1.74.0.3ubuntu7_amd64.deb ...
Unpacking libboost-chrono-dev:amd64 (1.74.0.3ubuntu7) ...
Selecting previously unselected package libboost-container1.74.0:amd64.
Preparing to unpack .../0441-libboost-container1.74.0_1.74.0-14ubuntu3_amd64.deb ...
Unpacking libboost-container1.74.0:amd64 (1.74.0-14ubuntu3) ...
Selecting previously unselected package libboost-container1.74-dev:amd64.
Preparing to unpack .../0442-libboost-container1.74-dev_1.74.0-14ubuntu3_amd64.deb ...
Unpacking libboost-container1.74-dev:amd64 (1.74.0-14ubuntu3) ...
Selecting previously unselected package libboost-container-dev:amd64.
Preparing to unpack .../0443-libboost-container-dev_1.74.0.3ubuntu7_amd64.deb ...
Unpacking libboost-container-dev:amd64 (1.74.0.3ubuntu7) ...
Selecting previously unselected package libboost-date-time1.74.0:amd64.
Preparing to unpack .../0444-libboost-date-time1.74.0_1.74.0-14ubuntu3_amd64.deb ...
Unpacking libboost-date-time1.74.0:amd64 (1.74.0-14ubuntu3) ...
Selecting previously unselected package libboost-serialization1.74.0:amd64.
Preparing to unpack .../0445-libboost-serialization1.74.0_1.74.0-14ubuntu3_amd64.deb ...
Unpacking libboost-serialization1.74.0:amd64 (1.74.0-14ubuntu3) ...
Selecting previously unselected package libboost-serialization1.74-dev:amd64.
Preparing to unpack .../0446-libboost-serialization1.74-dev_1.74.0-14ubuntu3_amd64.deb ...
Unpacking libboost-serialization1.74-dev:amd64 (1.74.0-14ubuntu3) ...
Selecting previously unselected package libboost-date-time1.74-dev:amd64.
Preparing to unpack .../0447-libboost-date-time1.74-dev_1.74.0-14ubuntu3_amd64.deb ...
Unpacking libboost-date-time1.74-dev:amd64 (1.74.0-14ubuntu3) ...
Selecting previously unselected package libboost-system1.74.0:amd64.
Preparing to unpack .../0448-libboost-system1.74.0_1.74.0-14ubuntu3_amd64.deb ...
Unpacking libboost-system1.74.0:amd64 (1.74.0-14ubuntu3) ...
Selecting previously unselected package libboost-system1.74-dev:amd64.
Preparing to unpack .../0449-libboost-system1.74-dev_1.74.0-14ubuntu3_amd64.deb ...
Unpacking libboost-system1.74-dev:amd64 (1.74.0-14ubuntu3) ...
Selecting previously unselected package libboost-thread1.74-dev:amd64.
Preparing to unpack .../0450-libboost-thread1.74-dev_1.74.0-14ubuntu3_amd64.deb ...
Unpacking libboost-thread1.74-dev:amd64 (1.74.0-14ubuntu3) ...
Selecting previously unselected package libboost-context1.74.0:amd64.
Preparing to unpack .../0451-libboost-context1.74.0_1.74.0-14ubuntu3_amd64.deb ...
Unpacking libboost-context1.74.0:amd64 (1.74.0-14ubuntu3) ...
Selecting previously unselected package libboost-context1.74-dev:amd64.
Preparing to unpack .../0452-libboost-context1.74-dev_1.74.0-14ubuntu3_amd64.deb ...
Unpacking libboost-context1.74-dev:amd64 (1.74.0-14ubuntu3) ...
Selecting previously unselected package libboost-context-dev:amd64.
Preparing to unpack .../0453-libboost-context-dev_1.74.0.3ubuntu7_amd64.deb ...
Unpacking libboost-context-dev:amd64 (1.74.0.3ubuntu7) ...
Selecting previously unselected package libboost-coroutine1.74.0:amd64.
Preparing to unpack .../0454-libboost-coroutine1.74.0_1.74.0-14ubuntu3_amd64.deb ...
Unpacking libboost-coroutine1.74.0:amd64 (1.74.0-14ubuntu3) ...
Selecting previously unselected package libboost-coroutine1.74-dev:amd64.
Preparing to unpack .../0455-libboost-coroutine1.74-dev_1.74.0-14ubuntu3_amd64.deb ...
Unpacking libboost-coroutine1.74-dev:amd64 (1.74.0-14ubuntu3) ...
Selecting previously unselected package libboost-coroutine-dev:amd64.
Preparing to unpack .../0456-libboost-coroutine-dev_1.74.0.3ubuntu7_amd64.deb ...
Unpacking libboost-coroutine-dev:amd64 (1.74.0.3ubuntu7) ...
Selecting previously unselected package libboost-date-time-dev:amd64.
Preparing to unpack .../0457-libboost-date-time-dev_1.74.0.3ubuntu7_amd64.deb ...
Unpacking libboost-date-time-dev:amd64 (1.74.0.3ubuntu7) ...
Selecting previously unselected package libboost-exception1.74-dev:amd64.
Preparing to unpack .../0458-libboost-exception1.74-dev_1.74.0-14ubuntu3_amd64.deb ...
Unpacking libboost-exception1.74-dev:amd64 (1.74.0-14ubuntu3) ...
Selecting previously unselected package libboost-exception-dev:amd64.
Preparing to unpack .../0459-libboost-exception-dev_1.74.0.3ubuntu7_amd64.deb ...
Unpacking libboost-exception-dev:amd64 (1.74.0.3ubuntu7) ...
Selecting previously unselected package libboost-filesystem1.74-dev:amd64.
Preparing to unpack .../0460-libboost-filesystem1.74-dev_1.74.0-14ubuntu3_amd64.deb ...
Unpacking libboost-filesystem1.74-dev:amd64 (1.74.0-14ubuntu3) ...
Selecting previously unselected package libboost-fiber1.74.0:amd64.
Preparing to unpack .../0461-libboost-fiber1.74.0_1.74.0-14ubuntu3_amd64.deb ...
Unpacking libboost-fiber1.74.0:amd64 (1.74.0-14ubuntu3) ...
Selecting previously unselected package libboost-fiber1.74-dev:amd64.
Preparing to unpack .../0462-libboost-fiber1.74-dev_1.74.0-14ubuntu3_amd64.deb ...
Unpacking libboost-fiber1.74-dev:amd64 (1.74.0-14ubuntu3) ...
Selecting previously unselected package libboost-fiber-dev:amd64.
Preparing to unpack .../0463-libboost-fiber-dev_1.74.0.3ubuntu7_amd64.deb ...
Unpacking libboost-fiber-dev:amd64 (1.74.0.3ubuntu7) ...
Selecting previously unselected package libboost-filesystem-dev:amd64.
Preparing to unpack .../0464-libboost-filesystem-dev_1.74.0.3ubuntu7_amd64.deb ...
Unpacking libboost-filesystem-dev:amd64 (1.74.0.3ubuntu7) ...
Selecting previously unselected package libboost-graph1.74.0:amd64.
Preparing to unpack .../0465-libboost-graph1.74.0_1.74.0-14ubuntu3_amd64.deb ...
Unpacking libboost-graph1.74.0:amd64 (1.74.0-14ubuntu3) ...
Selecting previously unselected package libicu-dev:amd64.
Preparing to unpack .../0466-libicu-dev_70.1-2_amd64.deb ...
Unpacking libicu-dev:amd64 (70.1-2) ...
Selecting previously unselected package libboost-regex1.74-dev:amd64.
Preparing to unpack .../0467-libboost-regex1.74-dev_1.74.0-14ubuntu3_amd64.deb ...
Unpacking libboost-regex1.74-dev:amd64 (1.74.0-14ubuntu3) ...
Selecting previously unselected package libboost-test1.74.0:amd64.
Preparing to unpack .../0468-libboost-test1.74.0_1.74.0-14ubuntu3_amd64.deb ...
Unpacking libboost-test1.74.0:amd64 (1.74.0-14ubuntu3) ...
Selecting previously unselected package libboost-test1.74-dev:amd64.
Preparing to unpack .../0469-libboost-test1.74-dev_1.74.0-14ubuntu3_amd64.deb ...
Unpacking libboost-test1.74-dev:amd64 (1.74.0-14ubuntu3) ...
Selecting previously unselected package libboost-graph1.74-dev:amd64.
Preparing to unpack .../0470-libboost-graph1.74-dev_1.74.0-14ubuntu3_amd64.deb ...
Unpacking libboost-graph1.74-dev:amd64 (1.74.0-14ubuntu3) ...
Selecting previously unselected package libboost-graph-dev:amd64.
Preparing to unpack .../0471-libboost-graph-dev_1.74.0.3ubuntu7_amd64.deb ...
Unpacking libboost-graph-dev:amd64 (1.74.0.3ubuntu7) ...
Selecting previously unselected package libevent-core-2.1-7:amd64.
Preparing to unpack .../0472-libevent-core-2.1-7_2.1.12-stable-1ubuntu0.2_amd64.deb ...
Unpacking libevent-core-2.1-7:amd64 (2.1.12-stable-1ubuntu0.2) ...
Selecting previously unselected package libevent-pthreads-2.1-7:amd64.
Preparing to unpack .../0473-libevent-pthreads-2.1-7_2.1.12-stable-1ubuntu0.2_amd64.deb ...
Unpacking libevent-pthreads-2.1-7:amd64 (2.1.12-stable-1ubuntu0.2) ...
Selecting previously unselected package libpsm-infinipath1.
Preparing to unpack .../0474-libpsm-infinipath1_3.3+20.604758e7-6.1_amd64.deb ...
Unpacking libpsm-infinipath1 (3.3+20.604758e7-6.1) ...
Selecting previously unselected package libpsm2-2.
Preparing to unpack .../0475-libpsm2-2_11.2.185-1_amd64.deb ...
Unpacking libpsm2-2 (11.2.185-1) ...
Selecting previously unselected package librdmacm1:amd64.
Preparing to unpack .../0476-librdmacm1_39.0-1_amd64.deb ...
Unpacking librdmacm1:amd64 (39.0-1) ...
Selecting previously unselected package libfabric1:amd64.
Preparing to unpack .../0477-libfabric1_1.11.0-3_amd64.deb ...
Unpacking libfabric1:amd64 (1.11.0-3) ...
Selecting previously unselected package libhwloc15:amd64.
Preparing to unpack .../0478-libhwloc15_2.7.0-2ubuntu1_amd64.deb ...
Unpacking libhwloc15:amd64 (2.7.0-2ubuntu1) ...
Selecting previously unselected package libxnvctrl0:amd64.
Preparing to unpack .../0479-libxnvctrl0_510.47.03-0ubuntu1.22.04.1_amd64.deb ...
Unpacking libxnvctrl0:amd64 (510.47.03-0ubuntu1.22.04.1) ...
Selecting previously unselected package libhwloc-plugins:amd64.
Preparing to unpack .../0480-libhwloc-plugins_2.7.0-2ubuntu1_amd64.deb ...
Unpacking libhwloc-plugins:amd64 (2.7.0-2ubuntu1) ...
Selecting previously unselected package libpmix2:amd64.
Preparing to unpack .../0481-libpmix2_4.1.2-2ubuntu1_amd64.deb ...
Unpacking libpmix2:amd64 (4.1.2-2ubuntu1) ...
Selecting previously unselected package libucx0:amd64.
Preparing to unpack .../0482-libucx0_1.12.1~rc2-1_amd64.deb ...
Unpacking libucx0:amd64 (1.12.1~rc2-1) ...
Selecting previously unselected package libopenmpi3:amd64.
Preparing to unpack .../0483-libopenmpi3_4.1.2-2ubuntu1_amd64.deb ...
Unpacking libopenmpi3:amd64 (4.1.2-2ubuntu1) ...
Selecting previously unselected package libboost-mpi1.74.0.
Preparing to unpack .../0484-libboost-mpi1.74.0_1.74.0-14ubuntu3_amd64.deb ...
Unpacking libboost-mpi1.74.0 (1.74.0-14ubuntu3) ...
Selecting previously unselected package libboost-graph-parallel1.74.0.
Preparing to unpack .../0485-libboost-graph-parallel1.74.0_1.74.0-14ubuntu3_amd64.deb ...
Unpacking libboost-graph-parallel1.74.0 (1.74.0-14ubuntu3) ...
Selecting previously unselected package libboost-graph-parallel1.74-dev.
Preparing to unpack .../0486-libboost-graph-parallel1.74-dev_1.74.0-14ubuntu3_amd64.deb ...
Unpacking libboost-graph-parallel1.74-dev (1.74.0-14ubuntu3) ...
Selecting previously unselected package libboost-graph-parallel-dev.
Preparing to unpack .../0487-libboost-graph-parallel-dev_1.74.0.3ubuntu7_amd64.deb ...
Unpacking libboost-graph-parallel-dev (1.74.0.3ubuntu7) ...
Selecting previously unselected package libboost-iostreams1.74-dev:amd64.
Preparing to unpack .../0488-libboost-iostreams1.74-dev_1.74.0-14ubuntu3_amd64.deb ...
Unpacking libboost-iostreams1.74-dev:amd64 (1.74.0-14ubuntu3) ...
Selecting previously unselected package libboost-iostreams-dev:amd64.
Preparing to unpack .../0489-libboost-iostreams-dev_1.74.0.3ubuntu7_amd64.deb ...
Unpacking libboost-iostreams-dev:amd64 (1.74.0.3ubuntu7) ...
Selecting previously unselected package libboost-locale1.74.0:amd64.
Preparing to unpack .../0490-libboost-locale1.74.0_1.74.0-14ubuntu3_amd64.deb ...
Unpacking libboost-locale1.74.0:amd64 (1.74.0-14ubuntu3) ...
Selecting previously unselected package libboost-locale1.74-dev:amd64.
Preparing to unpack .../0491-libboost-locale1.74-dev_1.74.0-14ubuntu3_amd64.deb ...
Unpacking libboost-locale1.74-dev:amd64 (1.74.0-14ubuntu3) ...
Selecting previously unselected package libboost-locale-dev:amd64.
Preparing to unpack .../0492-libboost-locale-dev_1.74.0.3ubuntu7_amd64.deb ...
Unpacking libboost-locale-dev:amd64 (1.74.0.3ubuntu7) ...
Selecting previously unselected package libboost-log1.74.0.
Preparing to unpack .../0493-libboost-log1.74.0_1.74.0-14ubuntu3_amd64.deb ...
Unpacking libboost-log1.74.0 (1.74.0-14ubuntu3) ...
Selecting previously unselected package libboost-log1.74-dev.
Preparing to unpack .../0494-libboost-log1.74-dev_1.74.0-14ubuntu3_amd64.deb ...
Unpacking libboost-log1.74-dev (1.74.0-14ubuntu3) ...
Selecting previously unselected package libboost-log-dev.
Preparing to unpack .../0495-libboost-log-dev_1.74.0.3ubuntu7_amd64.deb ...
Unpacking libboost-log-dev (1.74.0.3ubuntu7) ...
Selecting previously unselected package libboost-math1.74.0:amd64.
Preparing to unpack .../0496-libboost-math1.74.0_1.74.0-14ubuntu3_amd64.deb ...
Unpacking libboost-math1.74.0:amd64 (1.74.0-14ubuntu3) ...
Selecting previously unselected package libboost-math1.74-dev:amd64.
Preparing to unpack .../0497-libboost-math1.74-dev_1.74.0-14ubuntu3_amd64.deb ...
Unpacking libboost-math1.74-dev:amd64 (1.74.0-14ubuntu3) ...
Selecting previously unselected package libboost-math-dev:amd64.
Preparing to unpack .../0498-libboost-math-dev_1.74.0.3ubuntu7_amd64.deb ...
Unpacking libboost-math-dev:amd64 (1.74.0.3ubuntu7) ...
Selecting previously unselected package openmpi-common.
Preparing to unpack .../0499-openmpi-common_4.1.2-2ubuntu1_all.deb ...
Unpacking openmpi-common (4.1.2-2ubuntu1) ...
Selecting previously unselected package libnl-3-dev:amd64.
Preparing to unpack .../0500-libnl-3-dev_3.5.0-0.1_amd64.deb ...
Unpacking libnl-3-dev:amd64 (3.5.0-0.1) ...
Selecting previously unselected package libnl-route-3-dev:amd64.
Preparing to unpack .../0501-libnl-route-3-dev_3.5.0-0.1_amd64.deb ...
Unpacking libnl-route-3-dev:amd64 (3.5.0-0.1) ...
Selecting previously unselected package libibverbs-dev:amd64.
Preparing to unpack .../0502-libibverbs-dev_39.0-1_amd64.deb ...
Unpacking libibverbs-dev:amd64 (39.0-1) ...
Selecting previously unselected package libnuma-dev:amd64.
Preparing to unpack .../0503-libnuma-dev_2.0.14-3ubuntu2_amd64.deb ...
Unpacking libnuma-dev:amd64 (2.0.14-3ubuntu2) ...
Selecting previously unselected package libltdl-dev:amd64.
Preparing to unpack .../0504-libltdl-dev_2.4.6-15build2_amd64.deb ...
Unpacking libltdl-dev:amd64 (2.4.6-15build2) ...
Selecting previously unselected package libhwloc-dev:amd64.
Preparing to unpack .../0505-libhwloc-dev_2.7.0-2ubuntu1_amd64.deb ...
Unpacking libhwloc-dev:amd64 (2.7.0-2ubuntu1) ...
Selecting previously unselected package libevent-2.1-7:amd64.
Preparing to unpack .../0506-libevent-2.1-7_2.1.12-stable-1ubuntu0.2_amd64.deb ...
Unpacking libevent-2.1-7:amd64 (2.1.12-stable-1ubuntu0.2) ...
Selecting previously unselected package libevent-extra-2.1-7:amd64.
Preparing to unpack .../0507-libevent-extra-2.1-7_2.1.12-stable-1ubuntu0.2_amd64.deb ...
Unpacking libevent-extra-2.1-7:amd64 (2.1.12-stable-1ubuntu0.2) ...
Selecting previously unselected package libevent-openssl-2.1-7:amd64.
Preparing to unpack .../0508-libevent-openssl-2.1-7_2.1.12-stable-1ubuntu0.2_amd64.deb ...
Unpacking libevent-openssl-2.1-7:amd64 (2.1.12-stable-1ubuntu0.2) ...
Selecting previously unselected package libevent-dev.
Preparing to unpack .../0509-libevent-dev_2.1.12-stable-1ubuntu0.2_amd64.deb ...
Unpacking libevent-dev (2.1.12-stable-1ubuntu0.2) ...
Selecting previously unselected package libpmix-dev:amd64.
Preparing to unpack .../0510-libpmix-dev_4.1.2-2ubuntu1_amd64.deb ...
Unpacking libpmix-dev:amd64 (4.1.2-2ubuntu1) ...
Selecting previously unselected package libjs-jquery-ui.
Preparing to unpack .../0511-libjs-jquery-ui_1.13.1+dfsg-1_all.deb ...
Unpacking libjs-jquery-ui (1.13.1+dfsg-1) ...
Selecting previously unselected package openmpi-bin.
Preparing to unpack .../0512-openmpi-bin_4.1.2-2ubuntu1_amd64.deb ...
Unpacking openmpi-bin (4.1.2-2ubuntu1) ...
Selecting previously unselected package libopenmpi-dev:amd64.
Preparing to unpack .../0513-libopenmpi-dev_4.1.2-2ubuntu1_amd64.deb ...
Unpacking libopenmpi-dev:amd64 (4.1.2-2ubuntu1) ...
Selecting previously unselected package mpi-default-dev.
Preparing to unpack .../0514-mpi-default-dev_1.14_amd64.deb ...
Unpacking mpi-default-dev (1.14) ...
Selecting previously unselected package libboost-mpi1.74-dev.
Preparing to unpack .../0515-libboost-mpi1.74-dev_1.74.0-14ubuntu3_amd64.deb ...
Unpacking libboost-mpi1.74-dev (1.74.0-14ubuntu3) ...
Selecting previously unselected package libboost-mpi-dev.
Preparing to unpack .../0516-libboost-mpi-dev_1.74.0.3ubuntu7_amd64.deb ...
Unpacking libboost-mpi-dev (1.74.0.3ubuntu7) ...
Selecting previously unselected package libboost-python1.74.0.
Preparing to unpack .../0517-libboost-python1.74.0_1.74.0-14ubuntu3_amd64.deb ...
Unpacking libboost-python1.74.0 (1.74.0-14ubuntu3) ...
Selecting previously unselected package mpi-default-bin.
Preparing to unpack .../0518-mpi-default-bin_1.14_amd64.deb ...
Unpacking mpi-default-bin (1.14) ...
Selecting previously unselected package libboost-mpi-python1.74.0.
Preparing to unpack .../0519-libboost-mpi-python1.74.0_1.74.0-14ubuntu3_amd64.deb ...
Unpacking libboost-mpi-python1.74.0 (1.74.0-14ubuntu3) ...
Selecting previously unselected package libboost-mpi-python1.74-dev.
Preparing to unpack .../0520-libboost-mpi-python1.74-dev_1.74.0-14ubuntu3_amd64.deb ...
Unpacking libboost-mpi-python1.74-dev (1.74.0-14ubuntu3) ...
Selecting previously unselected package libboost-mpi-python-dev.
Preparing to unpack .../0521-libboost-mpi-python-dev_1.74.0.3ubuntu7_amd64.deb ...
Unpacking libboost-mpi-python-dev (1.74.0.3ubuntu7) ...
Selecting previously unselected package libboost-numpy1.74.0.
Preparing to unpack .../0522-libboost-numpy1.74.0_1.74.0-14ubuntu3_amd64.deb ...
Unpacking libboost-numpy1.74.0 (1.74.0-14ubuntu3) ...
Selecting previously unselected package libboost-numpy1.74-dev.
Preparing to unpack .../0523-libboost-numpy1.74-dev_1.74.0-14ubuntu3_amd64.deb ...
Unpacking libboost-numpy1.74-dev (1.74.0-14ubuntu3) ...
Selecting previously unselected package libboost-numpy-dev.
Preparing to unpack .../0524-libboost-numpy-dev_1.74.0.3ubuntu7_amd64.deb ...
Unpacking libboost-numpy-dev (1.74.0.3ubuntu7) ...
Selecting previously unselected package libboost-program-options1.74-dev:amd64.
Preparing to unpack .../0525-libboost-program-options1.74-dev_1.74.0-14ubuntu3_amd64.deb ...
Unpacking libboost-program-options1.74-dev:amd64 (1.74.0-14ubuntu3) ...
Selecting previously unselected package libboost-program-options-dev:amd64.
Preparing to unpack .../0526-libboost-program-options-dev_1.74.0.3ubuntu7_amd64.deb ...
Unpacking libboost-program-options-dev:amd64 (1.74.0.3ubuntu7) ...
Selecting previously unselected package libboost-python1.74-dev.
Preparing to unpack .../0527-libboost-python1.74-dev_1.74.0-14ubuntu3_amd64.deb ...
Unpacking libboost-python1.74-dev (1.74.0-14ubuntu3) ...
Selecting previously unselected package libboost-python-dev.
Preparing to unpack .../0528-libboost-python-dev_1.74.0.3ubuntu7_amd64.deb ...
Unpacking libboost-python-dev (1.74.0.3ubuntu7) ...
Selecting previously unselected package libboost-random1.74.0:amd64.
Preparing to unpack .../0529-libboost-random1.74.0_1.74.0-14ubuntu3_amd64.deb ...
Unpacking libboost-random1.74.0:amd64 (1.74.0-14ubuntu3) ...
Selecting previously unselected package libboost-random1.74-dev:amd64.
Preparing to unpack .../0530-libboost-random1.74-dev_1.74.0-14ubuntu3_amd64.deb ...
Unpacking libboost-random1.74-dev:amd64 (1.74.0-14ubuntu3) ...
Selecting previously unselected package libboost-random-dev:amd64.
Preparing to unpack .../0531-libboost-random-dev_1.74.0.3ubuntu7_amd64.deb ...
Unpacking libboost-random-dev:amd64 (1.74.0.3ubuntu7) ...
Selecting previously unselected package libboost-regex-dev:amd64.
Preparing to unpack .../0532-libboost-regex-dev_1.74.0.3ubuntu7_amd64.deb ...
Unpacking libboost-regex-dev:amd64 (1.74.0.3ubuntu7) ...
Selecting previously unselected package libboost-serialization-dev:amd64.
Preparing to unpack .../0533-libboost-serialization-dev_1.74.0.3ubuntu7_amd64.deb ...
Unpacking libboost-serialization-dev:amd64 (1.74.0.3ubuntu7) ...
Selecting previously unselected package libboost-stacktrace1.74.0:amd64.
Preparing to unpack .../0534-libboost-stacktrace1.74.0_1.74.0-14ubuntu3_amd64.deb ...
Unpacking libboost-stacktrace1.74.0:amd64 (1.74.0-14ubuntu3) ...
Selecting previously unselected package libboost-stacktrace1.74-dev:amd64.
Preparing to unpack .../0535-libboost-stacktrace1.74-dev_1.74.0-14ubuntu3_amd64.deb ...
Unpacking libboost-stacktrace1.74-dev:amd64 (1.74.0-14ubuntu3) ...
Selecting previously unselected package libboost-stacktrace-dev:amd64.
Preparing to unpack .../0536-libboost-stacktrace-dev_1.74.0.3ubuntu7_amd64.deb ...
Unpacking libboost-stacktrace-dev:amd64 (1.74.0.3ubuntu7) ...
Selecting previously unselected package libboost-system-dev:amd64.
Preparing to unpack .../0537-libboost-system-dev_1.74.0.3ubuntu7_amd64.deb ...
Unpacking libboost-system-dev:amd64 (1.74.0.3ubuntu7) ...
Selecting previously unselected package libboost-test-dev:amd64.
Preparing to unpack .../0538-libboost-test-dev_1.74.0.3ubuntu7_amd64.deb ...
Unpacking libboost-test-dev:amd64 (1.74.0.3ubuntu7) ...
Selecting previously unselected package libboost-thread-dev:amd64.
Preparing to unpack .../0539-libboost-thread-dev_1.74.0.3ubuntu7_amd64.deb ...
Unpacking libboost-thread-dev:amd64 (1.74.0.3ubuntu7) ...
Selecting previously unselected package libboost-timer1.74.0:amd64.
Preparing to unpack .../0540-libboost-timer1.74.0_1.74.0-14ubuntu3_amd64.deb ...
Unpacking libboost-timer1.74.0:amd64 (1.74.0-14ubuntu3) ...
Selecting previously unselected package libboost-timer1.74-dev:amd64.
Preparing to unpack .../0541-libboost-timer1.74-dev_1.74.0-14ubuntu3_amd64.deb ...
Unpacking libboost-timer1.74-dev:amd64 (1.74.0-14ubuntu3) ...
Selecting previously unselected package libboost-timer-dev:amd64.
Preparing to unpack .../0542-libboost-timer-dev_1.74.0.3ubuntu7_amd64.deb ...
Unpacking libboost-timer-dev:amd64 (1.74.0.3ubuntu7) ...
Selecting previously unselected package libboost-type-erasure1.74.0:amd64.
Preparing to unpack .../0543-libboost-type-erasure1.74.0_1.74.0-14ubuntu3_amd64.deb ...
Unpacking libboost-type-erasure1.74.0:amd64 (1.74.0-14ubuntu3) ...
Selecting previously unselected package libboost-type-erasure1.74-dev:amd64.
Preparing to unpack .../0544-libboost-type-erasure1.74-dev_1.74.0-14ubuntu3_amd64.deb ...
Unpacking libboost-type-erasure1.74-dev:amd64 (1.74.0-14ubuntu3) ...
Selecting previously unselected package libboost-type-erasure-dev:amd64.
Preparing to unpack .../0545-libboost-type-erasure-dev_1.74.0.3ubuntu7_amd64.deb ...
Unpacking libboost-type-erasure-dev:amd64 (1.74.0.3ubuntu7) ...
Selecting previously unselected package libboost-wave1.74.0:amd64.
Preparing to unpack .../0546-libboost-wave1.74.0_1.74.0-14ubuntu3_amd64.deb ...
Unpacking libboost-wave1.74.0:amd64 (1.74.0-14ubuntu3) ...
Selecting previously unselected package libboost-wave1.74-dev:amd64.
Preparing to unpack .../0547-libboost-wave1.74-dev_1.74.0-14ubuntu3_amd64.deb ...
Unpacking libboost-wave1.74-dev:amd64 (1.74.0-14ubuntu3) ...
Selecting previously unselected package libboost-wave-dev:amd64.
Preparing to unpack .../0548-libboost-wave-dev_1.74.0.3ubuntu7_amd64.deb ...
Unpacking libboost-wave-dev:amd64 (1.74.0.3ubuntu7) ...
Selecting previously unselected package libboost-nowide1.74.0.
Preparing to unpack .../0549-libboost-nowide1.74.0_1.74.0-14ubuntu3_amd64.deb ...
Unpacking libboost-nowide1.74.0 (1.74.0-14ubuntu3) ...
Selecting previously unselected package libboost-nowide1.74-dev.
Preparing to unpack .../0550-libboost-nowide1.74-dev_1.74.0-14ubuntu3_amd64.deb ...
Unpacking libboost-nowide1.74-dev (1.74.0-14ubuntu3) ...
Selecting previously unselected package libboost-nowide-dev.
Preparing to unpack .../0551-libboost-nowide-dev_1.74.0.3ubuntu7_amd64.deb ...
Unpacking libboost-nowide-dev (1.74.0.3ubuntu7) ...
Selecting previously unselected package libboost-all-dev.
Preparing to unpack .../0552-libboost-all-dev_1.74.0.3ubuntu7_amd64.deb ...
Unpacking libboost-all-dev (1.74.0.3ubuntu7) ...
Selecting previously unselected package libbrotli-dev:amd64.
Preparing to unpack .../0553-libbrotli-dev_1.0.9-2build6_amd64.deb ...
Unpacking libbrotli-dev:amd64 (1.0.9-2build6) ...
Selecting previously unselected package libmd-dev:amd64.
Preparing to unpack .../0554-libmd-dev_1.0.4-1build1_amd64.deb ...
Unpacking libmd-dev:amd64 (1.0.4-1build1) ...
Selecting previously unselected package libbsd-dev:amd64.
Preparing to unpack .../0555-libbsd-dev_0.11.5-1_amd64.deb ...
Unpacking libbsd-dev:amd64 (0.11.5-1) ...
Selecting previously unselected package libbtf1:amd64.
Preparing to unpack .../0556-libbtf1_1%3a5.10.1+dfsg-4build1_amd64.deb ...
Unpacking libbtf1:amd64 (1:5.10.1+dfsg-4build1) ...
Selecting previously unselected package libbz2-dev:amd64.
Preparing to unpack .../0557-libbz2-dev_1.0.8-5ubuntu0.1_amd64.deb ...
Unpacking libbz2-dev:amd64 (1.0.8-5ubuntu0.1) ...
Selecting previously unselected package libcaf-openmpi-3:amd64.
Preparing to unpack .../0558-libcaf-openmpi-3_2.9.2-3_amd64.deb ...
Unpacking libcaf-openmpi-3:amd64 (2.9.2-3) ...
Selecting previously unselected package libcamd2:amd64.
Preparing to unpack .../0559-libcamd2_1%3a5.10.1+dfsg-4build1_amd64.deb ...
Unpacking libcamd2:amd64 (1:5.10.1+dfsg-4build1) ...
Selecting previously unselected package libcap-dev:amd64.
Preparing to unpack .../0560-libcap-dev_1%3a2.44-1ubuntu0.22.04.3_amd64.deb ...
Unpacking libcap-dev:amd64 (1:2.44-1ubuntu0.22.04.3) ...
Selecting previously unselected package libccolamd2:amd64.
Preparing to unpack .../0561-libccolamd2_1%3a5.10.1+dfsg-4build1_amd64.deb ...
Unpacking libccolamd2:amd64 (1:5.10.1+dfsg-4build1) ...
Selecting previously unselected package libcolamd2:amd64.
Preparing to unpack .../0562-libcolamd2_1%3a5.10.1+dfsg-4build1_amd64.deb ...
Unpacking libcolamd2:amd64 (1:5.10.1+dfsg-4build1) ...
Selecting previously unselected package libmetis5:amd64.
Preparing to unpack .../0563-libmetis5_5.1.0.dfsg-7build2_amd64.deb ...
Unpacking libmetis5:amd64 (5.1.0.dfsg-7build2) ...
Selecting previously unselected package libcholmod3:amd64.
Preparing to unpack .../0564-libcholmod3_1%3a5.10.1+dfsg-4build1_amd64.deb ...
Unpacking libcholmod3:amd64 (1:5.10.1+dfsg-4build1) ...
Selecting previously unselected package libcxsparse3:amd64.
Preparing to unpack .../0565-libcxsparse3_1%3a5.10.1+dfsg-4build1_amd64.deb ...
Unpacking libcxsparse3:amd64 (1:5.10.1+dfsg-4build1) ...
Selecting previously unselected package libgflags2.2.
Preparing to unpack .../0566-libgflags2.2_2.2.2-2_amd64.deb ...
Unpacking libgflags2.2 (2.2.2-2) ...
Selecting previously unselected package libgoogle-glog0v5.
Preparing to unpack .../0567-libgoogle-glog0v5_0.5.0+really0.4.0-2_amd64.deb ...
Unpacking libgoogle-glog0v5 (0.5.0+really0.4.0-2) ...
Selecting previously unselected package libspqr2:amd64.
Preparing to unpack .../0568-libspqr2_1%3a5.10.1+dfsg-4build1_amd64.deb ...
Unpacking libspqr2:amd64 (1:5.10.1+dfsg-4build1) ...
Selecting previously unselected package libceres2.
Preparing to unpack .../0569-libceres2_2.0.0+dfsg1-5_amd64.deb ...
Unpacking libceres2 (2.0.0+dfsg1-5) ...
Selecting previously unselected package libgflags-dev.
Preparing to unpack .../0570-libgflags-dev_2.2.2-2_amd64.deb ...
Unpacking libgflags-dev (2.2.2-2) ...
Selecting previously unselected package liblzma-dev:amd64.
Preparing to unpack .../0571-liblzma-dev_5.2.5-2ubuntu1.1_amd64.deb ...
Unpacking liblzma-dev:amd64 (5.2.5-2ubuntu1.1) ...
Selecting previously unselected package libunwind-dev:amd64.
Preparing to unpack .../0572-libunwind-dev_1.3.2-2build2.1_amd64.deb ...
Unpacking libunwind-dev:amd64 (1.3.2-2build2.1) ...
Selecting previously unselected package libgoogle-glog-dev.
Preparing to unpack .../0573-libgoogle-glog-dev_0.5.0+really0.4.0-2_amd64.deb ...
Unpacking libgoogle-glog-dev (0.5.0+really0.4.0-2) ...
Selecting previously unselected package libdpkg-perl.
Preparing to unpack .../0574-libdpkg-perl_1.21.1ubuntu2.6_all.deb ...
Unpacking libdpkg-perl (1.21.1ubuntu2.6) ...
Selecting previously unselected package pkg-config.
Preparing to unpack .../0575-pkg-config_0.29.2-1ubuntu3_amd64.deb ...
Unpacking pkg-config (0.29.2-1ubuntu3) ...
Selecting previously unselected package libeigen3-dev.
Preparing to unpack .../0576-libeigen3-dev_3.4.0-2ubuntu2_all.deb ...
Unpacking libeigen3-dev (3.4.0-2ubuntu2) ...
Selecting previously unselected package libklu1:amd64.
Preparing to unpack .../0577-libklu1_1%3a5.10.1+dfsg-4build1_amd64.deb ...
Unpacking libklu1:amd64 (1:5.10.1+dfsg-4build1) ...
Selecting previously unselected package libldl2:amd64.
Preparing to unpack .../0578-libldl2_1%3a5.10.1+dfsg-4build1_amd64.deb ...
Unpacking libldl2:amd64 (1:5.10.1+dfsg-4build1) ...
Selecting previously unselected package libmongoose2:amd64.
Preparing to unpack .../0579-libmongoose2_1%3a5.10.1+dfsg-4build1_amd64.deb ...
Unpacking libmongoose2:amd64 (1:5.10.1+dfsg-4build1) ...
Selecting previously unselected package libumfpack5:amd64.
Preparing to unpack .../0580-libumfpack5_1%3a5.10.1+dfsg-4build1_amd64.deb ...
Unpacking libumfpack5:amd64 (1:5.10.1+dfsg-4build1) ...
Selecting previously unselected package librbio2:amd64.
Preparing to unpack .../0581-librbio2_1%3a5.10.1+dfsg-4build1_amd64.deb ...
Unpacking librbio2:amd64 (1:5.10.1+dfsg-4build1) ...
Selecting previously unselected package libsliplu1:amd64.
Preparing to unpack .../0582-libsliplu1_1%3a5.10.1+dfsg-4build1_amd64.deb ...
Unpacking libsliplu1:amd64 (1:5.10.1+dfsg-4build1) ...
Selecting previously unselected package libsuitesparse-dev:amd64.
Preparing to unpack .../0583-libsuitesparse-dev_1%3a5.10.1+dfsg-4build1_amd64.deb ...
Unpacking libsuitesparse-dev:amd64 (1:5.10.1+dfsg-4build1) ...
Selecting previously unselected package libceres-dev.
Preparing to unpack .../0584-libceres-dev_2.0.0+dfsg1-5_amd64.deb ...
Unpacking libceres-dev (2.0.0+dfsg1-5) ...
Selecting previously unselected package libcfitsio-dev:amd64.
Preparing to unpack .../0585-libcfitsio-dev_4.0.0-1_amd64.deb ...
Unpacking libcfitsio-dev:amd64 (4.0.0-1) ...
Selecting previously unselected package libcfitsio-doc.
Preparing to unpack .../0586-libcfitsio-doc_4.0.0-1_all.deb ...
Unpacking libcfitsio-doc (4.0.0-1) ...
Selecting previously unselected package libcharls-dev:amd64.
Preparing to unpack .../0587-libcharls-dev_2.3.4-1_amd64.deb ...
Unpacking libcharls-dev:amd64 (2.3.4-1) ...
Selecting previously unselected package libcoarrays-dev:amd64.
Preparing to unpack .../0588-libcoarrays-dev_2.9.2-3_amd64.deb ...
Unpacking libcoarrays-dev:amd64 (2.9.2-3) ...
Selecting previously unselected package libcoarrays-openmpi-dev:amd64.
Preparing to unpack .../0589-libcoarrays-openmpi-dev_2.9.2-3_amd64.deb ...
Unpacking libcoarrays-openmpi-dev:amd64 (2.9.2-3) ...
Selecting previously unselected package libcolord2:amd64.
Preparing to unpack .../0590-libcolord2_1.4.6-1_amd64.deb ...
Unpacking libcolord2:amd64 (1.4.6-1) ...
Selecting previously unselected package libdraco-dev:amd64.
Preparing to unpack .../0591-libdraco-dev_1.5.2+dfsg-2_amd64.deb ...
Unpacking libdraco-dev:amd64 (1.5.2+dfsg-2) ...
Selecting previously unselected package libminizip-dev:amd64.
Preparing to unpack .../0592-libminizip-dev_1.1-8build1_amd64.deb ...
Unpacking libminizip-dev:amd64 (1.1-8build1) ...
Selecting previously unselected package libassimp-dev:amd64.
Preparing to unpack .../0593-libassimp-dev_5.2.2~ds0-1_amd64.deb ...
Unpacking libassimp-dev:amd64 (5.2.2~ds0-1) ...
Selecting previously unselected package libccd-dev:amd64.
Preparing to unpack .../0594-libccd-dev_2.1-2_amd64.deb ...
Unpacking libccd-dev:amd64 (2.1-2) ...
Selecting previously unselected package liboctomap-dev:amd64.
Preparing to unpack .../0595-liboctomap-dev_1.9.7+dfsg-3_amd64.deb ...
Unpacking liboctomap-dev:amd64 (1.9.7+dfsg-3) ...
Selecting previously unselected package libfcl-dev:amd64.
Preparing to unpack .../0596-libfcl-dev_0.7.0-3_amd64.deb ...
Unpacking libfcl-dev:amd64 (0.7.0-3) ...
Selecting previously unselected package libbullet-dev:amd64.
Preparing to unpack .../0597-libbullet-dev_3.06+dfsg-4build2_amd64.deb ...
Unpacking libbullet-dev:amd64 (3.06+dfsg-4build2) ...
Selecting previously unselected package libdart-external-odelcpsolver-dev:amd64.
Preparing to unpack .../0598-libdart-external-odelcpsolver-dev_6.12.1+dfsg4-11build2_amd64.deb ...
Unpacking libdart-external-odelcpsolver-dev:amd64 (6.12.1+dfsg4-11build2) ...
Selecting previously unselected package libdart-external-convhull-3d-dev:amd64.
Preparing to unpack .../0599-libdart-external-convhull-3d-dev_6.12.1+dfsg4-11build2_amd64.deb ...
Unpacking libdart-external-convhull-3d-dev:amd64 (6.12.1+dfsg4-11build2) ...
Selecting previously unselected package libdart-dev:amd64.
Preparing to unpack .../0600-libdart-dev_6.12.1+dfsg4-11build2_amd64.deb ...
Unpacking libdart-dev:amd64 (6.12.1+dfsg4-11build2) ...
Selecting previously unselected package libdav1d-dev:amd64.
Preparing to unpack .../0601-libdav1d-dev_0.9.2-1_amd64.deb ...
Unpacking libdav1d-dev:amd64 (0.9.2-1) ...
Selecting previously unselected package libraw1394-dev:amd64.
Preparing to unpack .../0602-libraw1394-dev_2.1.2-2build2_amd64.deb ...
Unpacking libraw1394-dev:amd64 (2.1.2-2build2) ...
Selecting previously unselected package libdc1394-dev:amd64.
Preparing to unpack .../0603-libdc1394-dev_2.2.6-4_amd64.deb ...
Unpacking libdc1394-dev:amd64 (2.2.6-4) ...
Selecting previously unselected package libde265-dev:amd64.
Preparing to unpack .../0604-libde265-dev_1.0.8-1ubuntu0.3_amd64.deb ...
Unpacking libde265-dev:amd64 (1.0.8-1ubuntu0.3) ...
Selecting previously unselected package libdecor-0-plugin-1-cairo:amd64.
Preparing to unpack .../0605-libdecor-0-plugin-1-cairo_0.1.0-3build1_amd64.deb ...
Unpacking libdecor-0-plugin-1-cairo:amd64 (0.1.0-3build1) ...
Selecting previously unselected package libdeflate-dev:amd64.
Preparing to unpack .../0606-libdeflate-dev_1.10-2_amd64.deb ...
Unpacking libdeflate-dev:amd64 (1.10-2) ...
Selecting previously unselected package libelf-dev:amd64.
Preparing to unpack .../0607-libelf-dev_0.186-1ubuntu0.1_amd64.deb ...
Unpacking libelf-dev:amd64 (0.186-1ubuntu0.1) ...
Selecting previously unselected package libdw-dev:amd64.
Preparing to unpack .../0608-libdw-dev_0.186-1ubuntu0.1_amd64.deb ...
Unpacking libdw-dev:amd64 (0.186-1ubuntu0.1) ...
Selecting previously unselected package libepoxy0:amd64.
Preparing to unpack .../0609-libepoxy0_1.5.10-1_amd64.deb ...
Unpacking libepoxy0:amd64 (1.5.10-1) ...
Selecting previously unselected package libexif12:amd64.
Preparing to unpack .../0610-libexif12_0.6.24-1ubuntu0.22.04.1_amd64.deb ...
Unpacking libexif12:amd64 (0.6.24-1ubuntu0.22.04.1) ...
Selecting previously unselected package libexif-dev:amd64.
Preparing to unpack .../0611-libexif-dev_0.6.24-1ubuntu0.22.04.1_amd64.deb ...
Unpacking libexif-dev:amd64 (0.6.24-1ubuntu0.22.04.1) ...
Selecting previously unselected package libexif-doc.
Preparing to unpack .../0612-libexif-doc_0.6.24-1ubuntu0.22.04.1_all.deb ...
Unpacking libexif-doc (0.6.24-1ubuntu0.22.04.1) ...
Selecting previously unselected package libexpected-dev.
Preparing to unpack .../0613-libexpected-dev_1.0.0~dfsg-2_all.deb ...
Unpacking libexpected-dev (1.0.0~dfsg-2) ...
Selecting previously unselected package libfile-fcntllock-perl.
Preparing to unpack .../0614-libfile-fcntllock-perl_0.22-3build7_amd64.deb ...
Unpacking libfile-fcntllock-perl (0.22-3build7) ...
Selecting previously unselected package libflann1.9:amd64.
Preparing to unpack .../0615-libflann1.9_1.9.1+dfsg-11_amd64.deb ...
Unpacking libflann1.9:amd64 (1.9.1+dfsg-11) ...
Selecting previously unselected package libhdf5-openmpi-103-1:amd64.
Preparing to unpack .../0616-libhdf5-openmpi-103-1_1.10.7+repack-4ubuntu2_amd64.deb ...
Unpacking libhdf5-openmpi-103-1:amd64 (1.10.7+repack-4ubuntu2) ...
Selecting previously unselected package libhdf5-openmpi-fortran-102:amd64.
Preparing to unpack .../0617-libhdf5-openmpi-fortran-102_1.10.7+repack-4ubuntu2_amd64.deb ...
Unpacking libhdf5-openmpi-fortran-102:amd64 (1.10.7+repack-4ubuntu2) ...
Selecting previously unselected package libhdf5-openmpi-hl-100:amd64.
Preparing to unpack .../0618-libhdf5-openmpi-hl-100_1.10.7+repack-4ubuntu2_amd64.deb ...
Unpacking libhdf5-openmpi-hl-100:amd64 (1.10.7+repack-4ubuntu2) ...
Selecting previously unselected package libhdf5-openmpi-hl-fortran-100:amd64.
Preparing to unpack .../0619-libhdf5-openmpi-hl-fortran-100_1.10.7+repack-4ubuntu2_amd64.deb ...
Unpacking libhdf5-openmpi-hl-fortran-100:amd64 (1.10.7+repack-4ubuntu2) ...
Selecting previously unselected package libhdf5-openmpi-cpp-103-1:amd64.
Preparing to unpack .../0620-libhdf5-openmpi-cpp-103-1_1.10.7+repack-4ubuntu2_amd64.deb ...
Unpacking libhdf5-openmpi-cpp-103-1:amd64 (1.10.7+repack-4ubuntu2) ...
Selecting previously unselected package libhdf5-openmpi-hl-cpp-100:amd64.
Preparing to unpack .../0621-libhdf5-openmpi-hl-cpp-100_1.10.7+repack-4ubuntu2_amd64.deb ...
Unpacking libhdf5-openmpi-hl-cpp-100:amd64 (1.10.7+repack-4ubuntu2) ...
Selecting previously unselected package libhdf5-openmpi-dev.
Preparing to unpack .../0622-libhdf5-openmpi-dev_1.10.7+repack-4ubuntu2_amd64.deb ...
Unpacking libhdf5-openmpi-dev (1.10.7+repack-4ubuntu2) ...
Selecting previously unselected package libhdf5-mpi-dev.
Preparing to unpack .../0623-libhdf5-mpi-dev_1.10.7+repack-4ubuntu2_amd64.deb ...
Unpacking libhdf5-mpi-dev (1.10.7+repack-4ubuntu2) ...
Selecting previously unselected package liblz4-dev:amd64.
Preparing to unpack .../0624-liblz4-dev_1.9.3-2build2_amd64.deb ...
Unpacking liblz4-dev:amd64 (1.9.3-2build2) ...
Selecting previously unselected package libflann-dev:amd64.
Preparing to unpack .../0625-libflann-dev_1.9.1+dfsg-11_amd64.deb ...
Unpacking libflann-dev:amd64 (1.9.1+dfsg-11) ...
Selecting previously unselected package libpng-dev:amd64.
Preparing to unpack .../0626-libpng-dev_1.6.37-3ubuntu0.6_amd64.deb ...
Unpacking libpng-dev:amd64 (1.6.37-3ubuntu0.6) ...
Selecting previously unselected package libfreetype-dev:amd64.
Preparing to unpack .../0627-libfreetype-dev_2.11.1+dfsg-1ubuntu0.3_amd64.deb ...
Unpacking libfreetype-dev:amd64 (2.11.1+dfsg-1ubuntu0.3) ...
Selecting previously unselected package libfyba-dev:amd64.
Preparing to unpack .../0628-libfyba-dev_4.1.1-7_amd64.deb ...
Unpacking libfyba-dev:amd64 (4.1.1-7) ...
Selecting previously unselected package libtbb-dev:amd64.
Preparing to unpack .../0629-libtbb-dev_2021.5.0-7ubuntu2_amd64.deb ...
Unpacking libtbb-dev:amd64 (2021.5.0-7ubuntu2) ...
Selecting previously unselected package libxml2-dev:amd64.
Preparing to unpack .../0630-libxml2-dev_2.9.13+dfsg-1ubuntu0.13_amd64.deb ...
Unpacking libxml2-dev:amd64 (2.9.13+dfsg-1ubuntu0.13) ...
Selecting previously unselected package libqt5concurrent5:amd64.
Preparing to unpack .../0631-libqt5concurrent5_5.15.3+dfsg-2ubuntu0.2_amd64.deb ...
Unpacking libqt5concurrent5:amd64 (5.15.3+dfsg-2ubuntu0.2) ...
Selecting previously unselected package libqt5printsupport5:amd64.
Preparing to unpack .../0632-libqt5printsupport5_5.15.3+dfsg-2ubuntu0.2_amd64.deb ...
Unpacking libqt5printsupport5:amd64 (5.15.3+dfsg-2ubuntu0.2) ...
Selecting previously unselected package libqt5sql5:amd64.
Preparing to unpack .../0633-libqt5sql5_5.15.3+dfsg-2ubuntu0.2_amd64.deb ...
Unpacking libqt5sql5:amd64 (5.15.3+dfsg-2ubuntu0.2) ...
Selecting previously unselected package libqt5test5:amd64.
Preparing to unpack .../0634-libqt5test5_5.15.3+dfsg-2ubuntu0.2_amd64.deb ...
Unpacking libqt5test5:amd64 (5.15.3+dfsg-2ubuntu0.2) ...
Selecting previously unselected package libqt5xml5:amd64.
Preparing to unpack .../0635-libqt5xml5_5.15.3+dfsg-2ubuntu0.2_amd64.deb ...
Unpacking libqt5xml5:amd64 (5.15.3+dfsg-2ubuntu0.2) ...
Selecting previously unselected package libvulkan1:amd64.
Preparing to unpack .../0636-libvulkan1_1.3.204.1-2_amd64.deb ...
Unpacking libvulkan1:amd64 (1.3.204.1-2) ...
Selecting previously unselected package libvulkan-dev:amd64.
Preparing to unpack .../0637-libvulkan-dev_1.3.204.1-2_amd64.deb ...
Unpacking libvulkan-dev:amd64 (1.3.204.1-2) ...
Selecting previously unselected package qt5-qmake-bin.
Preparing to unpack .../0638-qt5-qmake-bin_5.15.3+dfsg-2ubuntu0.2_amd64.deb ...
Unpacking qt5-qmake-bin (5.15.3+dfsg-2ubuntu0.2) ...
Selecting previously unselected package qtchooser.
Preparing to unpack .../0639-qtchooser_66-2build1_amd64.deb ...
Unpacking qtchooser (66-2build1) ...
Selecting previously unselected package qt5-qmake:amd64.
Preparing to unpack .../0640-qt5-qmake_5.15.3+dfsg-2ubuntu0.2_amd64.deb ...
Unpacking qt5-qmake:amd64 (5.15.3+dfsg-2ubuntu0.2) ...
Selecting previously unselected package qtbase5-dev-tools.
Preparing to unpack .../0641-qtbase5-dev-tools_5.15.3+dfsg-2ubuntu0.2_amd64.deb ...
Unpacking qtbase5-dev-tools (5.15.3+dfsg-2ubuntu0.2) ...
Selecting previously unselected package qtbase5-dev:amd64.
Preparing to unpack .../0642-qtbase5-dev_5.15.3+dfsg-2ubuntu0.2_amd64.deb ...
Unpacking qtbase5-dev:amd64 (5.15.3+dfsg-2ubuntu0.2) ...
Selecting previously unselected package libqt5designer5:amd64.
Preparing to unpack .../0643-libqt5designer5_5.15.3-1_amd64.deb ...
Unpacking libqt5designer5:amd64 (5.15.3-1) ...
Selecting previously unselected package libqwt-qt5-dev.
Preparing to unpack .../0644-libqwt-qt5-dev_6.1.4-2_amd64.deb ...
Unpacking libqwt-qt5-dev (6.1.4-2) ...
Selecting previously unselected package libprotoc23:amd64.
Preparing to unpack .../0645-libprotoc23_3.12.4-1ubuntu7.22.04.6_amd64.deb ...
Unpacking libprotoc23:amd64 (3.12.4-1ubuntu7.22.04.6) ...
Selecting previously unselected package libprotobuf-lite23:amd64.
Preparing to unpack .../0646-libprotobuf-lite23_3.12.4-1ubuntu7.22.04.6_amd64.deb ...
Unpacking libprotobuf-lite23:amd64 (3.12.4-1ubuntu7.22.04.6) ...
Selecting previously unselected package libprotobuf-dev:amd64.
Preparing to unpack .../0647-libprotobuf-dev_3.12.4-1ubuntu7.22.04.6_amd64.deb ...
Unpacking libprotobuf-dev:amd64 (3.12.4-1ubuntu7.22.04.6) ...
Selecting previously unselected package libprotoc-dev:amd64.
Preparing to unpack .../0648-libprotoc-dev_3.12.4-1ubuntu7.22.04.6_amd64.deb ...
Unpacking libprotoc-dev:amd64 (3.12.4-1ubuntu7.22.04.6) ...
Selecting previously unselected package libfreeimage-dev.
Preparing to unpack .../0649-libfreeimage-dev_3.18.0+ds2-6ubuntu5.1_amd64.deb ...
Unpacking libfreeimage-dev (3.18.0+ds2-6ubuntu5.1) ...
Selecting previously unselected package libogre-1.9-dev.
Preparing to unpack .../0650-libogre-1.9-dev_1.9.0+dfsg1-12.1ubuntu1_amd64.deb ...
Unpacking libogre-1.9-dev (1.9.0+dfsg1-12.1ubuntu1) ...
Selecting previously unselected package libtar-dev:amd64.
Preparing to unpack .../0651-libtar-dev_1.2.20-8ubuntu0.22.04.1_amd64.deb ...
Unpacking libtar-dev:amd64 (1.2.20-8ubuntu0.22.04.1) ...
Selecting previously unselected package libfreexl-dev:amd64.
Preparing to unpack .../0652-libfreexl-dev_1.0.6-1_amd64.deb ...
Unpacking libfreexl-dev:amd64 (1.0.6-1) ...
Selecting previously unselected package libgeos-dev.
Preparing to unpack .../0653-libgeos-dev_3.10.2-1_amd64.deb ...
Unpacking libgeos-dev (3.10.2-1) ...
Selecting previously unselected package libsqlite3-dev:amd64.
Preparing to unpack .../0654-libsqlite3-dev_3.37.2-2ubuntu0.8_amd64.deb ...
Unpacking libsqlite3-dev:amd64 (3.37.2-2ubuntu0.8) ...
Selecting previously unselected package libjbig-dev:amd64.
Preparing to unpack .../0655-libjbig-dev_2.1-3.1ubuntu0.22.04.1_amd64.deb ...
Unpacking libjbig-dev:amd64 (2.1-3.1ubuntu0.22.04.1) ...
Selecting previously unselected package libtiffxx5:amd64.
Preparing to unpack .../0656-libtiffxx5_4.3.0-6ubuntu0.13_amd64.deb ...
Unpacking libtiffxx5:amd64 (4.3.0-6ubuntu0.13) ...
Selecting previously unselected package libtiff-dev:amd64.
Preparing to unpack .../0657-libtiff-dev_4.3.0-6ubuntu0.13_amd64.deb ...
Unpacking libtiff-dev:amd64 (4.3.0-6ubuntu0.13) ...
Selecting previously unselected package libproj-dev:amd64.
Preparing to unpack .../0658-libproj-dev_8.2.1-1_amd64.deb ...
Unpacking libproj-dev:amd64 (8.2.1-1) ...
Selecting previously unselected package libgeotiff-dev:amd64.
Preparing to unpack .../0659-libgeotiff-dev_1.7.0-2build1_amd64.deb ...
Unpacking libgeotiff-dev:amd64 (1.7.0-2build1) ...
Selecting previously unselected package libgif-dev.
Preparing to unpack .../0660-libgif-dev_5.1.9-2ubuntu0.3_amd64.deb ...
Unpacking libgif-dev (5.1.9-2ubuntu0.3) ...
Selecting previously unselected package libnetcdf-dev.
Preparing to unpack .../0661-libnetcdf-dev_1%3a4.8.1-1_amd64.deb ...
Unpacking libnetcdf-dev (1:4.8.1-1) ...
Selecting previously unselected package libhdf4-alt-dev.
Preparing to unpack .../0662-libhdf4-alt-dev_4.2.15-4_amd64.deb ...
Unpacking libhdf4-alt-dev (4.2.15-4) ...
Selecting previously unselected package libx265-dev:amd64.
Preparing to unpack .../0663-libx265-dev_3.5-2_amd64.deb ...
Unpacking libx265-dev:amd64 (3.5-2) ...
Selecting previously unselected package libheif-dev:amd64.
Preparing to unpack .../0664-libheif-dev_1.12.0-2build1_amd64.deb ...
Unpacking libheif-dev:amd64 (1.12.0-2build1) ...
Selecting previously unselected package libjson-c-dev:amd64.
Preparing to unpack .../0665-libjson-c-dev_0.15-3~ubuntu1.22.04.2_amd64.deb ...
Unpacking libjson-c-dev:amd64 (0.15-3~ubuntu1.22.04.2) ...
Selecting previously unselected package libkmlconvenience1:amd64.
Preparing to unpack .../0666-libkmlconvenience1_1.3.0-9_amd64.deb ...
Unpacking libkmlconvenience1:amd64 (1.3.0-9) ...
Selecting previously unselected package libkmlregionator1:amd64.
Preparing to unpack .../0667-libkmlregionator1_1.3.0-9_amd64.deb ...
Unpacking libkmlregionator1:amd64 (1.3.0-9) ...
Selecting previously unselected package libkmlxsd1:amd64.
Preparing to unpack .../0668-libkmlxsd1_1.3.0-9_amd64.deb ...
Unpacking libkmlxsd1:amd64 (1.3.0-9) ...
Selecting previously unselected package liburiparser-dev.
Preparing to unpack .../0669-liburiparser-dev_0.9.6+dfsg-1_amd64.deb ...
Unpacking liburiparser-dev (0.9.6+dfsg-1) ...
Selecting previously unselected package libkml-dev:amd64.
Preparing to unpack .../0670-libkml-dev_1.3.0-9_amd64.deb ...
Unpacking libkml-dev:amd64 (1.3.0-9) ...
Selecting previously unselected package libogdi-dev.
Preparing to unpack .../0671-libogdi-dev_4.1.0+ds-5_amd64.deb ...
Unpacking libogdi-dev (4.1.0+ds-5) ...
Selecting previously unselected package libopenjp2-7-dev:amd64.
Preparing to unpack .../0672-libopenjp2-7-dev_2.4.0-6ubuntu0.5_amd64.deb ...
Unpacking libopenjp2-7-dev:amd64 (2.4.0-6ubuntu0.5) ...
Selecting previously unselected package libpcre2-32-0:amd64.
Preparing to unpack .../0673-libpcre2-32-0_10.39-3ubuntu0.1_amd64.deb ...
Unpacking libpcre2-32-0:amd64 (10.39-3ubuntu0.1) ...
Selecting previously unselected package libpcre2-posix3:amd64.
Preparing to unpack .../0674-libpcre2-posix3_10.39-3ubuntu0.1_amd64.deb ...
Unpacking libpcre2-posix3:amd64 (10.39-3ubuntu0.1) ...
Selecting previously unselected package libpcre2-dev:amd64.
Preparing to unpack .../0675-libpcre2-dev_10.39-3ubuntu0.1_amd64.deb ...
Unpacking libpcre2-dev:amd64 (10.39-3ubuntu0.1) ...
Selecting previously unselected package libpoppler-dev:amd64.
Preparing to unpack .../0676-libpoppler-dev_22.02.0-2ubuntu0.13_amd64.deb ...
Unpacking libpoppler-dev:amd64 (22.02.0-2ubuntu0.13) ...
Selecting previously unselected package libpoppler-private-dev:amd64.
Preparing to unpack .../0677-libpoppler-private-dev_22.02.0-2ubuntu0.13_amd64.deb ...
Unpacking libpoppler-private-dev:amd64 (22.02.0-2ubuntu0.13) ...
Selecting previously unselected package libpq-dev.
Preparing to unpack .../0678-libpq-dev_14.24-0ubuntu0.22.04.1_amd64.deb ...
Unpacking libpq-dev (14.24-0ubuntu0.22.04.1) ...
Selecting previously unselected package libqhull8.0:amd64.
Preparing to unpack .../0679-libqhull8.0_2020.2-4_amd64.deb ...
Unpacking libqhull8.0:amd64 (2020.2-4) ...
Selecting previously unselected package libqhullcpp8.0:amd64.
Preparing to unpack .../0680-libqhullcpp8.0_2020.2-4_amd64.deb ...
Unpacking libqhullcpp8.0:amd64 (2020.2-4) ...
Selecting previously unselected package libqhull-dev:amd64.
Preparing to unpack .../0681-libqhull-dev_2020.2-4_amd64.deb ...
Unpacking libqhull-dev:amd64 (2020.2-4) ...
Selecting previously unselected package librttopo-dev:amd64.
Preparing to unpack .../0682-librttopo-dev_1.1.0-2_amd64.deb ...
Unpacking librttopo-dev:amd64 (1.1.0-2) ...
Selecting previously unselected package libspatialite-dev:amd64.
Preparing to unpack .../0683-libspatialite-dev_5.0.1-2build2_amd64.deb ...
Unpacking libspatialite-dev:amd64 (5.0.1-2build2) ...
Selecting previously unselected package libwebpdemux2:amd64.
Preparing to unpack .../0684-libwebpdemux2_1.2.2-2ubuntu0.22.04.2_amd64.deb ...
Unpacking libwebpdemux2:amd64 (1.2.2-2ubuntu0.22.04.2) ...
Selecting previously unselected package libwebp-dev:amd64.
Preparing to unpack .../0685-libwebp-dev_1.2.2-2ubuntu0.22.04.2_amd64.deb ...
Unpacking libwebp-dev:amd64 (1.2.2-2ubuntu0.22.04.2) ...
Selecting previously unselected package libxerces-c-dev:amd64.
Preparing to unpack .../0686-libxerces-c-dev_3.2.3+debian-3ubuntu0.1_amd64.deb ...
Unpacking libxerces-c-dev:amd64 (3.2.3+debian-3ubuntu0.1) ...
Selecting previously unselected package libodbccr2:amd64.
Preparing to unpack .../0687-libodbccr2_2.3.9-5ubuntu0.1_amd64.deb ...
Unpacking libodbccr2:amd64 (2.3.9-5ubuntu0.1) ...
Selecting previously unselected package unixodbc-dev:amd64.
Preparing to unpack .../0688-unixodbc-dev_2.3.9-5ubuntu0.1_amd64.deb ...
Unpacking unixodbc-dev:amd64 (2.3.9-5ubuntu0.1) ...
Selecting previously unselected package libgdal-dev.
Preparing to unpack .../0689-libgdal-dev_3.4.1+dfsg-1build4_amd64.deb ...
Unpacking libgdal-dev (3.4.1+dfsg-1build4) ...
Selecting previously unselected package libignition-cmake2-dev:amd64.
Preparing to unpack .../0690-libignition-cmake2-dev_2.19.0-1~jammy_amd64.deb ...
Unpacking libignition-cmake2-dev:amd64 (2.19.0-1~jammy) ...
Selecting previously unselected package libignition-math6-dev:amd64.
Preparing to unpack .../0691-libignition-math6-dev_6.16.0-1~jammy_amd64.deb ...
Unpacking libignition-math6-dev:amd64 (6.16.0-1~jammy) ...
Selecting previously unselected package uuid-dev:amd64.
Preparing to unpack .../0692-uuid-dev_2.37.2-4ubuntu3.6_amd64.deb ...
Unpacking uuid-dev:amd64 (2.37.2-4ubuntu3.6) ...
Selecting previously unselected package libpgm-dev:amd64.
Preparing to unpack .../0693-libpgm-dev_5.3.128~dfsg-2_amd64.deb ...
Unpacking libpgm-dev:amd64 (5.3.128~dfsg-2) ...
Selecting previously unselected package libsodium-dev:amd64.
Preparing to unpack .../0694-libsodium-dev_1.0.18-1ubuntu0.22.04.1_amd64.deb ...
Unpacking libsodium-dev:amd64 (1.0.18-1ubuntu0.22.04.1) ...
Selecting previously unselected package libnorm-dev:amd64.
Preparing to unpack .../0695-libnorm-dev_1.5.9+dfsg-2_amd64.deb ...
Unpacking libnorm-dev:amd64 (1.5.9+dfsg-2) ...
Selecting previously unselected package libkrb5-dev:amd64.
Preparing to unpack .../0696-libkrb5-dev_1.19.2-2ubuntu0.10_amd64.deb ...
Unpacking libkrb5-dev:amd64 (1.19.2-2ubuntu0.10) ...
Selecting previously unselected package libzmq3-dev:amd64.
Preparing to unpack .../0697-libzmq3-dev_4.3.4-2_amd64.deb ...
Unpacking libzmq3-dev:amd64 (4.3.4-2) ...
Selecting previously unselected package protobuf-compiler.
Preparing to unpack .../0698-protobuf-compiler_3.12.4-1ubuntu7.22.04.6_amd64.deb ...
Unpacking protobuf-compiler (3.12.4-1ubuntu7.22.04.6) ...
Selecting previously unselected package libignition-msgs5-dev:amd64.
Preparing to unpack .../0699-libignition-msgs5-dev_5.8.1+ds-2_amd64.deb ...
Unpacking libignition-msgs5-dev:amd64 (5.8.1+ds-2) ...
Selecting previously unselected package libignition-transport8-dev:amd64.
Preparing to unpack .../0700-libignition-transport8-dev_8.2.1+ds-2_amd64.deb ...
Unpacking libignition-transport8-dev:amd64 (8.2.1+ds-2) ...
Selecting previously unselected package libtinyobjloader-dev:amd64.
Preparing to unpack .../0701-libtinyobjloader-dev_2.0.0~rc5+dfsg1-5build1_amd64.deb ...
Unpacking libtinyobjloader-dev:amd64 (2.0.0~rc5+dfsg1-5build1) ...
Selecting previously unselected package libignition-common3-core-dev:amd64.
Preparing to unpack .../0702-libignition-common3-core-dev_3.14.0+dfsg-5_amd64.deb ...
Unpacking libignition-common3-core-dev:amd64 (3.14.0+dfsg-5) ...
Selecting previously unselected package libignition-common3-av3:amd64.
Preparing to unpack .../0703-libignition-common3-av3_3.14.0+dfsg-5_amd64.deb ...
Unpacking libignition-common3-av3:amd64 (3.14.0+dfsg-5) ...
Selecting previously unselected package libignition-common3-av-dev:amd64.
Preparing to unpack .../0704-libignition-common3-av-dev_3.14.0+dfsg-5_amd64.deb ...
Unpacking libignition-common3-av-dev:amd64 (3.14.0+dfsg-5) ...
Selecting previously unselected package libffi-dev:amd64.
Preparing to unpack .../0705-libffi-dev_3.4.2-4_amd64.deb ...
Unpacking libffi-dev:amd64 (3.4.2-4) ...
Selecting previously unselected package libglib2.0-bin.
Preparing to unpack .../0706-libglib2.0-bin_2.72.4-0ubuntu2.10_amd64.deb ...
Unpacking libglib2.0-bin (2.72.4-0ubuntu2.10) ...
Selecting previously unselected package libglib2.0-dev-bin.
Preparing to unpack .../0707-libglib2.0-dev-bin_2.72.4-0ubuntu2.10_amd64.deb ...
Unpacking libglib2.0-dev-bin (2.72.4-0ubuntu2.10) ...
Selecting previously unselected package libblkid-dev:amd64.
Preparing to unpack .../0708-libblkid-dev_2.37.2-4ubuntu3.6_amd64.deb ...
Unpacking libblkid-dev:amd64 (2.37.2-4ubuntu3.6) ...
Selecting previously unselected package libsepol-dev:amd64.
Preparing to unpack .../0709-libsepol-dev_3.3-1build1_amd64.deb ...
Unpacking libsepol-dev:amd64 (3.3-1build1) ...
Selecting previously unselected package libselinux1-dev:amd64.
Preparing to unpack .../0710-libselinux1-dev_3.3-1build2_amd64.deb ...
Unpacking libselinux1-dev:amd64 (3.3-1build2) ...
Selecting previously unselected package libmount-dev:amd64.
Preparing to unpack .../0711-libmount-dev_2.37.2-4ubuntu3.6_amd64.deb ...
Unpacking libmount-dev:amd64 (2.37.2-4ubuntu3.6) ...
Selecting previously unselected package libpcre16-3:amd64.
Preparing to unpack .../0712-libpcre16-3_2%3a8.39-13ubuntu0.22.04.1_amd64.deb ...
Unpacking libpcre16-3:amd64 (2:8.39-13ubuntu0.22.04.1) ...
Selecting previously unselected package libpcre32-3:amd64.
Preparing to unpack .../0713-libpcre32-3_2%3a8.39-13ubuntu0.22.04.1_amd64.deb ...
Unpacking libpcre32-3:amd64 (2:8.39-13ubuntu0.22.04.1) ...
Selecting previously unselected package libpcrecpp0v5:amd64.
Preparing to unpack .../0714-libpcrecpp0v5_2%3a8.39-13ubuntu0.22.04.1_amd64.deb ...
Unpacking libpcrecpp0v5:amd64 (2:8.39-13ubuntu0.22.04.1) ...
Selecting previously unselected package libpcre3-dev:amd64.
Preparing to unpack .../0715-libpcre3-dev_2%3a8.39-13ubuntu0.22.04.1_amd64.deb ...
Unpacking libpcre3-dev:amd64 (2:8.39-13ubuntu0.22.04.1) ...
Selecting previously unselected package libglib2.0-dev:amd64.
Preparing to unpack .../0716-libglib2.0-dev_2.72.4-0ubuntu2.10_amd64.deb ...
Unpacking libglib2.0-dev:amd64 (2.72.4-0ubuntu2.10) ...
Selecting previously unselected package libgts-dev:amd64.
Preparing to unpack .../0717-libgts-dev_0.7.6+darcs121130-5_amd64.deb ...
Unpacking libgts-dev:amd64 (0.7.6+darcs121130-5) ...
Selecting previously unselected package libignition-common3-graphics3:amd64.
Preparing to unpack .../0718-libignition-common3-graphics3_3.14.0+dfsg-5_amd64.deb ...
Unpacking libignition-common3-graphics3:amd64 (3.14.0+dfsg-5) ...
Selecting previously unselected package libignition-common3-graphics-dev:amd64.
Preparing to unpack .../0719-libignition-common3-graphics-dev_3.14.0+dfsg-5_amd64.deb ...
Unpacking libignition-common3-graphics-dev:amd64 (3.14.0+dfsg-5) ...
Selecting previously unselected package libignition-common3-profiler3:amd64.
Preparing to unpack .../0720-libignition-common3-profiler3_3.14.0+dfsg-5_amd64.deb ...
Unpacking libignition-common3-profiler3:amd64 (3.14.0+dfsg-5) ...
Selecting previously unselected package libignition-common3-events3:amd64.
Preparing to unpack .../0721-libignition-common3-events3_3.14.0+dfsg-5_amd64.deb ...
Unpacking libignition-common3-events3:amd64 (3.14.0+dfsg-5) ...
Selecting previously unselected package libignition-common3-dev:amd64.
Preparing to unpack .../0722-libignition-common3-dev_3.14.0+dfsg-5_amd64.deb ...
Unpacking libignition-common3-dev:amd64 (3.14.0+dfsg-5) ...
Selecting previously unselected package libzip-dev:amd64.
Preparing to unpack .../0723-libzip-dev_1.7.3-1ubuntu2_amd64.deb ...
Unpacking libzip-dev:amd64 (1.7.3-1ubuntu2) ...
Selecting previously unselected package libjsoncpp-dev:amd64.
Preparing to unpack .../0724-libjsoncpp-dev_1.9.5-3_amd64.deb ...
Unpacking libjsoncpp-dev:amd64 (1.9.5-3) ...
Selecting previously unselected package libignition-fuel-tools4-dev:amd64.
Preparing to unpack .../0725-libignition-fuel-tools4-dev_4.4.0+ds-3build1_amd64.deb ...
Unpacking libignition-fuel-tools4-dev:amd64 (4.4.0+ds-3build1) ...
Selecting previously unselected package libtinyxml-dev:amd64.
Preparing to unpack .../0726-libtinyxml-dev_2.6.2-6ubuntu0.22.04.1_amd64.deb ...
Unpacking libtinyxml-dev:amd64 (2.6.2-6ubuntu0.22.04.1) ...
Selecting previously unselected package libsdformat9-dev:amd64.
Preparing to unpack .../0727-libsdformat9-dev_9.7.0+ds-1_amd64.deb ...
Unpacking libsdformat9-dev:amd64 (9.7.0+ds-1) ...
Selecting previously unselected package libxfixes-dev:amd64.
Preparing to unpack .../0728-libxfixes-dev_1%3a6.0.0-1_amd64.deb ...
Unpacking libxfixes-dev:amd64 (1:6.0.0-1) ...
Selecting previously unselected package libxi-dev:amd64.
Preparing to unpack .../0729-libxi-dev_2%3a1.8-1build1_amd64.deb ...
Unpacking libxi-dev:amd64 (2:1.8-1build1) ...
Selecting previously unselected package libxmu-headers.
Preparing to unpack .../0730-libxmu-headers_2%3a1.1.3-3_all.deb ...
Unpacking libxmu-headers (2:1.1.3-3) ...
Selecting previously unselected package libxmu-dev:amd64.
Preparing to unpack .../0731-libxmu-dev_2%3a1.1.3-3_amd64.deb ...
Unpacking libxmu-dev:amd64 (2:1.1.3-3) ...
Selecting previously unselected package libsimbody-dev:amd64.
Preparing to unpack .../0732-libsimbody-dev_3.6.1+dfsg-7build1_amd64.deb ...
Unpacking libsimbody-dev:amd64 (3.6.1+dfsg-7build1) ...
Selecting previously unselected package libgazebo-dev.
Preparing to unpack .../0733-libgazebo-dev_11.10.2+dfsg-1_amd64.deb ...
Unpacking libgazebo-dev (11.10.2+dfsg-1) ...
Selecting previously unselected package libsocket++1:amd64.
Preparing to unpack .../0734-libsocket++1_1.12.13+git20131030.5d039ba-1_amd64.deb ...
Unpacking libsocket++1:amd64 (1.12.13+git20131030.5d039ba-1) ...
Selecting previously unselected package libgdcm3.0:amd64.
Preparing to unpack .../0735-libgdcm3.0_3.0.10-1build2_amd64.deb ...
Unpacking libgdcm3.0:amd64 (3.0.10-1build2) ...
Selecting previously unselected package libgdcm-dev.
Preparing to unpack .../0736-libgdcm-dev_3.0.10-1build2_amd64.deb ...
Unpacking libgdcm-dev (3.0.10-1build2) ...
Selecting previously unselected package libgdk-pixbuf2.0-bin.
Preparing to unpack .../0737-libgdk-pixbuf2.0-bin_2.42.8+dfsg-1ubuntu0.5_amd64.deb ...
Unpacking libgdk-pixbuf2.0-bin (2.42.8+dfsg-1ubuntu0.5) ...
Selecting previously unselected package libgl1-amber-dri:amd64.
Preparing to unpack .../0738-libgl1-amber-dri_21.3.9-0ubuntu1~22.04.2_amd64.deb ...
Unpacking libgl1-amber-dri:amd64 (21.3.9-0ubuntu1~22.04.2) ...
Selecting previously unselected package libgl2ps1.4.
Preparing to unpack .../0739-libgl2ps1.4_1.4.2+dfsg1-2_amd64.deb ...
Unpacking libgl2ps1.4 (1.4.2+dfsg1-2) ...
Selecting previously unselected package libglew2.2:amd64.
Preparing to unpack .../0740-libglew2.2_2.2.0-4_amd64.deb ...
Unpacking libglew2.2:amd64 (2.2.0-4) ...
Selecting previously unselected package libglew-dev:amd64.
Preparing to unpack .../0741-libglew-dev_2.2.0-4_amd64.deb ...
Unpacking libglew-dev:amd64 (2.2.0-4) ...
Selecting previously unselected package libgphoto2-port12:amd64.
Preparing to unpack .../0742-libgphoto2-port12_2.5.27-1ubuntu0.1_amd64.deb ...
Unpacking libgphoto2-port12:amd64 (2.5.27-1ubuntu0.1) ...
Selecting previously unselected package libgphoto2-6:amd64.
Preparing to unpack .../0743-libgphoto2-6_2.5.27-1ubuntu0.1_amd64.deb ...
Unpacking libgphoto2-6:amd64 (2.5.27-1ubuntu0.1) ...
Selecting previously unselected package libgphoto2-dev:amd64.
Preparing to unpack .../0744-libgphoto2-dev_2.5.27-1ubuntu0.1_amd64.deb ...
Unpacking libgphoto2-dev:amd64 (2.5.27-1ubuntu0.1) ...
Selecting previously unselected package libgphoto2-l10n.
Preparing to unpack .../0745-libgphoto2-l10n_2.5.27-1ubuntu0.1_all.deb ...
Unpacking libgphoto2-l10n (2.5.27-1ubuntu0.1) ...
Selecting previously unselected package libgraphblas6:amd64.
Preparing to unpack .../0746-libgraphblas6_6.1.4+dfsg-2_amd64.deb ...
Unpacking libgraphblas6:amd64 (6.1.4+dfsg-2) ...
Selecting previously unselected package libgraphblas-dev:amd64.
Preparing to unpack .../0747-libgraphblas-dev_6.1.4+dfsg-2_amd64.deb ...
Unpacking libgraphblas-dev:amd64 (6.1.4+dfsg-2) ...
Selecting previously unselected package libwmflite-0.2-7:amd64.
Preparing to unpack .../0748-libwmflite-0.2-7_0.2.12-5ubuntu1_amd64.deb ...
Unpacking libwmflite-0.2-7:amd64 (0.2.12-5ubuntu1) ...
Selecting previously unselected package libgraphicsmagick-q16-3.
Preparing to unpack .../0749-libgraphicsmagick-q16-3_1.4+really1.3.38-1ubuntu0.1_amd64.deb ...
Unpacking libgraphicsmagick-q16-3 (1.4+really1.3.38-1ubuntu0.1) ...
Selecting previously unselected package libgraphics-magick-perl.
Preparing to unpack .../0750-libgraphics-magick-perl_1.4+really1.3.38-1ubuntu0.1_amd64.deb ...
Unpacking libgraphics-magick-perl (1.4+really1.3.38-1ubuntu0.1) ...
Selecting previously unselected package libgraphicsmagick++-q16-12.
Preparing to unpack .../0751-libgraphicsmagick++-q16-12_1.4+really1.3.38-1ubuntu0.1_amd64.deb ...
Unpacking libgraphicsmagick++-q16-12 (1.4+really1.3.38-1ubuntu0.1) ...
Selecting previously unselected package liblcms2-dev:amd64.
Preparing to unpack .../0752-liblcms2-dev_2.12~rc1-2ubuntu0.1_amd64.deb ...
Unpacking liblcms2-dev:amd64 (2.12~rc1-2ubuntu0.1) ...
Selecting previously unselected package libwmf-0.2-7:amd64.
Preparing to unpack .../0753-libwmf-0.2-7_0.2.12-5ubuntu1_amd64.deb ...
Unpacking libwmf-0.2-7:amd64 (0.2.12-5ubuntu1) ...
Selecting previously unselected package libwmf-dev.
Preparing to unpack .../0754-libwmf-dev_0.2.12-5ubuntu1_amd64.deb ...
Unpacking libwmf-dev (0.2.12-5ubuntu1) ...
Selecting previously unselected package libgraphicsmagick1-dev.
Preparing to unpack .../0755-libgraphicsmagick1-dev_1.4+really1.3.38-1ubuntu0.1_amd64.deb ...
Unpacking libgraphicsmagick1-dev (1.4+really1.3.38-1ubuntu0.1) ...
Selecting previously unselected package libgraphicsmagick++1-dev.
Preparing to unpack .../0756-libgraphicsmagick++1-dev_1.4+really1.3.38-1ubuntu0.1_amd64.deb ...
Unpacking libgraphicsmagick++1-dev (1.4+really1.3.38-1ubuntu0.1) ...
Selecting previously unselected package libxcomposite1:amd64.
Preparing to unpack .../0757-libxcomposite1_1%3a0.4.5-1build2_amd64.deb ...
Unpacking libxcomposite1:amd64 (1:0.4.5-1build2) ...
Selecting previously unselected package libxdamage1:amd64.
Preparing to unpack .../0758-libxdamage1_1%3a1.1.5-2build2_amd64.deb ...
Unpacking libxdamage1:amd64 (1:1.1.5-2build2) ...
Selecting previously unselected package libgtk-3-common.
Preparing to unpack .../0759-libgtk-3-common_3.24.33-1ubuntu2.2_all.deb ...
Unpacking libgtk-3-common (3.24.33-1ubuntu2.2) ...
Selecting previously unselected package libgtk-3-0:amd64.
Preparing to unpack .../0760-libgtk-3-0_3.24.33-1ubuntu2.2_amd64.deb ...
Unpacking libgtk-3-0:amd64 (3.24.33-1ubuntu2.2) ...
Selecting previously unselected package libgtk-3-bin.
Preparing to unpack .../0761-libgtk-3-bin_3.24.33-1ubuntu2.2_amd64.deb ...
Unpacking libgtk-3-bin (3.24.33-1ubuntu2.2) ...
Selecting previously unselected package libgts-bin.
Preparing to unpack .../0762-libgts-bin_0.7.6+darcs121130-5_amd64.deb ...
Unpacking libgts-bin (0.7.6+darcs121130-5) ...
Selecting previously unselected package libilmbase-dev:amd64.
Preparing to unpack .../0763-libilmbase-dev_2.5.7-2_amd64.deb ...
Unpacking libilmbase-dev:amd64 (2.5.7-2) ...
Selecting previously unselected package libjs-jquery-metadata.
Preparing to unpack .../0764-libjs-jquery-metadata_12-3_all.deb ...
Unpacking libjs-jquery-metadata (12-3) ...
Selecting previously unselected package libjs-jquery-tablesorter.
Preparing to unpack .../0765-libjs-jquery-tablesorter_1%3a2.31.3+dfsg1-3_all.deb ...
Unpacking libjs-jquery-tablesorter (1:2.31.3+dfsg1-3) ...
Selecting previously unselected package libjs-jquery-throttle-debounce.
Preparing to unpack .../0766-libjs-jquery-throttle-debounce_1.1+dfsg.1-2_all.deb ...
Unpacking libjs-jquery-throttle-debounce (1.1+dfsg.1-2) ...
Selecting previously unselected package liblept5:amd64.
Preparing to unpack .../0767-liblept5_1.82.0-3build1_amd64.deb ...
Unpacking liblept5:amd64 (1.82.0-3build1) ...
Selecting previously unselected package libllvm14:amd64.
Preparing to unpack .../0768-libllvm14_1%3a14.0.0-1ubuntu1.1_amd64.deb ...
Unpacking libllvm14:amd64 (1:14.0.0-1ubuntu1.1) ...
Selecting previously unselected package libnanoflann-dev.
Preparing to unpack .../0769-libnanoflann-dev_1.4.2+ds-1_all.deb ...
Unpacking libnanoflann-dev (1.4.2+ds-1) ...
Selecting previously unselected package libncurses-dev:amd64.
Preparing to unpack .../0770-libncurses-dev_6.3-2ubuntu0.3_amd64.deb ...
Unpacking libncurses-dev:amd64 (6.3-2ubuntu0.3) ...
Selecting previously unselected package libomp5-14:amd64.
Preparing to unpack .../0771-libomp5-14_1%3a14.0.0-1ubuntu1.1_amd64.deb ...
Unpacking libomp5-14:amd64 (1:14.0.0-1ubuntu1.1) ...
Selecting previously unselected package libomp-14-dev.
Preparing to unpack .../0772-libomp-14-dev_1%3a14.0.0-1ubuntu1.1_amd64.deb ...
Unpacking libomp-14-dev (1:14.0.0-1ubuntu1.1) ...
Selecting previously unselected package libtbb2:amd64.
Preparing to unpack .../0773-libtbb2_2020.3-1ubuntu3_amd64.deb ...
Unpacking libtbb2:amd64 (2020.3-1ubuntu3) ...
Selecting previously unselected package libopencv-core4.5d:amd64.
Preparing to unpack .../0774-libopencv-core4.5d_4.5.4+dfsg-9ubuntu4_amd64.deb ...
Unpacking libopencv-core4.5d:amd64 (4.5.4+dfsg-9ubuntu4) ...
Selecting previously unselected package libopencv-flann4.5d:amd64.
Preparing to unpack .../0775-libopencv-flann4.5d_4.5.4+dfsg-9ubuntu4_amd64.deb ...
Unpacking libopencv-flann4.5d:amd64 (4.5.4+dfsg-9ubuntu4) ...
Selecting previously unselected package libopencv-imgproc4.5d:amd64.
Preparing to unpack .../0776-libopencv-imgproc4.5d_4.5.4+dfsg-9ubuntu4_amd64.deb ...
Unpacking libopencv-imgproc4.5d:amd64 (4.5.4+dfsg-9ubuntu4) ...
Selecting previously unselected package libopencv-features2d4.5d:amd64.
Preparing to unpack .../0777-libopencv-features2d4.5d_4.5.4+dfsg-9ubuntu4_amd64.deb ...
Unpacking libopencv-features2d4.5d:amd64 (4.5.4+dfsg-9ubuntu4) ...
Selecting previously unselected package libopencv-calib3d4.5d:amd64.
Preparing to unpack .../0778-libopencv-calib3d4.5d_4.5.4+dfsg-9ubuntu4_amd64.deb ...
Unpacking libopencv-calib3d4.5d:amd64 (4.5.4+dfsg-9ubuntu4) ...
Selecting previously unselected package libopencv-core-dev:amd64.
Preparing to unpack .../0779-libopencv-core-dev_4.5.4+dfsg-9ubuntu4_amd64.deb ...
Unpacking libopencv-core-dev:amd64 (4.5.4+dfsg-9ubuntu4) ...
Selecting previously unselected package libopencv-flann-dev:amd64.
Preparing to unpack .../0780-libopencv-flann-dev_4.5.4+dfsg-9ubuntu4_amd64.deb ...
Unpacking libopencv-flann-dev:amd64 (4.5.4+dfsg-9ubuntu4) ...
Selecting previously unselected package libopencv-imgcodecs4.5d:amd64.
Preparing to unpack .../0781-libopencv-imgcodecs4.5d_4.5.4+dfsg-9ubuntu4_amd64.deb ...
Unpacking libopencv-imgcodecs4.5d:amd64 (4.5.4+dfsg-9ubuntu4) ...
Selecting previously unselected package libopencv-highgui4.5d:amd64.
Preparing to unpack .../0782-libopencv-highgui4.5d_4.5.4+dfsg-9ubuntu4_amd64.deb ...
Unpacking libopencv-highgui4.5d:amd64 (4.5.4+dfsg-9ubuntu4) ...
Selecting previously unselected package libopencv-imgproc-dev:amd64.
Preparing to unpack .../0783-libopencv-imgproc-dev_4.5.4+dfsg-9ubuntu4_amd64.deb ...
Unpacking libopencv-imgproc-dev:amd64 (4.5.4+dfsg-9ubuntu4) ...
Selecting previously unselected package libopencv-imgcodecs-dev:amd64.
Preparing to unpack .../0784-libopencv-imgcodecs-dev_4.5.4+dfsg-9ubuntu4_amd64.deb ...
Unpacking libopencv-imgcodecs-dev:amd64 (4.5.4+dfsg-9ubuntu4) ...
Selecting previously unselected package libopencv-videoio4.5d:amd64.
Preparing to unpack .../0785-libopencv-videoio4.5d_4.5.4+dfsg-9ubuntu4_amd64.deb ...
Unpacking libopencv-videoio4.5d:amd64 (4.5.4+dfsg-9ubuntu4) ...
Selecting previously unselected package libopencv-videoio-dev:amd64.
Preparing to unpack .../0786-libopencv-videoio-dev_4.5.4+dfsg-9ubuntu4_amd64.deb ...
Unpacking libopencv-videoio-dev:amd64 (4.5.4+dfsg-9ubuntu4) ...
Selecting previously unselected package libopenexr-dev.
Preparing to unpack .../0787-libopenexr-dev_2.5.7-1_amd64.deb ...
Unpacking libopenexr-dev (2.5.7-1) ...
Selecting previously unselected package libopencv-highgui-dev:amd64.
Preparing to unpack .../0788-libopencv-highgui-dev_4.5.4+dfsg-9ubuntu4_amd64.deb ...
Unpacking libopencv-highgui-dev:amd64 (4.5.4+dfsg-9ubuntu4) ...
Selecting previously unselected package libopencv-ml4.5d:amd64.
Preparing to unpack .../0789-libopencv-ml4.5d_4.5.4+dfsg-9ubuntu4_amd64.deb ...
Unpacking libopencv-ml4.5d:amd64 (4.5.4+dfsg-9ubuntu4) ...
Selecting previously unselected package libopencv-ml-dev:amd64.
Preparing to unpack .../0790-libopencv-ml-dev_4.5.4+dfsg-9ubuntu4_amd64.deb ...
Unpacking libopencv-ml-dev:amd64 (4.5.4+dfsg-9ubuntu4) ...
Selecting previously unselected package libopencv-features2d-dev:amd64.
Preparing to unpack .../0791-libopencv-features2d-dev_4.5.4+dfsg-9ubuntu4_amd64.deb ...
Unpacking libopencv-features2d-dev:amd64 (4.5.4+dfsg-9ubuntu4) ...
Selecting previously unselected package libopencv-calib3d-dev:amd64.
Preparing to unpack .../0792-libopencv-calib3d-dev_4.5.4+dfsg-9ubuntu4_amd64.deb ...
Unpacking libopencv-calib3d-dev:amd64 (4.5.4+dfsg-9ubuntu4) ...
Selecting previously unselected package libopencv-dnn4.5d:amd64.
Preparing to unpack .../0793-libopencv-dnn4.5d_4.5.4+dfsg-9ubuntu4_amd64.deb ...
Unpacking libopencv-dnn4.5d:amd64 (4.5.4+dfsg-9ubuntu4) ...
Selecting previously unselected package libopencv-objdetect4.5d:amd64.
Preparing to unpack .../0794-libopencv-objdetect4.5d_4.5.4+dfsg-9ubuntu4_amd64.deb ...
Unpacking libopencv-objdetect4.5d:amd64 (4.5.4+dfsg-9ubuntu4) ...
Selecting previously unselected package libopencv-video4.5d:amd64.
Preparing to unpack .../0795-libopencv-video4.5d_4.5.4+dfsg-9ubuntu4_amd64.deb ...
Unpacking libopencv-video4.5d:amd64 (4.5.4+dfsg-9ubuntu4) ...
Selecting previously unselected package libtesseract4:amd64.
Preparing to unpack .../0796-libtesseract4_4.1.1-2.1build1_amd64.deb ...
Unpacking libtesseract4:amd64 (4.1.1-2.1build1) ...
Selecting previously unselected package libopencv-contrib4.5d:amd64.
Preparing to unpack .../0797-libopencv-contrib4.5d_4.5.4+dfsg-9ubuntu4_amd64.deb ...
Unpacking libopencv-contrib4.5d:amd64 (4.5.4+dfsg-9ubuntu4) ...
Selecting previously unselected package libopencv-dnn-dev:amd64.
Preparing to unpack .../0798-libopencv-dnn-dev_4.5.4+dfsg-9ubuntu4_amd64.deb ...
Unpacking libopencv-dnn-dev:amd64 (4.5.4+dfsg-9ubuntu4) ...
Selecting previously unselected package libopencv-objdetect-dev:amd64.
Preparing to unpack .../0799-libopencv-objdetect-dev_4.5.4+dfsg-9ubuntu4_amd64.deb ...
Unpacking libopencv-objdetect-dev:amd64 (4.5.4+dfsg-9ubuntu4) ...
Selecting previously unselected package libopencv-photo4.5d:amd64.
Preparing to unpack .../0800-libopencv-photo4.5d_4.5.4+dfsg-9ubuntu4_amd64.deb ...
Unpacking libopencv-photo4.5d:amd64 (4.5.4+dfsg-9ubuntu4) ...
Selecting previously unselected package libopencv-photo-dev:amd64.
Preparing to unpack .../0801-libopencv-photo-dev_4.5.4+dfsg-9ubuntu4_amd64.deb ...
Unpacking libopencv-photo-dev:amd64 (4.5.4+dfsg-9ubuntu4) ...
Selecting previously unselected package libopencv-shape4.5d:amd64.
Preparing to unpack .../0802-libopencv-shape4.5d_4.5.4+dfsg-9ubuntu4_amd64.deb ...
Unpacking libopencv-shape4.5d:amd64 (4.5.4+dfsg-9ubuntu4) ...
Selecting previously unselected package libopencv-video-dev:amd64.
Preparing to unpack .../0803-libopencv-video-dev_4.5.4+dfsg-9ubuntu4_amd64.deb ...
Unpacking libopencv-video-dev:amd64 (4.5.4+dfsg-9ubuntu4) ...
Selecting previously unselected package libopencv-shape-dev:amd64.
Preparing to unpack .../0804-libopencv-shape-dev_4.5.4+dfsg-9ubuntu4_amd64.deb ...
Unpacking libopencv-shape-dev:amd64 (4.5.4+dfsg-9ubuntu4) ...
Selecting previously unselected package libopencv-stitching4.5d:amd64.
Preparing to unpack .../0805-libopencv-stitching4.5d_4.5.4+dfsg-9ubuntu4_amd64.deb ...
Unpacking libopencv-stitching4.5d:amd64 (4.5.4+dfsg-9ubuntu4) ...
Selecting previously unselected package libopencv-stitching-dev:amd64.
Preparing to unpack .../0806-libopencv-stitching-dev_4.5.4+dfsg-9ubuntu4_amd64.deb ...
Unpacking libopencv-stitching-dev:amd64 (4.5.4+dfsg-9ubuntu4) ...
Selecting previously unselected package libopencv-superres4.5d:amd64.
Preparing to unpack .../0807-libopencv-superres4.5d_4.5.4+dfsg-9ubuntu4_amd64.deb ...
Unpacking libopencv-superres4.5d:amd64 (4.5.4+dfsg-9ubuntu4) ...
Selecting previously unselected package libopencv-superres-dev:amd64.
Preparing to unpack .../0808-libopencv-superres-dev_4.5.4+dfsg-9ubuntu4_amd64.deb ...
Unpacking libopencv-superres-dev:amd64 (4.5.4+dfsg-9ubuntu4) ...
Selecting previously unselected package libopencv-videostab4.5d:amd64.
Preparing to unpack .../0809-libopencv-videostab4.5d_4.5.4+dfsg-9ubuntu4_amd64.deb ...
Unpacking libopencv-videostab4.5d:amd64 (4.5.4+dfsg-9ubuntu4) ...
Selecting previously unselected package libopencv-videostab-dev:amd64.
Preparing to unpack .../0810-libopencv-videostab-dev_4.5.4+dfsg-9ubuntu4_amd64.deb ...
Unpacking libopencv-videostab-dev:amd64 (4.5.4+dfsg-9ubuntu4) ...
Selecting previously unselected package libtcl8.6:amd64.
Preparing to unpack .../0811-libtcl8.6_8.6.12+dfsg-1build1_amd64.deb ...
Unpacking libtcl8.6:amd64 (8.6.12+dfsg-1build1) ...
Selecting previously unselected package libxft2:amd64.
Preparing to unpack .../0812-libxft2_2.3.4-1_amd64.deb ...
Unpacking libxft2:amd64 (2.3.4-1) ...
Selecting previously unselected package libtk8.6:amd64.
Preparing to unpack .../0813-libtk8.6_8.6.12-1build1_amd64.deb ...
Unpacking libtk8.6:amd64 (8.6.12-1build1) ...
Selecting previously unselected package libvtk9.1:amd64.
Preparing to unpack .../0814-libvtk9.1_9.1.0+really9.1.0+dfsg2-3build1_amd64.deb ...
Unpacking libvtk9.1:amd64 (9.1.0+really9.1.0+dfsg2-3build1) ...
Selecting previously unselected package libopencv-viz4.5d:amd64.
Preparing to unpack .../0815-libopencv-viz4.5d_4.5.4+dfsg-9ubuntu4_amd64.deb ...
Unpacking libopencv-viz4.5d:amd64 (4.5.4+dfsg-9ubuntu4) ...
Selecting previously unselected package libopencv-viz-dev:amd64.
Preparing to unpack .../0816-libopencv-viz-dev_4.5.4+dfsg-9ubuntu4_amd64.deb ...
Unpacking libopencv-viz-dev:amd64 (4.5.4+dfsg-9ubuntu4) ...
Selecting previously unselected package libopencv-contrib-dev:amd64.
Preparing to unpack .../0817-libopencv-contrib-dev_4.5.4+dfsg-9ubuntu4_amd64.deb ...
Unpacking libopencv-contrib-dev:amd64 (4.5.4+dfsg-9ubuntu4) ...
Selecting previously unselected package libopencv-dev.
Preparing to unpack .../0818-libopencv-dev_4.5.4+dfsg-9ubuntu4_amd64.deb ...
Unpacking libopencv-dev (4.5.4+dfsg-9ubuntu4) ...
Selecting previously unselected package libopencv4.5d-jni.
Preparing to unpack .../0819-libopencv4.5d-jni_4.5.4+dfsg-9ubuntu4_amd64.deb ...
Unpacking libopencv4.5d-jni (4.5.4+dfsg-9ubuntu4) ...
Selecting previously unselected package libopencv4.5-java.
Preparing to unpack .../0820-libopencv4.5-java_4.5.4+dfsg-9ubuntu4_amd64.deb ...
Unpacking libopencv4.5-java (4.5.4+dfsg-9ubuntu4) ...
Selecting previously unselected package liborocos-kdl1.5:amd64.
Preparing to unpack .../0821-liborocos-kdl1.5_1.5.1-2build1_amd64.deb ...
Unpacking liborocos-kdl1.5:amd64 (1.5.1-2build1) ...
Selecting previously unselected package liborocos-kdl-dev:amd64.
Preparing to unpack .../0822-liborocos-kdl-dev_1.5.1-2build1_amd64.deb ...
Unpacking liborocos-kdl-dev:amd64 (1.5.1-2build1) ...
Selecting previously unselected package libpaper-utils.
Preparing to unpack .../0823-libpaper-utils_1.1.28build2_amd64.deb ...
Unpacking libpaper-utils (1.1.28build2) ...
Selecting previously unselected package libpng-tools.
Preparing to unpack .../0824-libpng-tools_1.6.37-3ubuntu0.6_amd64.deb ...
Unpacking libpng-tools (1.6.37-3ubuntu0.6) ...
Selecting previously unselected package libqt5opengl5-dev:amd64.
Preparing to unpack .../0825-libqt5opengl5-dev_5.15.3+dfsg-2ubuntu0.2_amd64.deb ...
Unpacking libqt5opengl5-dev:amd64 (5.15.3+dfsg-2ubuntu0.2) ...
Selecting previously unselected package libqt5sql5-sqlite:amd64.
Preparing to unpack .../0826-libqt5sql5-sqlite_5.15.3+dfsg-2ubuntu0.2_amd64.deb ...
Unpacking libqt5sql5-sqlite:amd64 (5.15.3+dfsg-2ubuntu0.2) ...
Selecting previously unselected package libraw1394-tools.
Preparing to unpack .../0827-libraw1394-tools_2.1.2-2build2_amd64.deb ...
Unpacking libraw1394-tools (2.1.2-2build2) ...
Selecting previously unselected package librsvg2-common:amd64.
Preparing to unpack .../0828-librsvg2-common_2.52.5+dfsg-3ubuntu0.2_amd64.deb ...
Unpacking librsvg2-common:amd64 (2.52.5+dfsg-3ubuntu0.2) ...
Selecting previously unselected package libtool.
Preparing to unpack .../0829-libtool_2.4.6-15build2_all.deb ...
Unpacking libtool (2.4.6-15build2) ...
Selecting previously unselected package libwacom-bin.
Preparing to unpack .../0830-libwacom-bin_2.2.0-1_amd64.deb ...
Unpacking libwacom-bin (2.2.0-1) ...
Selecting previously unselected package libxpm-dev:amd64.
Preparing to unpack .../0831-libxpm-dev_1%3a3.5.12-1ubuntu0.22.04.3_amd64.deb ...
Unpacking libxpm-dev:amd64 (1:3.5.12-1ubuntu0.22.04.3) ...
Selecting previously unselected package libxaw7-dev:amd64.
Preparing to unpack .../0832-libxaw7-dev_2%3a1.0.14-1_amd64.deb ...
Unpacking libxaw7-dev:amd64 (2:1.0.14-1) ...
Selecting previously unselected package libxrender-dev:amd64.
Preparing to unpack .../0833-libxrender-dev_1%3a0.9.10-1build4_amd64.deb ...
Unpacking libxrender-dev:amd64 (1:0.9.10-1build4) ...
Selecting previously unselected package libxrandr-dev:amd64.
Preparing to unpack .../0834-libxrandr-dev_2%3a1.5.2-1build1_amd64.deb ...
Unpacking libxrandr-dev:amd64 (2:1.5.2-1build1) ...
Selecting previously unselected package libxsimd-dev:amd64.
Preparing to unpack .../0835-libxsimd-dev_7.6.0-2_amd64.deb ...
Unpacking libxsimd-dev:amd64 (7.6.0-2) ...
Selecting previously unselected package xtl-dev.
Preparing to unpack .../0836-xtl-dev_0.7.2-2_all.deb ...
Unpacking xtl-dev (0.7.2-2) ...
Selecting previously unselected package nlohmann-json3-dev.
Preparing to unpack .../0837-nlohmann-json3-dev_3.10.5-2_all.deb ...
Unpacking nlohmann-json3-dev (3.10.5-2) ...
Selecting previously unselected package libxtensor-dev:amd64.
Preparing to unpack .../0838-libxtensor-dev_0.23.10-15_amd64.deb ...
Unpacking libxtensor-dev:amd64 (0.23.10-15) ...
Selecting previously unselected package libyaml-cpp0.7:amd64.
Preparing to unpack .../0839-libyaml-cpp0.7_0.7.0+dfsg-8build1_amd64.deb ...
Unpacking libyaml-cpp0.7:amd64 (0.7.0+dfsg-8build1) ...
Selecting previously unselected package libyaml-cpp-dev.
Preparing to unpack .../0840-libyaml-cpp-dev_0.7.0+dfsg-8build1_amd64.deb ...
Unpacking libyaml-cpp-dev (0.7.0+dfsg-8build1) ...
Selecting previously unselected package mesa-va-drivers:amd64.
Preparing to unpack .../0841-mesa-va-drivers_23.2.1-1ubuntu3.1~22.04.4_amd64.deb ...
Unpacking mesa-va-drivers:amd64 (23.2.1-1ubuntu3.1~22.04.4) ...
Selecting previously unselected package mesa-vdpau-drivers:amd64.
Preparing to unpack .../0842-mesa-vdpau-drivers_23.2.1-1ubuntu3.1~22.04.4_amd64.deb ...
Unpacking mesa-vdpau-drivers:amd64 (23.2.1-1ubuntu3.1~22.04.4) ...
Selecting previously unselected package mesa-vulkan-drivers:amd64.
Preparing to unpack .../0843-mesa-vulkan-drivers_23.2.1-1ubuntu3.1~22.04.4_amd64.deb ...
Unpacking mesa-vulkan-drivers:amd64 (23.2.1-1ubuntu3.1~22.04.4) ...
Selecting previously unselected package notification-daemon.
Preparing to unpack .../0844-notification-daemon_3.20.0-4build1_amd64.deb ...
Unpacking notification-daemon (3.20.0-4build1) ...
Selecting previously unselected package opencv-data.
Preparing to unpack .../0845-opencv-data_4.5.4+dfsg-9ubuntu4_all.deb ...
Unpacking opencv-data (4.5.4+dfsg-9ubuntu4) ...
Selecting previously unselected package patch.
Preparing to unpack .../0846-patch_2.7.6-7build2_amd64.deb ...
Unpacking patch (2.7.6-7build2) ...
Selecting previously unselected package pybind11-dev.
Preparing to unpack .../0847-pybind11-dev_2.9.1-2_all.deb ...
Unpacking pybind11-dev (2.9.1-2) ...
Selecting previously unselected package python-babel-localedata.
Preparing to unpack .../0848-python-babel-localedata_2.8.0+dfsg.1-7_all.deb ...
Unpacking python-babel-localedata (2.8.0+dfsg.1-7) ...
Selecting previously unselected package python3-tz.
Preparing to unpack .../0849-python3-tz_2022.1-1ubuntu0.22.04.1_all.deb ...
Unpacking python3-tz (2022.1-1ubuntu0.22.04.1) ...
Selecting previously unselected package python3-babel.
Preparing to unpack .../0850-python3-babel_2.8.0+dfsg.1-7_all.deb ...
Unpacking python3-babel (2.8.0+dfsg.1-7) ...
Selecting previously unselected package python3-distlib.
Preparing to unpack .../0851-python3-distlib_0.3.4-1_all.deb ...
Unpacking python3-distlib (0.3.4-1) ...
Selecting previously unselected package python3-colcon-core.
Preparing to unpack .../0852-python3-colcon-core_0.21.3+upstream-1_all.deb ...
Unpacking python3-colcon-core (0.21.3+upstream-1) ...
Selecting previously unselected package python3-colcon-argcomplete.
Preparing to unpack .../0853-python3-colcon-argcomplete_0.3.3+upstream-1_all.deb ...
Unpacking python3-colcon-argcomplete (0.3.3+upstream-1) ...
Selecting previously unselected package python3-colcon-bash.
Preparing to unpack .../0854-python3-colcon-bash_0.5.0-100_all.deb ...
Unpacking python3-colcon-bash (0.5.0-100) ...
Selecting previously unselected package python3-colcon-package-information.
Preparing to unpack .../0855-python3-colcon-package-information_0.4.1+upstream-1_all.deb ...
Unpacking python3-colcon-package-information (0.4.1+upstream-1) ...
Selecting previously unselected package python3-colcon-cd.
Preparing to unpack .../0856-python3-colcon-cd_0.2.1-100_all.deb ...
Unpacking python3-colcon-cd (0.2.1-100) ...
Selecting previously unselected package python3-colcon-library-path.
Preparing to unpack .../0857-python3-colcon-library-path_0.2.1-100_all.deb ...
Unpacking python3-colcon-library-path (0.2.1-100) ...
Selecting previously unselected package python3-colcon-test-result.
Preparing to unpack .../0858-python3-colcon-test-result_0.3.8-100_all.deb ...
Unpacking python3-colcon-test-result (0.3.8-100) ...
Selecting previously unselected package python3-colcon-cmake.
Preparing to unpack .../0859-python3-colcon-cmake_0.2.30+upstream-1_all.deb ...
Unpacking python3-colcon-cmake (0.2.30+upstream-1) ...
Selecting previously unselected package python3-colcon-defaults.
Preparing to unpack .../0860-python3-colcon-defaults_0.2.9+upstream-1_all.deb ...
Unpacking python3-colcon-defaults (0.2.9+upstream-1) ...
Selecting previously unselected package python3-colcon-devtools.
Preparing to unpack .../0861-python3-colcon-devtools_0.3.0-100_all.deb ...
Unpacking python3-colcon-devtools (0.3.0-100) ...
Selecting previously unselected package python3-colcon-metadata.
Preparing to unpack .../0862-python3-colcon-metadata_0.3.1+upstream-1_all.deb ...
Unpacking python3-colcon-metadata (0.3.1+upstream-1) ...
Selecting previously unselected package python3-notify2.
Preparing to unpack .../0863-python3-notify2_0.3-4_all.deb ...
Unpacking python3-notify2 (0.3-4) ...
Selecting previously unselected package python3-colcon-notification.
Preparing to unpack .../0864-python3-colcon-notification_0.3.3+upstream-1_all.deb ...
Unpacking python3-colcon-notification (0.3.3+upstream-1) ...
Selecting previously unselected package python3-colcon-output.
Preparing to unpack .../0865-python3-colcon-output_0.2.15+upstream-1_all.deb ...
Unpacking python3-colcon-output (0.2.15+upstream-1) ...
Selecting previously unselected package python3-colcon-package-selection.
Preparing to unpack .../0866-python3-colcon-package-selection_0.2.10-100_all.deb ...
Unpacking python3-colcon-package-selection (0.2.10-100) ...
Selecting previously unselected package python3-colcon-parallel-executor.
Preparing to unpack .../0867-python3-colcon-parallel-executor_0.3.0-100_all.deb ...
Unpacking python3-colcon-parallel-executor (0.3.0-100) ...
Selecting previously unselected package python3-colcon-powershell.
Preparing to unpack .../0868-python3-colcon-powershell_0.5.0+upstream-1_all.deb ...
Unpacking python3-colcon-powershell (0.5.0+upstream-1) ...
Selecting previously unselected package python3-colcon-python-setup-py.
Preparing to unpack .../0869-python3-colcon-python-setup-py_0.2.9-100_all.deb ...
Unpacking python3-colcon-python-setup-py (0.2.9-100) ...
Selecting previously unselected package python3-colcon-recursive-crawl.
Preparing to unpack .../0870-python3-colcon-recursive-crawl_0.2.3-100_all.deb ...
Unpacking python3-colcon-recursive-crawl (0.2.3-100) ...
Selecting previously unselected package python3-colcon-pkg-config.
Preparing to unpack .../0871-python3-colcon-pkg-config_0.1.0-100_all.deb ...
Unpacking python3-colcon-pkg-config (0.1.0-100) ...
Selecting previously unselected package python3-colcon-ros.
Preparing to unpack .../0872-python3-colcon-ros_0.5.0+upstream-1_all.deb ...
Unpacking python3-colcon-ros (0.5.0+upstream-1) ...
Selecting previously unselected package python3-colcon-zsh.
Preparing to unpack .../0873-python3-colcon-zsh_0.5.0-100_all.deb ...
Unpacking python3-colcon-zsh (0.5.0-100) ...
Selecting previously unselected package python3-colcon-common-extensions.
Preparing to unpack .../0874-python3-colcon-common-extensions_0.3.0-100_all.deb ...
Unpacking python3-colcon-common-extensions (0.3.0-100) ...
Selecting previously unselected package python3-colcon-installed-package-information.
Preparing to unpack .../0875-python3-colcon-installed-package-information_0.2.1-100_all.deb ...
Unpacking python3-colcon-installed-package-information (0.2.1-100) ...
Selecting previously unselected package python3-colcon-override-check.
Preparing to unpack .../0876-python3-colcon-override-check_0.0.1-100_all.deb ...
Unpacking python3-colcon-override-check (0.0.1-100) ...
Selecting previously unselected package python3-coverage.
Preparing to unpack .../0877-python3-coverage_6.2+dfsg1-2build1_amd64.deb ...
Unpacking python3-coverage (6.2+dfsg1-2build1) ...
Selecting previously unselected package python3-nose2.
Preparing to unpack .../0878-python3-nose2_0.9.2-1_all.deb ...
Unpacking python3-nose2 (0.9.2-1) ...
Selecting previously unselected package python3-cov-core.
Preparing to unpack .../0879-python3-cov-core_1.15.0-3build1_all.deb ...
Unpacking python3-cov-core (1.15.0-3build1) ...
Selecting previously unselected package python3-graphviz.
Preparing to unpack .../0880-python3-graphviz_0.14.2-1_all.deb ...
Unpacking python3-graphviz (0.14.2-1) ...
Selecting previously unselected package python3-markupsafe.
Preparing to unpack .../0881-python3-markupsafe_2.0.1-2build1_amd64.deb ...
Unpacking python3-markupsafe (2.0.1-2build1) ...
Selecting previously unselected package python3-jinja2.
Preparing to unpack .../0882-python3-jinja2_3.0.3-1ubuntu0.4_all.deb ...
Unpacking python3-jinja2 (3.0.3-1ubuntu0.4) ...
Selecting previously unselected package python3-opencv:amd64.
Preparing to unpack .../0883-python3-opencv_4.5.4+dfsg-9ubuntu4_amd64.deb ...
Unpacking python3-opencv:amd64 (4.5.4+dfsg-9ubuntu4) ...
Selecting previously unselected package python3-sip.
Preparing to unpack .../0884-python3-sip_4.19.25+dfsg-3build1_amd64.deb ...
Unpacking python3-sip (4.19.25+dfsg-3build1) ...
Selecting previously unselected package python3-pykdl:amd64.
Preparing to unpack .../0885-python3-pykdl_1.5.1-2build1_amd64.deb ...
Unpacking python3-pykdl:amd64 (1.5.1-2build1) ...
Selecting previously unselected package libjs-jquery-isonscreen.
Preparing to unpack .../0886-libjs-jquery-isonscreen_1.2.0-1.1_all.deb ...
Unpacking libjs-jquery-isonscreen (1.2.0-1.1) ...
Selecting previously unselected package python3-pytest-cov.
Preparing to unpack .../0887-python3-pytest-cov_3.0.0-1_all.deb ...
Unpacking python3-pytest-cov (3.0.0-1) ...
Selecting previously unselected package python3-rosdep-modules.
Preparing to unpack .../0888-python3-rosdep-modules_0.27.0-1_all.deb ...
Unpacking python3-rosdep-modules (0.27.0-1) ...
Selecting previously unselected package python3-rosdep.
Preparing to unpack .../0889-python3-rosdep_0.27.0-1_all.deb ...
Unpacking python3-rosdep (0.27.0-1) ...
Selecting previously unselected package python3-typeguard.
Preparing to unpack .../0890-python3-typeguard_2.2.2-1.1_all.deb ...
Unpacking python3-typeguard (2.2.2-1.1) ...
Selecting previously unselected package python3-vcstool.
Preparing to unpack .../0891-python3-vcstool_0.3.0-1_all.deb ...
Unpacking python3-vcstool (0.3.0-1) ...
Selecting previously unselected package qt5-gtk-platformtheme:amd64.
Preparing to unpack .../0892-qt5-gtk-platformtheme_5.15.3+dfsg-2ubuntu0.2_amd64.deb ...
Unpacking qt5-gtk-platformtheme:amd64 (5.15.3+dfsg-2ubuntu0.2) ...
Selecting previously unselected package qttranslations5-l10n.
Preparing to unpack .../0893-qttranslations5-l10n_5.15.3-1_all.deb ...
Unpacking qttranslations5-l10n (5.15.3-1) ...
Selecting previously unselected package ros-humble-ackermann-msgs.
Preparing to unpack .../0894-ros-humble-ackermann-msgs_2.0.2-3jammy.20260907.210926_amd64.deb ...
Unpacking ros-humble-ackermann-msgs (2.0.2-3jammy.20260907.210926) ...
Selecting previously unselected package ros-humble-backward-ros.
Preparing to unpack .../0895-ros-humble-backward-ros_1.0.8-2jammy.20260226.010809_amd64.deb ...
Unpacking ros-humble-backward-ros (1.0.8-2jammy.20260226.010809) ...
Selecting previously unselected package ros-humble-control-msgs.
Preparing to unpack .../0896-ros-humble-control-msgs_4.9.0-1jammy.20260907.212955_amd64.deb ...
Unpacking ros-humble-control-msgs (4.9.0-1jammy.20260907.212955) ...
Selecting previously unselected package ros-humble-hardware-interface.
Preparing to unpack .../0897-ros-humble-hardware-interface_2.54.2-1jammy.20260908.110122_amd64.deb ...
Unpacking ros-humble-hardware-interface (2.54.2-1jammy.20260908.110122) ...
Selecting previously unselected package ros-humble-controller-interface.
Preparing to unpack .../0898-ros-humble-controller-interface_2.54.2-1jammy.20260908.114559_amd64.deb ...
Unpacking ros-humble-controller-interface (2.54.2-1jammy.20260908.114559) ...
Selecting previously unselected package ros-humble-generate-parameter-library-py.
Preparing to unpack .../0899-ros-humble-generate-parameter-library-py_0.7.6-1jammy.20260810.134224_amd64.deb ...
Unpacking ros-humble-generate-parameter-library-py (0.7.6-1jammy.20260810.134224) ...
Selecting previously unselected package ros-humble-tcb-span.
Preparing to unpack .../0900-ros-humble-tcb-span_1.3.2-1jammy.20260611.075323_amd64.deb ...
Unpacking ros-humble-tcb-span (1.3.2-1jammy.20260611.075323) ...
Selecting previously unselected package ros-humble-rsl.
Preparing to unpack .../0901-ros-humble-rsl_1.3.0-1jammy.20260907.222817_amd64.deb ...
Unpacking ros-humble-rsl (1.3.0-1jammy.20260907.222817) ...
Selecting previously unselected package ros-humble-tl-expected.
Preparing to unpack .../0902-ros-humble-tl-expected_1.3.2-1jammy.20260611.075453_amd64.deb ...
Unpacking ros-humble-tl-expected (1.3.2-1jammy.20260611.075453) ...
Selecting previously unselected package ros-humble-parameter-traits.
Preparing to unpack .../0903-ros-humble-parameter-traits_0.7.6-1jammy.20260908.004149_amd64.deb ...
Unpacking ros-humble-parameter-traits (0.7.6-1jammy.20260908.004149) ...
Selecting previously unselected package ros-humble-generate-parameter-library.
Preparing to unpack .../0904-ros-humble-generate-parameter-library_0.7.6-1jammy.20260908.010843_amd64.deb ...
Unpacking ros-humble-generate-parameter-library (0.7.6-1jammy.20260908.010843) ...
Selecting previously unselected package ros-humble-realtime-tools.
Preparing to unpack .../0905-ros-humble-realtime-tools_2.15.1-1jammy.20260907.224545_amd64.deb ...
Unpacking ros-humble-realtime-tools (2.15.1-1jammy.20260907.224545) ...
Selecting previously unselected package ros-humble-tf2.
Preparing to unpack .../0906-ros-humble-tf2_0.25.23-1jammy.20260907.213559_amd64.deb ...
Unpacking ros-humble-tf2 (0.25.23-1jammy.20260907.213559) ...
Selecting previously unselected package ros-humble-eigen3-cmake-module.
Preparing to unpack .../0907-ros-humble-eigen3-cmake-module_0.1.1-4jammy.20260304.195907_amd64.deb ...
Unpacking ros-humble-eigen3-cmake-module (0.1.1-4jammy.20260304.195907) ...
Selecting previously unselected package ros-humble-orocos-kdl-vendor.
Preparing to unpack .../0908-ros-humble-orocos-kdl-vendor_0.2.5-1jammy.20260304.201339_amd64.deb ...
Unpacking ros-humble-orocos-kdl-vendor (0.2.5-1jammy.20260304.201339) ...
Selecting previously unselected package ros-humble-message-filters.
Preparing to unpack .../0909-ros-humble-message-filters_4.3.20-1jammy.20260907.223809_amd64.deb ...
Unpacking ros-humble-message-filters (4.3.20-1jammy.20260907.223809) ...
Selecting previously unselected package ros-humble-tf2-msgs.
Preparing to unpack .../0910-ros-humble-tf2-msgs_0.25.23-1jammy.20260907.215317_amd64.deb ...
Unpacking ros-humble-tf2-msgs (0.25.23-1jammy.20260907.215317) ...
Selecting previously unselected package ros-humble-tf2-ros.
Preparing to unpack .../0911-ros-humble-tf2-ros_0.25.23-1jammy.20260907.224752_amd64.deb ...
Unpacking ros-humble-tf2-ros (0.25.23-1jammy.20260907.224752) ...
Selecting previously unselected package ros-humble-tf2-py.
Preparing to unpack .../0912-ros-humble-tf2-py_0.25.23-1jammy.20260907.214657_amd64.deb ...
Unpacking ros-humble-tf2-py (0.25.23-1jammy.20260907.214657) ...
Selecting previously unselected package ros-humble-tf2-ros-py.
Preparing to unpack .../0913-ros-humble-tf2-ros-py_0.25.23-1jammy.20260907.215705_amd64.deb ...
Unpacking ros-humble-tf2-ros-py (0.25.23-1jammy.20260907.215705) ...
Selecting previously unselected package ros-humble-tf2-geometry-msgs.
Preparing to unpack .../0914-ros-humble-tf2-geometry-msgs_0.25.23-1jammy.20260907.225741_amd64.deb ...
Unpacking ros-humble-tf2-geometry-msgs (0.25.23-1jammy.20260907.225741) ...
Selecting previously unselected package ros-humble-steering-controllers-library.
Preparing to unpack .../0915-ros-humble-steering-controllers-library_2.54.0-1jammy.20260908.124125_amd64.deb ...
Unpacking ros-humble-steering-controllers-library (2.54.0-1jammy.20260908.124125) ...
Selecting previously unselected package ros-humble-ackermann-steering-controller.
Preparing to unpack .../0916-ros-humble-ackermann-steering-controller_2.54.0-1jammy.20260908.124735_amd64.deb ...
Unpacking ros-humble-ackermann-steering-controller (2.54.0-1jammy.20260908.124735) ...
Selecting previously unselected package ros-humble-angles.
Preparing to unpack .../0917-ros-humble-angles_1.15.0-1jammy.20260304.075013_amd64.deb ...
Unpacking ros-humble-angles (1.15.0-1jammy.20260304.075013) ...
Selecting previously unselected package ros-humble-filters.
Preparing to unpack .../0918-ros-humble-filters_2.2.2-1jammy.20260907.223102_amd64.deb ...
Unpacking ros-humble-filters (2.2.2-1jammy.20260907.223102) ...
Selecting previously unselected package ros-humble-control-toolbox.
Preparing to unpack .../0919-ros-humble-control-toolbox_3.7.1-1jammy.20260908.011335_amd64.deb ...
Unpacking ros-humble-control-toolbox (3.7.1-1jammy.20260908.011335) ...
Selecting previously unselected package ros-humble-kinematics-interface.
Preparing to unpack .../0920-ros-humble-kinematics-interface_0.4.2-1jammy.20260908.011512_amd64.deb ...
Unpacking ros-humble-kinematics-interface (0.4.2-1jammy.20260908.011512) ...
Selecting previously unselected package ros-humble-tf2-eigen.
Preparing to unpack .../0921-ros-humble-tf2-eigen_0.25.23-1jammy.20260908.011649_amd64.deb ...
Unpacking ros-humble-tf2-eigen (0.25.23-1jammy.20260908.011649) ...
Selecting previously unselected package ros-humble-pybind11-vendor.
Preparing to unpack .../0922-ros-humble-pybind11-vendor_2.4.2-1jammy.20260304.195023_amd64.deb ...
Unpacking ros-humble-pybind11-vendor (2.4.2-1jammy.20260304.195023) ...
Selecting previously unselected package ros-humble-python-orocos-kdl-vendor.
Preparing to unpack .../0923-ros-humble-python-orocos-kdl-vendor_0.2.5-1jammy.20260304.202632_amd64.deb ...
Unpacking ros-humble-python-orocos-kdl-vendor (0.2.5-1jammy.20260304.202632) ...
Selecting previously unselected package ros-humble-tf2-kdl.
Preparing to unpack .../0924-ros-humble-tf2-kdl_0.25.23-1jammy.20260907.225815_amd64.deb ...
Unpacking ros-humble-tf2-kdl (0.25.23-1jammy.20260907.225815) ...
Selecting previously unselected package ros-humble-admittance-controller.
Preparing to unpack .../0925-ros-humble-admittance-controller_2.54.0-1jammy.20260908.123141_amd64.deb ...
Unpacking ros-humble-admittance-controller (2.54.0-1jammy.20260908.123141) ...
Selecting previously unselected package ros-humble-behaviortree-cpp-v3.
Preparing to unpack .../0926-ros-humble-behaviortree-cpp-v3_3.8.7-1jammy.20260908.003336_amd64.deb ...
Unpacking ros-humble-behaviortree-cpp-v3 (3.8.7-1jammy.20260908.003336) ...
Selecting previously unselected package ros-humble-bicycle-steering-controller.
Preparing to unpack .../0927-ros-humble-bicycle-steering-controller_2.54.0-1jammy.20260908.124832_amd64.deb ...
Unpacking ros-humble-bicycle-steering-controller (2.54.0-1jammy.20260908.124832) ...
Selecting previously unselected package ros-humble-bond.
Preparing to unpack .../0928-ros-humble-bond_4.1.4-1jammy.20260907.213713_amd64.deb ...
Unpacking ros-humble-bond (4.1.4-1jammy.20260907.213713) ...
Selecting previously unselected package ros-humble-smclib.
Preparing to unpack .../0929-ros-humble-smclib_4.1.4-1jammy.20260317.155122_amd64.deb ...
Unpacking ros-humble-smclib (4.1.4-1jammy.20260317.155122) ...
Selecting previously unselected package ros-humble-bondcpp.
Preparing to unpack .../0930-ros-humble-bondcpp_4.1.4-1jammy.20260907.235408_amd64.deb ...
Unpacking ros-humble-bondcpp (4.1.4-1jammy.20260907.235408) ...
Selecting previously unselected package ros-humble-yaml-cpp-vendor.
Preparing to unpack .../0931-ros-humble-yaml-cpp-vendor_8.0.2-1jammy.20260304.195332_amd64.deb ...
Unpacking ros-humble-yaml-cpp-vendor (8.0.2-1jammy.20260304.195332) ...
Selecting previously unselected package ros-humble-camera-calibration-parsers.
Preparing to unpack .../0932-ros-humble-camera-calibration-parsers_3.1.13-1jammy.20260907.222729_amd64.deb ...
Unpacking ros-humble-camera-calibration-parsers (3.1.13-1jammy.20260907.222729) ...
Selecting previously unselected package ros-humble-camera-info-manager.
Preparing to unpack .../0933-ros-humble-camera-info-manager_3.1.13-1jammy.20260907.223124_amd64.deb ...
Unpacking ros-humble-camera-info-manager (3.1.13-1jammy.20260907.223124) ...
Selecting previously unselected package ros-humble-controller-manager-msgs.
Preparing to unpack .../0934-ros-humble-controller-manager-msgs_2.54.2-1jammy.20260908.105711_amd64.deb ...
Unpacking ros-humble-controller-manager-msgs (2.54.2-1jammy.20260908.105711) ...
Selecting previously unselected package ros-humble-controller-manager.
Preparing to unpack .../0935-ros-humble-controller-manager_2.54.2-1jammy.20260908.115549_amd64.deb ...
Unpacking ros-humble-controller-manager (2.54.2-1jammy.20260908.115549) ...
Selecting previously unselected package ros-humble-sensor-msgs-py.
Preparing to unpack .../0936-ros-humble-sensor-msgs-py_4.9.2-1jammy.20260907.220122_amd64.deb ...
Unpacking ros-humble-sensor-msgs-py (4.9.2-1jammy.20260907.220122) ...
Selecting previously unselected package ros-humble-laser-geometry.
Preparing to unpack .../0937-ros-humble-laser-geometry_2.4.1-1jammy.20260908.001823_amd64.deb ...
Unpacking ros-humble-laser-geometry (2.4.1-1jammy.20260908.001823) ...
Selecting previously unselected package ros-humble-map-msgs.
Preparing to unpack .../0938-ros-humble-map-msgs_2.1.0-3jammy.20260907.213051_amd64.deb ...
Unpacking ros-humble-map-msgs (2.1.0-3jammy.20260907.213051) ...
Selecting previously unselected package ros-humble-nav2-msgs.
Preparing to unpack .../0939-ros-humble-nav2-msgs_1.1.20-1jammy.20260907.223327_amd64.deb ...
Unpacking ros-humble-nav2-msgs (1.1.20-1jammy.20260907.223327) ...
Selecting previously unselected package ros-humble-nav2-common.
Preparing to unpack .../0940-ros-humble-nav2-common_1.1.20-1jammy.20260907.215155_amd64.deb ...
Unpacking ros-humble-nav2-common (1.1.20-1jammy.20260907.215155) ...
Selecting previously unselected package ros-humble-nav2-util.
Preparing to unpack .../0941-ros-humble-nav2-util_1.1.20-1jammy.20260907.235813_amd64.deb ...
Unpacking ros-humble-nav2-util (1.1.20-1jammy.20260907.235813) ...
Selecting previously unselected package ros-humble-nav2-voxel-grid.
Preparing to unpack .../0942-ros-humble-nav2-voxel-grid_1.1.20-1jammy.20260908.002526_amd64.deb ...
Unpacking ros-humble-nav2-voxel-grid (1.1.20-1jammy.20260908.002526) ...
Selecting previously unselected package ros-humble-tf2-sensor-msgs.
Preparing to unpack .../0943-ros-humble-tf2-sensor-msgs_0.25.23-1jammy.20260907.225802_amd64.deb ...
Unpacking ros-humble-tf2-sensor-msgs (0.25.23-1jammy.20260907.225802) ...
Selecting previously unselected package ros-humble-nav2-costmap-2d.
Preparing to unpack .../0944-ros-humble-nav2-costmap-2d_1.1.20-1jammy.20260908.002855_amd64.deb ...
Unpacking ros-humble-nav2-costmap-2d (1.1.20-1jammy.20260908.002855) ...
Selecting previously unselected package ros-humble-costmap-queue.
Preparing to unpack .../0945-ros-humble-costmap-queue_1.1.20-1jammy.20260908.011000_amd64.deb ...
Unpacking ros-humble-costmap-queue (1.1.20-1jammy.20260908.011000) ...
Selecting previously unselected package ros-humble-cv-bridge.
Preparing to unpack .../0946-ros-humble-cv-bridge_3.2.1-1jammy.20260907.220118_amd64.deb ...
Unpacking ros-humble-cv-bridge (3.2.1-1jammy.20260907.220118) ...
Selecting previously unselected package ros-humble-iceoryx-binding-c.
Preparing to unpack .../0947-ros-humble-iceoryx-binding-c_2.0.5-1jammy.20260226.012512_amd64.deb ...
Unpacking ros-humble-iceoryx-binding-c (2.0.5-1jammy.20260226.012512) ...
Selecting previously unselected package libattr1-dev:amd64.
Preparing to unpack .../0948-libattr1-dev_1%3a2.5.1-1ubuntu0.1_amd64.deb ...
Unpacking libattr1-dev:amd64 (1:2.5.1-1ubuntu0.1) ...
Selecting previously unselected package libacl1-dev:amd64.
Preparing to unpack .../0949-libacl1-dev_2.3.1-1_amd64.deb ...
Unpacking libacl1-dev:amd64 (2.3.1-1) ...
Selecting previously unselected package ros-humble-iceoryx-hoofs.
Preparing to unpack .../0950-ros-humble-iceoryx-hoofs_2.0.5-1jammy.20260226.011054_amd64.deb ...
Unpacking ros-humble-iceoryx-hoofs (2.0.5-1jammy.20260226.011054) ...
Selecting previously unselected package ros-humble-iceoryx-posh.
Preparing to unpack .../0951-ros-humble-iceoryx-posh_2.0.5-1jammy.20260226.011738_amd64.deb ...
Unpacking ros-humble-iceoryx-posh (2.0.5-1jammy.20260226.011738) ...
Selecting previously unselected package ros-humble-cyclonedds.
Preparing to unpack .../0952-ros-humble-cyclonedds_0.10.5-2jammy.20260226.013234_amd64.deb ...
Unpacking ros-humble-cyclonedds (0.10.5-2jammy.20260226.013234) ...
Selecting previously unselected package ros-humble-diagnostic-updater.
Preparing to unpack .../0953-ros-humble-diagnostic-updater_4.0.7-1jammy.20260907.223805_amd64.deb ...
Unpacking ros-humble-diagnostic-updater (4.0.7-1jammy.20260907.223805) ...
Selecting previously unselected package ros-humble-diff-drive-controller.
Preparing to unpack .../0954-ros-humble-diff-drive-controller_2.54.0-1jammy.20260908.123225_amd64.deb ...
Unpacking ros-humble-diff-drive-controller (2.54.0-1jammy.20260908.123225) ...
Selecting previously unselected package ros-humble-nav-2d-msgs.
Preparing to unpack .../0955-ros-humble-nav-2d-msgs_1.1.20-1jammy.20260907.212326_amd64.deb ...
Unpacking ros-humble-nav-2d-msgs (1.1.20-1jammy.20260907.212326) ...
Selecting previously unselected package ros-humble-dwb-msgs.
Preparing to unpack .../0956-ros-humble-dwb-msgs_1.1.20-1jammy.20260907.212657_amd64.deb ...
Unpacking ros-humble-dwb-msgs (1.1.20-1jammy.20260907.212657) ...
Selecting previously unselected package ros-humble-nav-2d-utils.
Preparing to unpack .../0957-ros-humble-nav-2d-utils_1.1.20-1jammy.20260908.000907_amd64.deb ...
Unpacking ros-humble-nav-2d-utils (1.1.20-1jammy.20260908.000907) ...
Selecting previously unselected package ros-humble-nav2-core.
Preparing to unpack .../0958-ros-humble-nav2-core_1.1.20-1jammy.20260908.004903_amd64.deb ...
Unpacking ros-humble-nav2-core (1.1.20-1jammy.20260908.004903) ...
Selecting previously unselected package ros-humble-dwb-core.
Preparing to unpack .../0959-ros-humble-dwb-core_1.1.20-1jammy.20260908.005222_amd64.deb ...
Unpacking ros-humble-dwb-core (1.1.20-1jammy.20260908.005222) ...
Selecting previously unselected package ros-humble-dwb-critics.
Preparing to unpack .../0960-ros-humble-dwb-critics_1.1.20-1jammy.20260908.011533_amd64.deb ...
Unpacking ros-humble-dwb-critics (1.1.20-1jammy.20260908.011533) ...
Selecting previously unselected package ros-humble-dwb-plugins.
Preparing to unpack .../0961-ros-humble-dwb-plugins_1.1.20-1jammy.20260908.005659_amd64.deb ...
Unpacking ros-humble-dwb-plugins (1.1.20-1jammy.20260908.005659) ...
Selecting previously unselected package ros-humble-forward-command-controller.
Preparing to unpack .../0962-ros-humble-forward-command-controller_2.54.0-1jammy.20260908.123229_amd64.deb ...
Unpacking ros-humble-forward-command-controller (2.54.0-1jammy.20260908.123229) ...
Selecting previously unselected package ros-humble-effort-controllers.
Preparing to unpack .../0963-ros-humble-effort-controllers_2.54.0-1jammy.20260908.123937_amd64.deb ...
Unpacking ros-humble-effort-controllers (2.54.0-1jammy.20260908.123937) ...
Selecting previously unselected package ros-humble-force-torque-sensor-broadcaster.
Preparing to unpack .../0964-ros-humble-force-torque-sensor-broadcaster_2.54.0-1jammy.20260908.123436_amd64.deb ...
Unpacking ros-humble-force-torque-sensor-broadcaster (2.54.0-1jammy.20260908.123436) ...
Selecting previously unselected package ros-humble-gazebo-dev.
Preparing to unpack .../0965-ros-humble-gazebo-dev_3.9.0-1jammy.20260304.090426_amd64.deb ...
Unpacking ros-humble-gazebo-dev (3.9.0-1jammy.20260304.090426) ...
Selecting previously unselected package ros-humble-gazebo-msgs.
Preparing to unpack .../0966-ros-humble-gazebo-msgs_3.9.0-1jammy.20260907.213014_amd64.deb ...
Unpacking ros-humble-gazebo-msgs (3.9.0-1jammy.20260907.213014) ...
Selecting previously unselected package ros-humble-tinyxml-vendor.
Preparing to unpack .../0967-ros-humble-tinyxml-vendor_0.8.3-2jammy.20260304.195406_amd64.deb ...
Unpacking ros-humble-tinyxml-vendor (0.8.3-2jammy.20260304.195406) ...
Selecting previously unselected package ros-humble-gazebo-ros.
Preparing to unpack .../0968-ros-humble-gazebo-ros_3.9.0-1jammy.20260907.222900_amd64.deb ...
Unpacking ros-humble-gazebo-ros (3.9.0-1jammy.20260907.222900) ...
Selecting previously unselected package ros-humble-image-transport.
Preparing to unpack .../0969-ros-humble-image-transport_3.1.13-1jammy.20260907.224758_amd64.deb ...
Unpacking ros-humble-image-transport (3.1.13-1jammy.20260907.224758) ...
Selecting previously unselected package ros-humble-gazebo-plugins.
Preparing to unpack .../0970-ros-humble-gazebo-plugins_3.9.0-1jammy.20260907.231520_amd64.deb ...
Unpacking ros-humble-gazebo-plugins (3.9.0-1jammy.20260907.231520) ...
Selecting previously unselected package ros-humble-gazebo-ros-pkgs.
Preparing to unpack .../0971-ros-humble-gazebo-ros-pkgs_3.9.0-1jammy.20260908.002217_amd64.deb ...
Unpacking ros-humble-gazebo-ros-pkgs (3.9.0-1jammy.20260908.002217) ...
Selecting previously unselected package ros-humble-gazebo-ros2-control.
Preparing to unpack .../0972-ros-humble-gazebo-ros2-control_0.4.10-1jammy.20260908.125422_amd64.deb ...
Unpacking ros-humble-gazebo-ros2-control (0.4.10-1jammy.20260908.125422) ...
Selecting previously unselected package ros-humble-gpio-controllers.
Preparing to unpack .../0973-ros-humble-gpio-controllers_2.54.0-1jammy.20260908.124227_amd64.deb ...
Unpacking ros-humble-gpio-controllers (2.54.0-1jammy.20260908.124227) ...
Selecting previously unselected package ros-humble-gripper-controllers.
Preparing to unpack .../0974-ros-humble-gripper-controllers_2.54.0-1jammy.20260908.123950_amd64.deb ...
Unpacking ros-humble-gripper-controllers (2.54.0-1jammy.20260908.123950) ...
Selecting previously unselected package ros-humble-ignition-cmake2-vendor.
Preparing to unpack .../0975-ros-humble-ignition-cmake2-vendor_0.0.2-2jammy.20260304.200630_amd64.deb ...
Unpacking ros-humble-ignition-cmake2-vendor (0.0.2-2jammy.20260304.200630) ...
Selecting previously unselected package ros-humble-ignition-math6-vendor.
Preparing to unpack .../0976-ros-humble-ignition-math6-vendor_0.0.2-2jammy.20260304.200852_amd64.deb ...
Unpacking ros-humble-ignition-math6-vendor (0.0.2-2jammy.20260304.200852) ...
Selecting previously unselected package ros-humble-imu-sensor-broadcaster.
Preparing to unpack .../0977-ros-humble-imu-sensor-broadcaster_2.54.0-1jammy.20260908.123955_amd64.deb ...
Unpacking ros-humble-imu-sensor-broadcaster (2.54.0-1jammy.20260908.123955) ...
Selecting previously unselected package ros-humble-interactive-markers.
Preparing to unpack .../0978-ros-humble-interactive-markers_2.3.2-2jammy.20260907.230230_amd64.deb ...
Unpacking ros-humble-interactive-markers (2.3.2-2jammy.20260907.230230) ...
Selecting previously unselected package ros-humble-urdfdom-headers.
Preparing to unpack .../0979-ros-humble-urdfdom-headers_1.0.6-2jammy.20260226.012553_amd64.deb ...
Unpacking ros-humble-urdfdom-headers (1.0.6-2jammy.20260226.012553) ...
Selecting previously unselected package ros-humble-urdfdom.
Preparing to unpack .../0980-ros-humble-urdfdom_3.0.2-2jammy.20260304.202852_amd64.deb ...
Unpacking ros-humble-urdfdom (3.0.2-2jammy.20260304.202852) ...
Selecting previously unselected package ros-humble-urdf-parser-plugin.
Preparing to unpack .../0981-ros-humble-urdf-parser-plugin_2.6.1-1jammy.20260907.191823_amd64.deb ...
Unpacking ros-humble-urdf-parser-plugin (2.6.1-1jammy.20260907.191823) ...
Selecting previously unselected package ros-humble-urdf.
Preparing to unpack .../0982-ros-humble-urdf_2.6.1-1jammy.20260907.195837_amd64.deb ...
Unpacking ros-humble-urdf (2.6.1-1jammy.20260907.195837) ...
Selecting previously unselected package ros-humble-joint-limits.
Preparing to unpack .../0983-ros-humble-joint-limits_2.54.2-1jammy.20260908.105711_amd64.deb ...
Unpacking ros-humble-joint-limits (2.54.2-1jammy.20260908.105711) ...
Selecting previously unselected package ros-humble-joint-state-broadcaster.
Preparing to unpack .../0984-ros-humble-joint-state-broadcaster_2.54.0-1jammy.20260908.124005_amd64.deb ...
Unpacking ros-humble-joint-state-broadcaster (2.54.0-1jammy.20260908.124005) ...
Selecting previously unselected package ros-humble-joint-state-publisher.
Preparing to unpack .../0985-ros-humble-joint-state-publisher_2.4.0-1jammy.20260907.215925_amd64.deb ...
Unpacking ros-humble-joint-state-publisher (2.4.0-1jammy.20260907.215925) ...
Selecting previously unselected package ros-humble-joint-trajectory-controller.
Preparing to unpack .../0986-ros-humble-joint-trajectory-controller_2.54.0-1jammy.20260908.124006_amd64.deb ...
Unpacking ros-humble-joint-trajectory-controller (2.54.0-1jammy.20260908.124006) ...
Selecting previously unselected package ros-humble-kdl-parser.
Preparing to unpack .../0987-ros-humble-kdl-parser_2.6.4-1jammy.20260907.200213_amd64.deb ...
Unpacking ros-humble-kdl-parser (2.6.4-1jammy.20260907.200213) ...
Selecting previously unselected package ros-humble-libcurl-vendor.
Preparing to unpack .../0988-ros-humble-libcurl-vendor_3.1.3-1jammy.20260304.090502_amd64.deb ...
Unpacking ros-humble-libcurl-vendor (3.1.3-1jammy.20260304.090502) ...
Selecting previously unselected package ros-humble-mecanum-drive-controller.
Preparing to unpack .../0989-ros-humble-mecanum-drive-controller_2.54.0-1jammy.20260908.124011_amd64.deb ...
Unpacking ros-humble-mecanum-drive-controller (2.54.0-1jammy.20260908.124011) ...
Selecting previously unselected package ros-humble-nav2-amcl.
Preparing to unpack .../0990-ros-humble-nav2-amcl_1.1.20-1jammy.20260908.000809_amd64.deb ...
Unpacking ros-humble-nav2-amcl (1.1.20-1jammy.20260908.000809) ...
Selecting previously unselected package ros-humble-nav2-behavior-tree.
Preparing to unpack .../0991-ros-humble-nav2-behavior-tree_1.1.20-1jammy.20260908.004120_amd64.deb ...
Unpacking ros-humble-nav2-behavior-tree (1.1.20-1jammy.20260908.004120) ...
Selecting previously unselected package ros-humble-nav2-behaviors.
Preparing to unpack .../0992-ros-humble-nav2-behaviors_1.1.20-1jammy.20260908.011930_amd64.deb ...
Unpacking ros-humble-nav2-behaviors (1.1.20-1jammy.20260908.011930) ...
Selecting previously unselected package ros-humble-nav2-bt-navigator.
Preparing to unpack .../0993-ros-humble-nav2-bt-navigator_1.1.20-1jammy.20260908.011944_amd64.deb ...
Unpacking ros-humble-nav2-bt-navigator (1.1.20-1jammy.20260908.011944) ...
Selecting previously unselected package ros-humble-nav2-collision-monitor.
Preparing to unpack .../0994-ros-humble-nav2-collision-monitor_1.1.20-1jammy.20260908.010715_amd64.deb ...
Unpacking ros-humble-nav2-collision-monitor (1.1.20-1jammy.20260908.010715) ...
Selecting previously unselected package ros-humble-nav2-constrained-smoother.
Preparing to unpack .../0995-ros-humble-nav2-constrained-smoother_1.1.20-1jammy.20260908.005501_amd64.deb ...
Unpacking ros-humble-nav2-constrained-smoother (1.1.20-1jammy.20260908.005501) ...
Selecting previously unselected package ros-humble-nav2-controller.
Preparing to unpack .../0996-ros-humble-nav2-controller_1.1.20-1jammy.20260908.005456_amd64.deb ...
Unpacking ros-humble-nav2-controller (1.1.20-1jammy.20260908.005456) ...
Selecting previously unselected package ros-humble-nav2-dwb-controller.
Preparing to unpack .../0997-ros-humble-nav2-dwb-controller_1.1.20-1jammy.20260908.012626_amd64.deb ...
Unpacking ros-humble-nav2-dwb-controller (1.1.20-1jammy.20260908.012626) ...
Selecting previously unselected package ros-humble-nav2-lifecycle-manager.
Preparing to unpack .../0998-ros-humble-nav2-lifecycle-manager_1.1.20-1jammy.20260908.000824_amd64.deb ...
Unpacking ros-humble-nav2-lifecycle-manager (1.1.20-1jammy.20260908.000824) ...
Selecting previously unselected package graphicsmagick-libmagick-dev-compat.
Preparing to unpack .../0999-graphicsmagick-libmagick-dev-compat_1.4+really1.3.38-1ubuntu0.1_all.deb ...
Unpacking graphicsmagick-libmagick-dev-compat (1.4+really1.3.38-1ubuntu0.1) ...
Selecting previously unselected package ros-humble-nav2-map-server.
Preparing to unpack .../1000-ros-humble-nav2-map-server_1.1.20-1jammy.20260908.000810_amd64.deb ...
Unpacking ros-humble-nav2-map-server (1.1.20-1jammy.20260908.000810) ...
Selecting previously unselected package libomp-dev:amd64.
Preparing to unpack .../1001-libomp-dev_1%3a14.0-55~exp2_amd64.deb ...
Unpacking libomp-dev:amd64 (1:14.0-55~exp2) ...
Selecting previously unselected package ros-humble-nav2-mppi-controller.
Preparing to unpack .../1002-ros-humble-nav2-mppi-controller_1.1.20-1jammy.20260908.012051_amd64.deb ...
Unpacking ros-humble-nav2-mppi-controller (1.1.20-1jammy.20260908.012051) ...
Selecting previously unselected package ros-humble-nav2-navfn-planner.
Preparing to unpack .../1003-ros-humble-nav2-navfn-planner_1.1.20-1jammy.20260908.005505_amd64.deb ...
Unpacking ros-humble-nav2-navfn-planner (1.1.20-1jammy.20260908.005505) ...
Selecting previously unselected package ros-humble-nav2-planner.
Preparing to unpack .../1004-ros-humble-nav2-planner_1.1.20-1jammy.20260908.005526_amd64.deb ...
Unpacking ros-humble-nav2-planner (1.1.20-1jammy.20260908.005526) ...
Selecting previously unselected package ros-humble-nav2-regulated-pure-pursuit-controller.
Preparing to unpack .../1005-ros-humble-nav2-regulated-pure-pursuit-controller_1.1.20-1jammy.20260908.005527_amd64.deb ...
Unpacking ros-humble-nav2-regulated-pure-pursuit-controller (1.1.20-1jammy.20260908.005527) ...
Selecting previously unselected package ros-humble-nav2-rotation-shim-controller.
Preparing to unpack .../1006-ros-humble-nav2-rotation-shim-controller_1.1.20-1jammy.20260908.010304_amd64.deb ...
Unpacking ros-humble-nav2-rotation-shim-controller (1.1.20-1jammy.20260908.010304) ...
Selecting previously unselected package ros-humble-nav2-route.
Preparing to unpack .../1007-ros-humble-nav2-route_1.1.20-1jammy.20260908.005219_amd64.deb ...
Unpacking ros-humble-nav2-route (1.1.20-1jammy.20260908.005219) ...
Selecting previously unselected package ros-humble-rviz-ogre-vendor.
Preparing to unpack .../1008-ros-humble-rviz-ogre-vendor_11.2.29-1jammy.20260907.175630_amd64.deb ...
Unpacking ros-humble-rviz-ogre-vendor (11.2.29-1jammy.20260907.175630) ...
Selecting previously unselected package ros-humble-resource-retriever.
Preparing to unpack .../1009-ros-humble-resource-retriever_3.1.3-1jammy.20260907.192241_amd64.deb ...
Unpacking ros-humble-resource-retriever (3.1.3-1jammy.20260907.192241) ...
Selecting previously unselected package ros-humble-rviz-assimp-vendor.
Preparing to unpack .../1010-ros-humble-rviz-assimp-vendor_11.2.29-1jammy.20260907.175825_amd64.deb ...
Unpacking ros-humble-rviz-assimp-vendor (11.2.29-1jammy.20260907.175825) ...
Selecting previously unselected package ros-humble-rviz-rendering.
Preparing to unpack .../1011-ros-humble-rviz-rendering_11.2.29-1jammy.20260907.193503_amd64.deb ...
Unpacking ros-humble-rviz-rendering (11.2.29-1jammy.20260907.193503) ...
Selecting previously unselected package ros-humble-rviz-common.
Preparing to unpack .../1012-ros-humble-rviz-common_11.2.29-1jammy.20260907.230217_amd64.deb ...
Unpacking ros-humble-rviz-common (11.2.29-1jammy.20260907.230217) ...
Selecting previously unselected package ros-humble-rviz-default-plugins.
Preparing to unpack .../1013-ros-humble-rviz-default-plugins_11.2.29-1jammy.20260908.002237_amd64.deb ...
Unpacking ros-humble-rviz-default-plugins (11.2.29-1jammy.20260908.002237) ...
Selecting previously unselected package ros-humble-nav2-rviz-plugins.
Preparing to unpack .../1014-ros-humble-nav2-rviz-plugins_1.1.20-1jammy.20260908.014610_amd64.deb ...
Unpacking ros-humble-nav2-rviz-plugins (1.1.20-1jammy.20260908.014610) ...
Selecting previously unselected package ros-humble-nav2-simple-commander.
Preparing to unpack .../1015-ros-humble-nav2-simple-commander_1.1.20-1jammy.20260907.224519_amd64.deb ...
Unpacking ros-humble-nav2-simple-commander (1.1.20-1jammy.20260907.224519) ...
Selecting previously unselected package ros-humble-ompl.
Preparing to unpack .../1016-ros-humble-ompl_1.7.0-4jammy.20260226.011457_amd64.deb ...
Unpacking ros-humble-ompl (1.7.0-4jammy.20260226.011457) ...
Selecting previously unselected package ros-humble-nav2-smac-planner.
Preparing to unpack .../1017-ros-humble-nav2-smac-planner_1.1.20-1jammy.20260908.005553_amd64.deb ...
Unpacking ros-humble-nav2-smac-planner (1.1.20-1jammy.20260908.005553) ...
Selecting previously unselected package ros-humble-nav2-smoother.
Preparing to unpack .../1018-ros-humble-nav2-smoother_1.1.20-1jammy.20260908.005556_amd64.deb ...
Unpacking ros-humble-nav2-smoother (1.1.20-1jammy.20260908.005556) ...
Selecting previously unselected package ros-humble-nav2-theta-star-planner.
Preparing to unpack .../1019-ros-humble-nav2-theta-star-planner_1.1.20-1jammy.20260908.005548_amd64.deb ...
Unpacking ros-humble-nav2-theta-star-planner (1.1.20-1jammy.20260908.005548) ...
Selecting previously unselected package ros-humble-nav2-velocity-smoother.
Preparing to unpack .../1020-ros-humble-nav2-velocity-smoother_1.1.20-1jammy.20260908.000910_amd64.deb ...
Unpacking ros-humble-nav2-velocity-smoother (1.1.20-1jammy.20260908.000910) ...
Selecting previously unselected package ros-humble-nav2-waypoint-follower.
Preparing to unpack .../1021-ros-humble-nav2-waypoint-follower_1.1.20-1jammy.20260908.005557_amd64.deb ...
Unpacking ros-humble-nav2-waypoint-follower (1.1.20-1jammy.20260908.005557) ...
Selecting previously unselected package ros-humble-navigation2.
Preparing to unpack .../1022-ros-humble-navigation2_1.1.20-1jammy.20260908.015443_amd64.deb ...
Unpacking ros-humble-navigation2 (1.1.20-1jammy.20260908.015443) ...
Selecting previously unselected package ros-humble-slam-toolbox.
Preparing to unpack .../1023-ros-humble-slam-toolbox_2.6.10-1jammy.20260908.014627_amd64.deb ...
Unpacking ros-humble-slam-toolbox (2.6.10-1jammy.20260908.014627) ...
Selecting previously unselected package ros-humble-nav2-bringup.
Preparing to unpack .../1024-ros-humble-nav2-bringup_1.1.20-1jammy.20260908.021125_amd64.deb ...
Unpacking ros-humble-nav2-bringup (1.1.20-1jammy.20260908.021125) ...
Selecting previously unselected package ros-humble-pid-controller.
Preparing to unpack .../1025-ros-humble-pid-controller_2.54.0-1jammy.20260908.124035_amd64.deb ...
Unpacking ros-humble-pid-controller (2.54.0-1jammy.20260908.124035) ...
Selecting previously unselected package ros-humble-pose-broadcaster.
Preparing to unpack .../1026-ros-humble-pose-broadcaster_2.54.0-1jammy.20260908.124054_amd64.deb ...
Unpacking ros-humble-pose-broadcaster (2.54.0-1jammy.20260908.124054) ...
Selecting previously unselected package ros-humble-position-controllers.
Preparing to unpack .../1027-ros-humble-position-controllers_2.54.0-1jammy.20260908.123934_amd64.deb ...
Unpacking ros-humble-position-controllers (2.54.0-1jammy.20260908.123934) ...
Selecting previously unselected package ros-humble-range-sensor-broadcaster.
Preparing to unpack .../1028-ros-humble-range-sensor-broadcaster_2.54.0-1jammy.20260908.124021_amd64.deb ...
Unpacking ros-humble-range-sensor-broadcaster (2.54.0-1jammy.20260908.124021) ...
Selecting previously unselected package ros-humble-rmw-cyclonedds-cpp.
Preparing to unpack .../1029-ros-humble-rmw-cyclonedds-cpp_1.3.5-1jammy.20260907.205235_amd64.deb ...
Unpacking ros-humble-rmw-cyclonedds-cpp (1.3.5-1jammy.20260907.205235) ...
Selecting previously unselected package ros-humble-robot-state-publisher.
Preparing to unpack .../1030-ros-humble-robot-state-publisher_3.0.3-2jammy.20260907.225951_amd64.deb ...
Unpacking ros-humble-robot-state-publisher (3.0.3-2jammy.20260907.225951) ...
Selecting previously unselected package ros-humble-ros2-control-test-assets.
Preparing to unpack .../1031-ros-humble-ros2-control-test-assets_2.54.2-1jammy.20260908.105708_amd64.deb ...
Unpacking ros-humble-ros2-control-test-assets (2.54.2-1jammy.20260908.105708) ...
Selecting previously unselected package ros-humble-ros2controlcli.
Preparing to unpack .../1032-ros-humble-ros2controlcli_2.54.2-1jammy.20260908.123116_amd64.deb ...
Unpacking ros-humble-ros2controlcli (2.54.2-1jammy.20260908.123116) ...
Selecting previously unselected package ros-humble-transmission-interface.
Preparing to unpack .../1033-ros-humble-transmission-interface_2.54.2-1jammy.20260908.114558_amd64.deb ...
Unpacking ros-humble-transmission-interface (2.54.2-1jammy.20260908.114558) ...
Selecting previously unselected package ros-humble-ros2-control.
Preparing to unpack .../1034-ros-humble-ros2-control_2.54.2-1jammy.20260908.123937_amd64.deb ...
Unpacking ros-humble-ros2-control (2.54.2-1jammy.20260908.123937) ...
Selecting previously unselected package ros-humble-tricycle-controller.
Preparing to unpack .../1035-ros-humble-tricycle-controller_2.54.0-1jammy.20260908.124205_amd64.deb ...
Unpacking ros-humble-tricycle-controller (2.54.0-1jammy.20260908.124205) ...
Selecting previously unselected package ros-humble-tricycle-steering-controller.
Preparing to unpack .../1036-ros-humble-tricycle-steering-controller_2.54.0-1jammy.20260908.124912_amd64.deb ...
Unpacking ros-humble-tricycle-steering-controller (2.54.0-1jammy.20260908.124912) ...
Selecting previously unselected package ros-humble-velocity-controllers.
Preparing to unpack .../1037-ros-humble-velocity-controllers_2.54.0-1jammy.20260908.123938_amd64.deb ...
Unpacking ros-humble-velocity-controllers (2.54.0-1jammy.20260908.123938) ...
Selecting previously unselected package ros-humble-ros2-controllers.
Preparing to unpack .../1038-ros-humble-ros2-controllers_2.54.0-1jammy.20260909.011001_amd64.deb ...
Unpacking ros-humble-ros2-controllers (2.54.0-1jammy.20260909.011001) ...
Selecting previously unselected package ros-humble-xacro.
Preparing to unpack .../1039-ros-humble-xacro_2.1.1-1jammy.20260304.195513_amd64.deb ...
Unpacking ros-humble-xacro (2.1.1-1jammy.20260304.195513) ...
Selecting previously unselected package i965-va-driver:amd64.
Preparing to unpack .../1040-i965-va-driver_2.4.1+dfsg1-1_amd64.deb ...
Unpacking i965-va-driver:amd64 (2.4.1+dfsg1-1) ...
Selecting previously unselected package va-driver-all:amd64.
Preparing to unpack .../1041-va-driver-all_2.14.0-1_amd64.deb ...
Unpacking va-driver-all:amd64 (2.14.0-1) ...
Selecting previously unselected package vdpau-driver-all:amd64.
Preparing to unpack .../1042-vdpau-driver-all_1.4-3build2_amd64.deb ...
Unpacking vdpau-driver-all:amd64 (1.4-3build2) ...
Selecting previously unselected package pocketsphinx-en-us.
Preparing to unpack .../1043-pocketsphinx-en-us_0.8.0+real5prealpha+1-14ubuntu1_all.deb ...
Unpacking pocketsphinx-en-us (0.8.0+real5prealpha+1-14ubuntu1) ...
Selecting previously unselected package proj-bin.
Preparing to unpack .../1044-proj-bin_8.2.1-1_amd64.deb ...
Unpacking proj-bin (8.2.1-1) ...
Setting up libgme0:amd64 (0.6.3-2) ...
Setting up libssh-gcrypt-4:amd64 (0.9.6-2ubuntu0.22.04.8) ...
Setting up libboost-chrono1.74.0:amd64 (1.74.0-14ubuntu3) ...
Setting up ros-humble-message-filters (4.3.20-1jammy.20260907.223809) ...
Setting up libpcrecpp0v5:amd64 (2:8.39-13ubuntu0.22.04.1) ...
Setting up libboost-system1.74.0:amd64 (1.74.0-14ubuntu3) ...
Setting up javascript-common (11+nmu1) ...
Setting up libgraphite2-3:amd64 (1.3.14-1ubuntu0.1) ...
Setting up libsrt1.4-gnutls:amd64 (1.4.4-4) ...
Setting up ros-humble-tl-expected (1.3.2-1jammy.20260611.075453) ...
Setting up libomp5-14:amd64 (1:14.0.0-1ubuntu1.1) ...
Setting up liblcms2-2:amd64 (2.12~rc1-2ubuntu0.1) ...
Setting up libtbbmalloc2:amd64 (2021.5.0-7ubuntu2) ...
Setting up libpixman-1-0:amd64 (0.40.0-1ubuntu0.22.04.1) ...
Setting up ros-humble-ros2-control-test-assets (2.54.2-1jammy.20260908.105708) ...
Setting up libudfread0:amd64 (1.1.2-1) ...
Setting up libcdparanoia0:amd64 (3.10.2+debian-14build2) ...
Setting up bzip2-doc (1.0.8-5ubuntu0.1) ...
Setting up libtar0:amd64 (1.2.20-8ubuntu0.22.04.1) ...
Setting up gcc-11-base:amd64 (11.4.0-1ubuntu1~22.04.3) ...
Setting up libwayland-server0:amd64 (1.20.0-1ubuntu0.1) ...
Setting up libgeos3.10.2:amd64 (3.10.2-1) ...
Setting up libaom3:amd64 (3.3.0-1ubuntu0.1) ...
Setting up libtar-dev:amd64 (1.2.20-8ubuntu0.22.04.1) ...
Setting up libjsoncpp-dev:amd64 (1.9.5-3) ...
Setting up libpciaccess0:amd64 (0.16-3) ...
Setting up mysql-common (5.8+1.0.8) ...
update-alternatives: using /etc/mysql/my.cnf.fallback to provide /etc/mysql/my.cnf (my.cnf) in auto mode
Setting up librabbitmq4:amd64 (0.10.0-1ubuntu2.2) ...
Setting up systemd-sysv (249.11-0ubuntu3.22) ...
Setting up libmysqlclient21:amd64 (8.0.46-0ubuntu0.22.04.4) ...
Setting up libxau6:amd64 (1:1.0.9-1build5) ...
Setting up libdouble-conversion3:amd64 (3.1.7-4) ...
Setting up libraw1394-11:amd64 (2.1.2-2build2) ...
Setting up libncurses-dev:amd64 (6.3-2ubuntu0.3) ...
Setting up libcodec2-1.0:amd64 (1.0.1-3) ...
Setting up libsodium23:amd64 (1.0.18-1ubuntu0.22.04.1) ...
Setting up libmpg123-0:amd64 (1.29.3-1ubuntu0.1) ...
Setting up libboost-atomic1.74.0:amd64 (1.74.0-14ubuntu3) ...
Setting up libogg0:amd64 (1.3.5-0ubuntu3) ...
Setting up libzstd-dev:amd64 (1.4.8+dfsg-3build1) ...
Setting up libspeex1:amd64 (1.2~rc1.2-1.1ubuntu3) ...
Setting up proj-data (8.2.1-1) ...
Setting up fonts-noto-mono (20201225-1build1) ...
Setting up libshine3:amd64 (3.1.1-2) ...
Setting up liboctomap1.9:amd64 (1.9.7+dfsg-3) ...
Setting up libglvnd-core-dev:amd64 (1.4.0-1) ...
Setting up libpcre16-3:amd64 (2:8.39-13ubuntu0.22.04.1) ...
Setting up hdf5-helpers (1.10.7+repack-4ubuntu2) ...
Setting up hicolor-icon-theme (0.17-2) ...
Setting up libwmflite-0.2-7:amd64 (0.2.12-5ubuntu1) ...
Setting up libtwolame0:amd64 (0.4.0-2build2) ...
Setting up libattr1-dev:amd64 (1:2.5.1-1ubuntu0.1) ...
Setting up libdatrie1:amd64 (0.2.13-2) ...
Setting up xdg-user-dirs (0.17-2ubuntu4) ...
Setting up libmagic-mgc (1:5.41-3ubuntu0.1) ...
Setting up libogdi4.1 (4.1.0+ds-5) ...
Setting up libignition-math6:amd64 (6.16.0-1~jammy) ...
Setting up libqhull8.0:amd64 (2020.2-4) ...
Setting up libgsm1:amd64 (1.0.19-1) ...
Setting up libcharls2:amd64 (2.3.4-1) ...
Setting up libminizip1:amd64 (1.1-8build1) ...
Setting up libvisual-0.4-0:amd64 (0.4.0-17build2) ...
Setting up libtinyobjloader1:amd64 (2.0.0~rc5+dfsg1-5build1) ...
Setting up libglib2.0-0:amd64 (2.72.4-0ubuntu2.10) ...
Setting up libboost-iostreams1.74.0:amd64 (1.74.0-14ubuntu3) ...
Setting up libglvnd0:amd64 (1.4.0-1) ...
Setting up libjson-c-dev:amd64 (0.15-3~ubuntu1.22.04.2) ...
Setting up libboost-program-options1.74.0:amd64 (1.74.0-14ubuntu3) ...
Setting up libpgm-5.3-0:amd64 (5.3.128~dfsg-2) ...
Setting up libzip4:amd64 (1.7.3-1ubuntu2) ...
Setting up libijs-0.35:amd64 (0.35-15build2) ...
Setting up libjxr0:amd64 (1.2~git20170615.f752187-5) ...
Setting up libcbor0.8:amd64 (0.8.0-2ubuntu1) ...
Setting up libraw1394-dev:amd64 (2.1.2-2build2) ...
Setting up ros-humble-nav2-voxel-grid (1.1.20-1jammy.20260908.002526) ...
Setting up libsqlite3-0:amd64 (3.37.2-2ubuntu0.8) ...
Setting up python3-typeguard (2.2.2-1.1) ...
Setting up liblab-gamut1:amd64 (2.42.2-6ubuntu0.1) ...
Setting up libgdk-pixbuf2.0-common (2.42.8+dfsg-1ubuntu0.5) ...
Setting up libbenchmark1:amd64 (1.6.1-1) ...
Setting up libnorm1:amd64 (1.5.9+dfsg-2) ...
Setting up libmysofa1:amd64 (1.2.1~dfsg0-1) ...
Setting up libtbb2:amd64 (2020.3-1ubuntu3) ...
Setting up libarpack2:amd64 (3.8.0-1) ...
Setting up binutils-common:amd64 (2.38-4ubuntu2.12) ...
Setting up x11-common (1:7.7+23ubuntu2) ...
debconf: unable to initialize frontend: Dialog
debconf: (TERM is not set, so the dialog frontend is not usable.)
debconf: falling back to frontend: Readline
invoke-rc.d: could not determine current runlevel
invoke-rc.d: policy-rc.d denied execution of start.
Setting up libsensors-config (1:3.6.0-7ubuntu1) ...
Setting up libldl2:amd64 (1:5.10.1+dfsg-4build1) ...
Setting up libboost-stacktrace1.74.0:amd64 (1.74.0-14ubuntu3) ...
Setting up libmagic1:amd64 (1:5.41-3ubuntu0.1) ...
Setting up libbullet3.06:amd64 (3.06+dfsg-4build2) ...
Setting up libpq5:amd64 (14.24-0ubuntu0.22.04.1) ...
Setting up libdeflate0:amd64 (1.10-2) ...
Setting up libsuperlu5:amd64 (5.3.0+dfsg1-2) ...
Setting up less (590-1ubuntu0.22.04.3) ...
Setting up libctf-nobfd0:amd64 (2.38-4ubuntu2.12) ...
Setting up libboost-nowide1.74.0 (1.74.0-14ubuntu3) ...
Setting up libnss-systemd:amd64 (249.11-0ubuntu3.22) ...
First installation detected...
Checking NSS setup...
Setting up libqhull-r8.0:amd64 (2020.2-4) ...
Setting up python3-coverage (6.2+dfsg1-2build1) ...
Setting up xkb-data (2.33-1) ...
Setting up libdart-external-odelcpsolver6.12:amd64 (6.12.1+dfsg4-11build2) ...
Setting up libboost-filesystem1.74.0:amd64 (1.74.0-14ubuntu3) ...
Setting up python3-nose2 (0.9.2-1) ...
Setting up libpq-dev (14.24-0ubuntu0.22.04.1) ...
Setting up ros-humble-tf2-msgs (0.25.23-1jammy.20260907.215317) ...
Setting up libcurl3-gnutls:amd64 (7.81.0-1ubuntu1.29) ...
Setting up libilmbase25:amd64 (2.5.7-2) ...
Setting up libprotobuf23:amd64 (3.12.4-1ubuntu7.22.04.6) ...
Setting up libtbb12:amd64 (2021.5.0-7ubuntu2) ...
Setting up libmetis5:amd64 (5.1.0.dfsg-7build2) ...
Setting up libzzip-0-13:amd64 (0.13.72+dfsg.1-1.1) ...
Setting up file (1:5.41-3ubuntu0.1) ...
Setting up libigdgmm12:amd64 (22.1.2+ds1-1) ...
Setting up fonts-urw-base35 (20200910-1) ...
Setting up libjs-jquery-throttle-debounce (1.1+dfsg.1-2) ...
Setting up ros-humble-iceoryx-binding-c (2.0.5-1jammy.20260226.012512) ...
Setting up python3-distlib (0.3.4-1) ...
Setting up libgomp1:amd64 (12.3.0-1ubuntu1~22.04.3) ...
Setting up libcdio19:amd64 (2.1.0-3ubuntu0.2) ...
Setting up perl-modules-5.34 (5.34.0-3ubuntu1.9) ...
Setting up libxvidcore4:amd64 (2:1.3.7-1) ...
Setting up libccd2:amd64 (2.1-2) ...
Setting up bzip2 (1.0.8-5ubuntu0.1) ...
Setting up libffi-dev:amd64 (3.4.2-4) ...
Setting up libunwind8:amd64 (1.3.2-2build2.1) ...
Setting up python3-markupsafe (2.0.1-2build1) ...
Setting up libgphoto2-l10n (2.5.27-1ubuntu0.1) ...
Setting up liborocos-kdl1.5:amd64 (1.5.1-2build1) ...
Setting up libpthread-stubs0-dev:amd64 (0.4-1build2) ...
Setting up libjbig0:amd64 (2.1-3.1ubuntu0.22.04.1) ...
Setting up pybind11-dev (2.9.1-2) ...
Setting up liboctomap-dev:amd64 (1.9.7+dfsg-3) ...
Setting up libpcre2-16-0:amd64 (10.39-3ubuntu0.1) ...
Setting up libbtf1:amd64 (1:5.10.1+dfsg-4build1) ...
Setting up libaec0:amd64 (1.0.6-1) ...
Setting up libcolord2:amd64 (1.4.6-1) ...
Setting up gdal-data (3.4.1+dfsg-1build4) ...
Setting up libopengl0:amd64 (1.4.0-1) ...
Setting up python3-tz (2022.1-1ubuntu0.22.04.1) ...
Setting up python-babel-localedata (2.8.0+dfsg.1-7) ...
Setting up libasan6:amd64 (11.4.0-1ubuntu1~22.04.3) ...
Setting up libsnappy1v5:amd64 (1.1.8-1build3) ...
Setting up libflac8:amd64 (1.3.3-2ubuntu0.2) ...
Setting up poppler-data (0.4.11-1) ...
Setting up ros-humble-angles (1.15.0-1jammy.20260304.075013) ...
Setting up acl (2.3.1-1) ...
Setting up libcfitsio9:amd64 (4.0.0-1) ...
Setting up libaom-dev:amd64 (3.3.0-1ubuntu0.1) ...
Setting up libignition-msgs5-5:amd64 (5.8.1+ds-2) ...
Setting up libcap2-bin (1:2.44-1ubuntu0.22.04.3) ...
Setting up libopenexr25:amd64 (2.5.7-1) ...
Setting up libdconf1:amd64 (0.40.0-3ubuntu0.1) ...
Setting up libgts-0.7-5:amd64 (0.7.6+darcs121130-5) ...
Setting up python3-colcon-core (0.21.3+upstream-1) ...
Setting up libasound2-data (1.2.6.1-1ubuntu1.2) ...
Setting up libminizip-dev:amd64 (1.1-8build1) ...
Setting up python3-colcon-pkg-config (0.1.0-100) ...
Setting up ros-humble-tf2 (0.25.23-1jammy.20260907.213559) ...
Setting up libgssrpc4:amd64 (1.19.2-2ubuntu0.10) ...
Setting up libxsimd-dev:amd64 (7.6.0-2) ...
Setting up xtrans-dev (1.4.0-1) ...
Setting up libprotobuf-lite23:amd64 (3.12.4-1ubuntu7.22.04.6) ...
Setting up autotools-dev (20220109.1) ...
Setting up python3-colcon-zsh (0.5.0-100) ...
Setting up libexpected-dev (1.0.0~dfsg-2) ...
Setting up libpcre2-32-0:amd64 (10.39-3ubuntu0.1) ...
Setting up libignition-cmake2-dev:amd64 (2.19.0-1~jammy) ...
Setting up libglib2.0-data (2.72.4-0ubuntu2.10) ...
Setting up ros-humble-joint-state-publisher (2.4.0-1jammy.20260907.215925) ...
Setting up libgles2:amd64 (1.4.0-1) ...
Setting up libjs-jquery-ui (1.13.1+dfsg-1) ...
Setting up libboost-test1.74.0:amd64 (1.74.0-14ubuntu3) ...
Setting up qttranslations5-l10n (5.15.3-1) ...
Setting up qt5-qmake-bin (5.15.3+dfsg-2ubuntu0.2) ...
Setting up libslang2:amd64 (2.3.2-5build4) ...
Setting up libva2:amd64 (2.14.0-1) ...
Setting up libsqlite3-dev:amd64 (3.37.2-2ubuntu0.8) ...
Setting up python3-vcstool (0.3.0-1) ...
Setting up libx11-data (2:1.7.5-1ubuntu0.3) ...
Setting up libignition-common3-3:amd64 (3.14.0+dfsg-5) ...
Setting up libepoxy0:amd64 (1.5.10-1) ...
Setting up libmpfr6:amd64 (4.1.0-3build3) ...
Setting up libnspr4:amd64 (2:4.35-0ubuntu0.22.04.1) ...
Setting up libyaml-cpp0.7:amd64 (0.7.0+dfsg-8build1) ...
Setting up libjbig2dec0:amd64 (0.19-3ubuntu0.1) ...
Setting up ros-humble-nav2-msgs (1.1.20-1jammy.20260907.223327) ...
Setting up libpgm-dev:amd64 (5.3.128~dfsg-2) ...
Setting up libignition-common3-events3:amd64 (3.14.0+dfsg-5) ...
Setting up uuid-dev:amd64 (2.37.2-4ubuntu3.6) ...
Setting up libpathplan4:amd64 (2.42.2-6ubuntu0.1) ...
Setting up gsfonts (1:8.11+urwcyr1.0.7~pre44-4.5) ...
Setting up libprotoc23:amd64 (3.12.4-1ubuntu7.22.04.6) ...
Setting up libjs-jquery-metadata (12-3) ...
Setting up libavahi-common-data:amd64 (0.8-5ubuntu5.5) ...
Setting up libann0 (1.1.2+doc-7build1) ...
Setting up libgles1:amd64 (1.4.0-1) ...
Setting up libx264-163:amd64 (2:0.163.3060+git5db6aa6-2build1) ...
Setting up libdbus-1-3:amd64 (1.12.20-2ubuntu4.1) ...
Setting up dbus (1.12.20-2ubuntu4.1) ...
Setting up libsigsegv2:amd64 (2.13-1ubuntu3) ...
Setting up xz-utils (5.2.5-2ubuntu1.1) ...
update-alternatives: using /usr/bin/xz to provide /usr/bin/lzma (lzma) in auto mode
update-alternatives: warning: skip creation of /usr/share/man/man1/lzma.1.gz because associated file /usr/share/man/man1/xz.1.gz (of link group lzma) doesn't exist
update-alternatives: warning: skip creation of /usr/share/man/man1/unlzma.1.gz because associated file /usr/share/man/man1/unxz.1.gz (of link group lzma) doesn't exist
update-alternatives: warning: skip creation of /usr/share/man/man1/lzcat.1.gz because associated file /usr/share/man/man1/xzcat.1.gz (of link group lzma) doesn't exist
update-alternatives: warning: skip creation of /usr/share/man/man1/lzmore.1.gz because associated file /usr/share/man/man1/xzmore.1.gz (of link group lzma) doesn't exist
update-alternatives: warning: skip creation of /usr/share/man/man1/lzless.1.gz because associated file /usr/share/man/man1/xzless.1.gz (of link group lzma) doesn't exist
update-alternatives: warning: skip creation of /usr/share/man/man1/lzdiff.1.gz because associated file /usr/share/man/man1/xzdiff.1.gz (of link group lzma) doesn't exist
update-alternatives: warning: skip creation of /usr/share/man/man1/lzcmp.1.gz because associated file /usr/share/man/man1/xzcmp.1.gz (of link group lzma) doesn't exist
update-alternatives: warning: skip creation of /usr/share/man/man1/lzgrep.1.gz because associated file /usr/share/man/man1/xzgrep.1.gz (of link group lzma) doesn't exist
update-alternatives: warning: skip creation of /usr/share/man/man1/lzegrep.1.gz because associated file /usr/share/man/man1/xzegrep.1.gz (of link group lzma) doesn't exist
update-alternatives: warning: skip creation of /usr/share/man/man1/lzfgrep.1.gz because associated file /usr/share/man/man1/xzfgrep.1.gz (of link group lzma) doesn't exist
Setting up libboost-nowide1.74-dev (1.74.0-14ubuntu3) ...
Setting up libfribidi0:amd64 (1.0.8-2ubuntu3.1) ...
Setting up libode8 (2:0.16.2-1) ...
Setting up libboost-regex1.74.0:amd64 (1.74.0-14ubuntu3) ...
Setting up libopus0:amd64 (1.3.1-0.1build2) ...
Setting up python3-colcon-library-path (0.2.1-100) ...
Setting up libexif12:amd64 (0.6.24-1ubuntu0.22.04.1) ...
Setting up comerr-dev:amd64 (2.1-1.46.5-2ubuntu1.2) ...
Setting up ros-humble-smclib (4.1.4-1jammy.20260317.155122) ...
Setting up intel-media-va-driver:amd64 (22.3.1+dfsg1-1ubuntu2) ...
Setting up libpng16-16:amd64 (1.6.37-3ubuntu0.6) ...
Setting up libhwloc15:amd64 (2.7.0-2ubuntu1) ...
Setting up libjs-jquery-isonscreen (1.2.0-1.1) ...
Setting up libpcre32-3:amd64 (2:8.39-13ubuntu0.22.04.1) ...
Setting up libmpc3:amd64 (1.2.1-2build1) ...
Setting up systemd-timesyncd (249.11-0ubuntu3.22) ...
Created symlink /etc/systemd/system/dbus-org.freedesktop.timesync1.service → /lib/systemd/system/systemd-timesyncd.service.
Created symlink /etc/systemd/system/sysinit.target.wants/systemd-timesyncd.service → /lib/systemd/system/systemd-timesyncd.service.
Setting up libevent-core-2.1-7:amd64 (2.1.12-stable-1ubuntu0.2) ...
Setting up libvorbis0a:amd64 (1.3.7-1build2) ...
Setting up libboost-context1.74.0:amd64 (1.74.0-14ubuntu3) ...
Setting up libidn12:amd64 (1.38-4ubuntu1.1) ...
Setting up libevent-2.1-7:amd64 (2.1.12-stable-1ubuntu0.2) ...
Setting up libflann1.9:amd64 (1.9.1+dfsg-11) ...
Setting up patch (2.7.6-7build2) ...
Setting up liborc-0.4-0:amd64 (1:0.4.32-2ubuntu0.1) ...
Setting up libboost-graph1.74.0:amd64 (1.74.0-14ubuntu3) ...
Setting up libtcl8.6:amd64 (8.6.12+dfsg-1build1) ...
Setting up libboost-random1.74.0:amd64 (1.74.0-14ubuntu3) ...
Setting up icu-devtools (70.1-2) ...
Setting up sudo (1.9.9-1ubuntu2.6) ...
Setting up liblz4-dev:amd64 (1.9.3-2build2) ...
Setting up libgeos-c1v5:amd64 (3.10.2-1) ...
Setting up fonts-dejavu-core (2.37-2build1) ...
Setting up unixodbc-common (2.3.9-5ubuntu0.1) ...
Setting up ros-humble-control-msgs (4.9.0-1jammy.20260907.212955) ...
Setting up libsocket++1:amd64 (1.12.13+git20131030.5d039ba-1) ...
Setting up xtl-dev (0.7.2-2) ...
Setting up libqhullcpp8.0:amd64 (2020.2-4) ...
Setting up libsepol-dev:amd64 (3.3-1build1) ...
Setting up ros-humble-tf2-ros (0.25.23-1jammy.20260907.224752) ...
Setting up ros-humble-nav-2d-msgs (1.1.20-1jammy.20260907.212326) ...
Setting up ucf (3.0043) ...
debconf: unable to initialize frontend: Dialog
debconf: (TERM is not set, so the dialog frontend is not usable.)
debconf: falling back to frontend: Readline
Setting up libboost1.74-tools-dev (1.74.0-14ubuntu3) ...
Setting up libsensors5:amd64 (1:3.6.0-7ubuntu1) ...
Setting up libsodium-dev:amd64 (1.0.18-1ubuntu0.22.04.1) ...
Setting up libaacs0:amd64 (0.11.1-1) ...
Setting up libtinyxml2.6.2v5:amd64 (2.6.2-6ubuntu0.22.04.1) ...
Setting up libjpeg-turbo8:amd64 (2.1.2-0ubuntu1) ...
Setting up pocketsphinx-en-us (0.8.0+real5prealpha+1-14ubuntu1) ...
Setting up libltdl7:amd64 (2.4.6-15build2) ...
Setting up libglapi-mesa:amd64 (23.2.1-1ubuntu3.1~22.04.4) ...
Setting up libqhull-dev:amd64 (2020.2-4) ...
Setting up libmtdev1:amd64 (1.1.6-1build4) ...
Setting up libvulkan1:amd64 (1.3.204.1-2) ...
Setting up libnanoflann-dev (1.4.2+ds-1) ...
Setting up libwebp7:amd64 (1.2.2-2ubuntu0.22.04.2) ...
Setting up liblcms2-dev:amd64 (2.12~rc1-2ubuntu0.1) ...
Setting up libboost-math1.74.0:amd64 (1.74.0-14ubuntu3) ...
Setting up liblzma-dev:amd64 (5.2.5-2ubuntu1.1) ...
Setting up libubsan1:amd64 (12.3.0-1ubuntu1~22.04.3) ...
Setting up libboost-serialization1.74.0:amd64 (1.74.0-14ubuntu3) ...
Setting up libgif7:amd64 (5.1.9-2ubuntu0.3) ...
Setting up libatk1.0-data (2.36.0-3build1) ...
Setting up libodbc2:amd64 (2.3.9-5ubuntu0.1) ...
Setting up liburiparser1:amd64 (0.9.6+dfsg-1) ...
Setting up libbdplus0:amd64 (0.2.0-1) ...
Setting up libnuma1:amd64 (2.0.14-3ubuntu2) ...
Setting up libpcre2-posix3:amd64 (10.39-3ubuntu0.1) ...
Setting up libvidstab1.1:amd64 (1.1.0-2) ...
Setting up opencv-data (4.5.4+dfsg-9ubuntu4) ...
Setting up librttopo1:amd64 (1.1.0-2) ...
Setting up libmd0:amd64 (1.0.4-1build1) ...
Setting up alsa-topology-conf (1.2.5.1-2) ...
Setting up libjs-jquery-tablesorter (1:2.31.3+dfsg1-3) ...
Setting up libboost-container1.74.0:amd64 (1.74.0-14ubuntu3) ...
Setting up libfreexl1:amd64 (1.0.6-1) ...
Setting up dmsetup (2:1.02.175-2.1ubuntu5) ...
Setting up ros-humble-ackermann-msgs (2.0.2-3jammy.20260907.210926) ...
Setting up ocl-icd-libopencl1:amd64 (2.2.14-3) ...
Setting up libgif-dev (5.1.9-2ubuntu0.3) ...
Setting up libasyncns0:amd64 (0.8-6build2) ...
Setting up libexif-doc (0.6.24-1ubuntu0.22.04.1) ...
Setting up libxshmfence1:amd64 (1.3-1build4) ...
Setting up libbullet-dev:amd64 (3.06+dfsg-4build2) ...
Setting up libbs2b0:amd64 (3.1.0+dfsg-2.2build1) ...
Setting up ros-humble-image-transport (3.1.13-1jammy.20260907.224758) ...
Setting up libfyba0:amd64 (4.1.1-7) ...
Setting up ros-humble-xacro (2.1.1-1jammy.20260304.195513) ...
Setting up libasound2:amd64 (1.2.6.1-1ubuntu1.2) ...
Setting up libkmlbase1:amd64 (1.3.0-9) ...
Setting up libraw1394-tools (2.1.2-2build2) ...
Setting up libblosc1:amd64 (1.21.1+ds2-2) ...
Setting up libmd-dev:amd64 (1.0.4-1build1) ...
Setting up fonts-liberation (1:1.07.4-11) ...
Setting up libnl-3-200:amd64 (3.5.0-0.1) ...
Setting up ros-humble-gazebo-msgs (3.9.0-1jammy.20260907.213014) ...
Setting up libpsm2-2 (11.2.185-1) ...
Setting up libopencv-core4.5d:amd64 (4.5.4+dfsg-9ubuntu4) ...
Setting up openmpi-common (4.1.2-2ubuntu1) ...
Setting up libpam-systemd:amd64 (249.11-0ubuntu3.22) ...
debconf: unable to initialize frontend: Dialog
debconf: (TERM is not set, so the dialog frontend is not usable.)
debconf: falling back to frontend: Readline
Setting up libmd4c0:amd64 (0.4.8-1) ...
Setting up libdraco4:amd64 (1.5.2+dfsg-2) ...
Setting up libzimg2:amd64 (3.0.3+ds1-1) ...
Setting up libcurl4:amd64 (7.81.0-1ubuntu1.29) ...
Setting up libopenjp2-7:amd64 (2.4.0-6ubuntu0.5) ...
Setting up git-man (1:2.34.1-1ubuntu1.17) ...
Setting up ros-humble-sensor-msgs-py (4.9.2-1jammy.20260907.220122) ...
Setting up libopenal-data (1:1.19.1-2build3) ...
Setting up libthai-data (0.1.29-1build1) ...
Setting up libgirepository-1.0-1:amd64 (1.72.0-1) ...
Setting up xorg-sgml-doctools (1:1.11-1.1) ...
Setting up netbase (6.3) ...
Setting up libvpx7:amd64 (1.11.0-2ubuntu2.5) ...
Setting up libignition-fuel-tools4-4:amd64 (4.4.0+ds-3build1) ...
Setting up libcxsparse3:amd64 (1:5.10.1+dfsg-4build1) ...
Setting up libcdt5:amd64 (2.42.2-6ubuntu0.1) ...
Setting up libatk1.0-0:amd64 (2.36.0-3build1) ...
Setting up libcgraph6:amd64 (2.42.2-6ubuntu0.1) ...
Setting up libglu1-mesa:amd64 (9.0.2-1) ...
Setting up curl (7.81.0-1ubuntu1.29) ...
Setting up fonts-droid-fallback (1:6.0.1r16-1.1build1) ...
Setting up libwayland-egl1:amd64 (1.20.0-1ubuntu0.1) ...
Setting up libusb-1.0-0:amd64 (2:1.0.25-1ubuntu2) ...
Setting up libtbb-dev:amd64 (2021.5.0-7ubuntu2) ...
Setting up ros-humble-tcb-span (1.3.2-1jammy.20260611.075323) ...
Setting up libgphoto2-port12:amd64 (2.5.27-1ubuntu0.1) ...
Setting up libpsm-infinipath1 (3.3+20.604758e7-6.1) ...
update-alternatives: using /usr/lib/libpsm1/libpsm_infinipath.so.1.16 to provide /usr/lib/x86_64-linux-gnu/libpsm_infinipath.so.1 (libpsm_infinipath.so.1) in auto mode
Setting up ros-humble-eigen3-cmake-module (0.1.1-4jammy.20260304.195907) ...
Setting up nlohmann-json3-dev (3.10.5-2) ...
Setting up sdformat9-sdf (9.7.0+ds-1) ...
Setting up python3-colcon-installed-package-information (0.2.1-100) ...
Setting up libopengl-dev:amd64 (1.4.0-1) ...
Setting up libboost-date-time1.74.0:amd64 (1.74.0-14ubuntu3) ...
Setting up python3-colcon-metadata (0.3.1+upstream-1) ...
Setting up ros-humble-urdfdom-headers (1.0.6-2jammy.20260226.012553) ...
Setting up libbinutils:amd64 (2.38-4ubuntu2.12) ...
Setting up libdav1d5:amd64 (0.9.2-1) ...
Setting up libmfx1:amd64 (22.3.0-1) ...
Setting up libfido2-1:amd64 (1.10.0-1) ...
Setting up libjs-jquery-hotkeys (0~20130707+git2d51e3a9+dfsg-2ubuntu1) ...
Setting up libboost-python1.74.0 (1.74.0-14ubuntu3) ...
Setting up libisl23:amd64 (0.24-2build1) ...
Setting up libde265-0:amd64 (1.0.8-1ubuntu0.3) ...
Setting up libboost-fiber1.74.0:amd64 (1.74.0-14ubuntu3) ...
Setting up ros-humble-controller-manager-msgs (2.54.2-1jammy.20260908.105711) ...
Setting up ros-humble-bond (4.1.4-1jammy.20260907.213713) ...
Setting up libsamplerate0:amd64 (0.2.2-1build1) ...
Setting up python3-colcon-python-setup-py (0.2.9-100) ...
Setting up libwebpmux3:amd64 (1.2.2-2ubuntu0.22.04.2) ...
Setting up libbsd0:amd64 (0.11.5-1) ...
Setting up python3-colcon-package-information (0.4.1+upstream-1) ...
Setting up libcap-dev:amd64 (1:2.44-1ubuntu0.22.04.3) ...
Setting up libdeflate-dev:amd64 (1.10-2) ...
Setting up ros-humble-diagnostic-updater (4.0.7-1jammy.20260907.223805) ...
Setting up libccd-dev:amd64 (2.1-2) ...
Setting up libdrm-common (2.4.113-2~ubuntu0.22.04.1) ...
Setting up libelf1:amd64 (0.186-1ubuntu0.1) ...
Setting up libpam-cap:amd64 (1:2.44-1ubuntu0.22.04.3) ...
debconf: unable to initialize frontend: Dialog
debconf: (TERM is not set, so the dialog frontend is not usable.)
debconf: falling back to frontend: Readline
Setting up ros-humble-hardware-interface (2.54.2-1jammy.20260908.110122) ...
Setting up libevdev2:amd64 (1.12.1+dfsg-1) ...
Setting up libogdi-dev (4.1.0+ds-5) ...
Setting up libboost-timer1.74.0:amd64 (1.74.0-14ubuntu3) ...
Setting up libicu-dev:amd64 (70.1-2) ...
Setting up libxml2:amd64 (2.9.13+dfsg-1ubuntu0.13) ...
Setting up libcfitsio-doc (4.0.0-1) ...
Setting up libbsd-dev:amd64 (0.11.5-1) ...
Setting up libsuitesparseconfig5:amd64 (1:5.10.1+dfsg-4build1) ...
Setting up libcc1-0:amd64 (12.3.0-1ubuntu1~22.04.3) ...
Setting up iso-codes (4.9.0-1) ...
Setting up ros-humble-nav2-common (1.1.20-1jammy.20260907.215155) ...
Setting up liblocale-gettext-perl (1.07-4build3) ...
Setting up libbrotli-dev:amd64 (1.0.9-2build6) ...
Setting up libgudev-1.0-0:amd64 (1:237-2build1) ...
Setting up libzvbi-common (0.2.35-19) ...
Setting up liblsan0:amd64 (12.3.0-1ubuntu1~22.04.3) ...
Setting up qtchooser (66-2build1) ...
Setting up libmp3lame0:amd64 (3.100-3build2) ...
Setting up libilmbase-dev:amd64 (2.5.7-2) ...
Setting up libblas-dev:amd64 (3.10.0-2ubuntu1) ...
update-alternatives: using /usr/lib/x86_64-linux-gnu/blas/libblas.so to provide /usr/lib/x86_64-linux-gnu/libblas.so (libblas.so-x86_64-linux-gnu) in auto mode
Setting up libsz2:amd64 (1.0.6-1) ...
Setting up libitm1:amd64 (12.3.0-1ubuntu1~22.04.3) ...
Setting up libmysqlclient-dev (8.0.46-0ubuntu0.22.04.4) ...
Setting up librbio2:amd64 (1:5.10.1+dfsg-4build1) ...
Setting up python3-colcon-output (0.2.15+upstream-1) ...
Setting up libvorbisenc2:amd64 (1.3.7-1build2) ...
Setting up libkmlxsd1:amd64 (1.3.0-9) ...
Setting up libgdbm6:amd64 (1.23-1) ...
Setting up ros-humble-map-msgs (2.1.0-3jammy.20260907.213051) ...
Setting up libboost-thread1.74.0:amd64 (1.74.0-14ubuntu3) ...
Setting up libkadm5clnt-mit12:amd64 (1.19.2-2ubuntu0.10) ...
Setting up libboost-numpy1.74.0 (1.74.0-14ubuntu3) ...
Setting up libodbccr2:amd64 (2.3.9-5ubuntu0.1) ...
Setting up libacl1-dev:amd64 (2.3.1-1) ...
Setting up libiec61883-0:amd64 (1.2.0-4build3) ...
Setting up libevent-pthreads-2.1-7:amd64 (2.1.12-stable-1ubuntu0.2) ...
Setting up libgflags2.2 (2.2.2-2) ...
Setting up libserd-0-0:amd64 (0.30.10-2) ...
Setting up libwacom-common (2.2.0-1) ...
Setting up python3-sip (4.19.25+dfsg-3build1) ...
Setting up libbz2-dev:amd64 (1.0.8-5ubuntu0.1) ...
Setting up libtsan0:amd64 (11.4.0-1ubuntu1~22.04.3) ...
Setting up libxkbcommon0:amd64 (1.4.0-1) ...
Setting up libkmldom1:amd64 (1.3.0-9) ...
Setting up libwayland-client0:amd64 (1.20.0-1ubuntu0.1) ...
Setting up libctf0:amd64 (2.38-4ubuntu2.12) ...
Setting up libjpeg8:amd64 (8c-2ubuntu10) ...
Setting up default-libmysqlclient-dev:amd64 (1.0.8) ...
Setting up libgs9-common (9.55.0~dfsg1-0ubuntu5.14) ...
Setting up libavc1394-0:amd64 (0.5.4-5build2) ...
Setting up python3-colcon-override-check (0.0.1-100) ...
Setting up cpp-11 (11.4.0-1ubuntu1~22.04.3) ...
Setting up libglib2.0-dev-bin (2.72.4-0ubuntu2.10) ...
Setting up ros-humble-urdf-parser-plugin (2.6.1-1jammy.20260907.191823) ...
Setting up python3-colcon-package-selection (0.2.10-100) ...
Setting up libdart-external-odelcpsolver-dev:amd64 (6.12.1+dfsg4-11build2) ...
Setting up libopencv-imgproc4.5d:amd64 (4.5.4+dfsg-9ubuntu4) ...
Setting up python3-colcon-defaults (0.2.9+upstream-1) ...
Setting up libzvbi0:amd64 (0.2.35-19) ...
Setting up libblkid-dev:amd64 (2.37.2-4ubuntu3.6) ...
Setting up libamd2:amd64 (1:5.10.1+dfsg-4build1) ...
Setting up libpaper1:amd64 (1.1.28build2) ...
debconf: unable to initialize frontend: Dialog
debconf: (TERM is not set, so the dialog frontend is not usable.)
debconf: falling back to frontend: Readline

Creating config file /etc/papersize with new version
Setting up libopencv-flann4.5d:amd64 (4.5.4+dfsg-9ubuntu4) ...
Setting up librttopo-dev:amd64 (1.1.0-2) ...
Setting up libgts-bin (0.7.6+darcs121130-5) ...
Setting up libice6:amd64 (2:1.0.10-1build2) ...
Setting up python3-colcon-devtools (0.3.0-100) ...
Setting up libboost-log1.74.0 (1.74.0-14ubuntu3) ...
Setting up libcharls-dev:amd64 (2.3.4-1) ...
Setting up session-migration (0.3.6) ...
Created symlink /etc/systemd/user/graphical-session-pre.target.wants/session-migration.service → /usr/lib/systemd/user/session-migration.service.
Setting up libdw1:amd64 (0.186-1ubuntu0.1) ...
Setting up python3-colcon-test-result (0.3.8-100) ...
Setting up libodbcinst2:amd64 (2.3.9-5ubuntu0.1) ...
Setting up libjpeg-turbo8-dev:amd64 (2.1.2-0ubuntu1) ...
Setting up libignition-common3-profiler3:amd64 (3.14.0+dfsg-5) ...
Setting up libxdmcp6:amd64 (1:1.1.3-0ubuntu5) ...
Setting up libzip-dev:amd64 (1.7.3-1ubuntu2) ...
Setting up libevent-extra-2.1-7:amd64 (2.1.12-stable-1ubuntu0.2) ...
Setting up python3-dbus (1.2.18-3build1) ...
Setting up libexif-dev:amd64 (0.6.24-1ubuntu0.22.04.1) ...
Setting up libarmadillo10 (1:10.8.2+dfsg-1) ...
Setting up libvulkan-dev:amd64 (1.3.204.1-2) ...
Setting up libxcb1:amd64 (1.14-3ubuntu3) ...
Setting up libkdb5-10:amd64 (1.19.2-2ubuntu0.10) ...
Setting up libopencv-photo4.5d:amd64 (4.5.4+dfsg-9ubuntu4) ...
Setting up libcfitsio-dev:amd64 (4.0.0-1) ...
Setting up libxcb-xfixes0:amd64 (1.14-3ubuntu3) ...
Setting up libzmq5:amd64 (4.3.4-2) ...
Setting up libxerces-c3.2:amd64 (3.2.3+debian-3ubuntu0.1) ...
Setting up libkmlengine1:amd64 (1.3.0-9) ...
Setting up libcolamd2:amd64 (1:5.10.1+dfsg-4build1) ...
Setting up libcaca0:amd64 (0.99.beta19-2.2ubuntu4.2) ...
Setting up libunwind-dev:amd64 (1.3.2-2build2.1) ...
Setting up qt5-qmake:amd64 (5.15.3+dfsg-2ubuntu0.2) ...
Setting up libpcre2-dev:amd64 (10.39-3ubuntu0.1) ...
Setting up libtinyobjloader-dev:amd64 (2.0.0~rc5+dfsg1-5build1) ...
Setting up protobuf-compiler (3.12.4-1ubuntu7.22.04.6) ...
Setting up libxcb-xinput0:amd64 (1.14-3ubuntu3) ...
Setting up ros-humble-ignition-cmake2-vendor (0.0.2-2jammy.20260304.200630) ...
Setting up libkmlconvenience1:amd64 (1.3.0-9) ...
Setting up python3-colcon-powershell (0.5.0+upstream-1) ...
Setting up libpng-tools (1.6.37-3ubuntu0.6) ...
Setting up alsa-ucm-conf (1.2.6.3-1ubuntu1.12) ...
Setting up python3-babel (2.8.0+dfsg.1-7) ...
update-alternatives: using /usr/bin/pybabel-python3 to provide /usr/bin/pybabel (pybabel) in auto mode
Setting up ros-humble-nav2-simple-commander (1.1.20-1jammy.20260907.224519) ...
Setting up python3-cov-core (1.15.0-3build1) ...
Setting up libblosc-dev (1.21.1+ds2-2) ...
Setting up libxcb-render0:amd64 (1.14-3ubuntu3) ...
Setting up libsoxr0:amd64 (0.1.3-4build2) ...
Setting up libwacom9:amd64 (2.2.0-1) ...
Setting up libcdio-cdda2:amd64 (10.2+2.0.0-1build3) ...
Setting up libselinux1-dev:amd64 (3.3-1build2) ...
Setting up libpcre3-dev:amd64 (2:8.39-13ubuntu0.22.04.1) ...
Setting up libtinyxml-dev:amd64 (2.6.2-6ubuntu0.22.04.1) ...
Setting up fontconfig-config (2.13.1-4.2ubuntu5) ...
Setting up ros-humble-tf2-py (0.25.23-1jammy.20260907.214657) ...
Setting up libfreexl-dev:amd64 (1.0.6-1) ...
Setting up libcdio-paranoia2:amd64 (10.2+2.0.0-1build3) ...
Setting up libfyba-dev:amd64 (4.1.1-7) ...
Setting up libxcb-glx0:amd64 (1.14-3ubuntu3) ...
Setting up libboost-coroutine1.74.0:amd64 (1.74.0-14ubuntu3) ...
Setting up libwebpdemux2:amd64 (1.2.2-2ubuntu0.22.04.2) ...
Setting up libignition-common3-core-dev:amd64 (3.14.0+dfsg-5) ...
Setting up libgraphblas6:amd64 (6.1.4+dfsg-2) ...
Setting up libedit2:amd64 (3.1-20210910-1build1) ...
Setting up libpng-dev:amd64 (1.6.37-3ubuntu0.6) ...
Setting up ros-humble-pybind11-vendor (2.4.2-1jammy.20260304.195023) ...
Setting up libbenchmark-dev:amd64 (1.6.1-1) ...
Setting up python3-colcon-bash (0.5.0-100) ...
Setting up libxtensor-dev:amd64 (0.23.10-15) ...
Setting up libyaml-cpp-dev (0.7.0+dfsg-8build1) ...
Setting up libxcb-keysyms1:amd64 (0.4.0-1build3) ...
Setting up libaec-dev:amd64 (1.0.6-1) ...
Setting up libxcb-shape0:amd64 (1.14-3ubuntu3) ...
Setting up libavahi-common3:amd64 (0.8-5ubuntu5.5) ...
Setting up libjbig-dev:amd64 (2.1-3.1ubuntu0.22.04.1) ...
Setting up libevent-openssl-2.1-7:amd64 (2.1.12-stable-1ubuntu0.2) ...
Setting up libglib2.0-bin (2.72.4-0ubuntu2.10) ...
Setting up m4 (1.4.18-5ubuntu2) ...
Setting up libxcb-render-util0:amd64 (0.3.9-1build3) ...
Setting up libfcl0.7:amd64 (0.7.0-3) ...
Setting up libboost-tools-dev (1.74.0.3ubuntu7) ...
Setting up python3-pytest-cov (3.0.0-1) ...
Setting up libnss3:amd64 (2:3.98-0ubuntu0.22.04.4) ...
Setting up libopencv-features2d4.5d:amd64 (4.5.4+dfsg-9ubuntu4) ...
Setting up libxcb-shm0:amd64 (1.14-3ubuntu3) ...
Setting up libxcb-icccm4:amd64 (0.4.1-1.1build2) ...
Setting up libopencv-ml4.5d:amd64 (4.5.4+dfsg-9ubuntu4) ...
Setting up libignition-math6-dev:amd64 (6.16.0-1~jammy) ...
Setting up libpaper-utils (1.1.28build2) ...
Setting up liburdfdom-model3.0:amd64 (3.0.1-1) ...
Setting up libdraco-dev:amd64 (1.5.2+dfsg-2) ...
Setting up python3-colcon-parallel-executor (0.3.0-100) ...
Setting up python3-colcon-argcomplete (0.3.3+upstream-1) ...
Setting up libboost-nowide-dev (1.74.0.3ubuntu7) ...
Setting up python3-colcon-recursive-crawl (0.2.3-100) ...
Setting up libxcb-util1:amd64 (0.4.0-1build2) ...
Setting up python3-colcon-cmake (0.2.30+upstream-1) ...
Setting up ros-humble-bondcpp (4.1.4-1jammy.20260907.235408) ...
Setting up libinput-bin (1.20.0-1ubuntu0.4) ...
Setting up libxcb-xkb1:amd64 (1.14-3ubuntu3) ...
Setting up libxcb-image0:amd64 (0.4.0-2) ...
Setting up liburiparser-dev (0.9.6+dfsg-1) ...
Setting up libnuma-dev:amd64 (2.0.14-3ubuntu2) ...
Setting up libnl-route-3-200:amd64 (3.5.0-0.1) ...
Setting up libsliplu1:amd64 (1:5.10.1+dfsg-4build1) ...
Setting up libprotobuf-dev:amd64 (3.12.4-1ubuntu7.22.04.6) ...
Setting up libxcb-present0:amd64 (1.14-3ubuntu3) ...
Setting up libthai0:amd64 (0.1.29-1build1) ...
Setting up libignition-transport8-8:amd64 (8.2.1+ds-2) ...
Setting up libcamd2:amd64 (1:5.10.1+dfsg-4build1) ...
Setting up libvorbisfile3:amd64 (1.3.7-1build2) ...
Setting up libmongoose2:amd64 (1:5.10.1+dfsg-4build1) ...
Setting up dbus-user-session (1.12.20-2ubuntu4.1) ...
Setting up libsdformat9-9:amd64 (9.7.0+ds-1) ...
Setting up libgraphblas-dev:amd64 (6.1.4+dfsg-2) ...
Setting up python3-jinja2 (3.0.3-1ubuntu0.4) ...
Setting up libxml2-dev:amd64 (2.9.13+dfsg-1ubuntu0.13) ...
Setting up libwebp-dev:amd64 (1.2.2-2ubuntu0.22.04.2) ...
Setting up libopenexr-dev (2.5.7-1) ...
Setting up libxcb-xinerama0:amd64 (1.14-3ubuntu3) ...
Setting up python3-rosdep-modules (0.27.0-1) ...
Setting up ros-humble-dwb-msgs (1.1.20-1jammy.20260907.212657) ...
Setting up libfreetype6:amd64 (2.11.1+dfsg-1ubuntu0.3) ...
Setting up libde265-dev:amd64 (1.0.8-1ubuntu0.3) ...
Setting up libopenjp2-7-dev:amd64 (2.4.0-6ubuntu0.5) ...
Setting up libcurl4-openssl-dev:amd64 (7.81.0-1ubuntu1.29) ...
Setting up libxcb-sync1:amd64 (1.14-3ubuntu3) ...
Setting up libxerces-c-dev:amd64 (3.2.3+debian-3ubuntu0.1) ...
Setting up libkmlregionator1:amd64 (1.3.0-9) ...
Setting up libassimp5:amd64 (5.2.2~ds0-1) ...
Setting up ros-humble-tf2-ros-py (0.25.23-1jammy.20260907.215705) ...
Setting up libgeos-dev (3.10.2-1) ...
Setting up libgdcm3.0:amd64 (3.0.10-1build2) ...
Setting up libdav1d-dev:amd64 (0.9.2-1) ...
Setting up shared-mime-info (2.1-2) ...
Setting up libxkbcommon-x11-0:amd64 (1.4.0-1) ...
Setting up libdc1394-25:amd64 (2.2.6-4) ...
Setting up libevent-dev (2.1.12-stable-1ubuntu0.2) ...
Setting up liblapack-dev:amd64 (3.10.0-2ubuntu1) ...
update-alternatives: using /usr/lib/x86_64-linux-gnu/lapack/liblapack.so to provide /usr/lib/x86_64-linux-gnu/liblapack.so (liblapack.so-x86_64-linux-gnu) in auto mode
Setting up liburdfdom-world3.0:amd64 (3.0.1-1) ...
Setting up libgflags-dev (2.2.2-2) ...
Setting up gazebo-common (11.10.2+dfsg-1) ...
Setting up libboost-numpy1.74-dev (1.74.0-14ubuntu3) ...
Setting up libelf-dev:amd64 (0.186-1ubuntu0.1) ...
Setting up libgdbm-compat4:amd64 (1.23-1) ...
Setting up libassimp-dev:amd64 (5.2.2~ds0-1) ...
Setting up gir1.2-glib-2.0:amd64 (1.72.0-1) ...
Setting up python3-pykdl:amd64 (1.5.1-2build1) ...
Setting up libqt5core5a:amd64 (5.15.3+dfsg-2ubuntu0.2) ...
Setting up libraw20:amd64 (0.20.2-2ubuntu2.22.04.3) ...
Setting up python3-colcon-cd (0.2.1-100) ...
Setting up libhdf4-0-alt (4.2.15-4) ...
Setting up libx265-199:amd64 (3.5-2) ...
Setting up librubberband2:amd64 (2.0.0-2) ...
Setting up libwacom-bin (2.2.0-1) ...
Setting up libsndio7.0:amd64 (1.8.1-1.1) ...
Setting up libxcb-dri2-0:amd64 (1.14-3ubuntu3) ...
Setting up libllvm14:amd64 (1:14.0.0-1ubuntu1.1) ...
Setting up libboost-wave1.74.0:amd64 (1.74.0-14ubuntu3) ...
Setting up libjack-jackd2-0:amd64 (1.9.20~dfsg-1) ...
Setting up libgvpr2:amd64 (2.42.2-6ubuntu0.1) ...
Setting up libopencv-dnn4.5d:amd64 (4.5.4+dfsg-9ubuntu4) ...
Setting up libgcc-11-dev:amd64 (11.4.0-1ubuntu1~22.04.3) ...
Setting up libdrm2:amd64 (2.4.113-2~ubuntu0.22.04.1) ...
Setting up libhdf5-103-1:amd64 (1.10.7+repack-4ubuntu2) ...
Setting up python3-notify2 (0.3-4) ...
Setting up ros-humble-tinyxml-vendor (0.8.3-2jammy.20260304.195406) ...
Setting up libflite1:amd64 (2.2-3) ...
Setting up libnl-3-dev:amd64 (3.5.0-0.1) ...
Setting up libopencv-core-dev:amd64 (4.5.4+dfsg-9ubuntu4) ...
Setting up libva-drm2:amd64 (2.14.0-1) ...
Setting up libprotoc-dev:amd64 (3.12.4-1ubuntu7.22.04.6) ...
Setting up libklu1:amd64 (1:5.10.1+dfsg-4build1) ...
Setting up libqt5dbus5:amd64 (5.15.3+dfsg-2ubuntu0.2) ...
Setting up libsord-0-0:amd64 (0.16.8-2) ...
Setting up libccolamd2:amd64 (1:5.10.1+dfsg-4build1) ...
Setting up libwayland-cursor0:amd64 (1.20.0-1ubuntu0.1) ...
Setting up libxcb-randr0:amd64 (1.14-3ubuntu3) ...
Setting up cpp (4:11.2.0-1ubuntu1) ...
Setting up libsratom-0-0:amd64 (0.6.8-1) ...
Setting up libllvm15:amd64 (1:15.0.7-0ubuntu0.22.04.3) ...
Setting up libhdf5-cpp-103-1:amd64 (1.10.7+repack-4ubuntu2) ...
Setting up libkadm5srv-mit12:amd64 (1.19.2-2ubuntu0.10) ...
Setting up libdecor-0-0:amd64 (0.1.0-3build1) ...
Setting up ros-humble-controller-interface (2.54.2-1jammy.20260908.114559) ...
Setting up libx11-6:amd64 (2:1.7.5-1ubuntu0.3) ...
Setting up libharfbuzz0b:amd64 (2.7.4-1ubuntu3.2) ...
Setting up ros-humble-rviz-assimp-vendor (11.2.29-1jammy.20260907.175825) ...
Setting up libtiff5:amd64 (4.3.0-6ubuntu0.13) ...
Setting up libsndfile1:amd64 (1.0.31-2ubuntu0.2) ...
Setting up ros-humble-generate-parameter-library-py (0.7.6-1jammy.20260810.134224) ...
Setting up libdart6.12:amd64 (6.12.1+dfsg4-11build2) ...
Setting up ros-humble-transmission-interface (2.54.2-1jammy.20260908.114558) ...
Setting up libjpeg8-dev:amd64 (8c-2ubuntu10) ...
Setting up libboost-locale1.74.0:amd64 (1.74.0-14ubuntu3) ...
Setting up libsuperlu-dev:amd64 (5.3.0+dfsg1-2) ...
Setting up libqt5test5:amd64 (5.15.3+dfsg-2ubuntu0.2) ...
Setting up libdart-collision-bullet6.12:amd64 (6.12.1+dfsg4-11build2) ...
Setting up libomp-14-dev (1:14.0.0-1ubuntu1.1) ...
Setting up libxcomposite1:amd64 (1:0.4.5-1build2) ...
Setting up libsm6:amd64 (2:1.2.3-1build2) ...
Setting up liblilv-0-0:amd64 (0.24.12-2) ...
Setting up ros-humble-iceoryx-hoofs (2.0.5-1jammy.20260226.011054) ...
Setting up libgoogle-glog0v5 (0.5.0+really0.4.0-2) ...
Setting up libqt5concurrent5:amd64 (5.15.3+dfsg-2ubuntu0.2) ...
Setting up libopenmpt0:amd64 (0.6.1-1) ...
Setting up unixodbc-dev:amd64 (2.3.9-5ubuntu0.1) ...
Setting up libavahi-client3:amd64 (0.8-5ubuntu5.5) ...
Setting up libmount-dev:amd64 (2.37.2-4ubuntu3.6) ...
Setting up libcholmod3:amd64 (1:5.10.1+dfsg-4build1) ...
Setting up libxmuu1:amd64 (2:1.1.3-3) ...
Setting up libgstreamer1.0-0:amd64 (1.20.3-0ubuntu1.1) ...
Setcap worked! gst-ptp-helper is not suid!
Setting up libboost-type-erasure1.74.0:amd64 (1.74.0-14ubuntu3) ...
Setting up libomp-dev:amd64 (1:14.0-55~exp2) ...
Setting up libtiffxx5:amd64 (4.3.0-6ubuntu0.13) ...
Setting up libspnav0 (0.2.3-1) ...
Setting up binutils-x86-64-linux-gnu (2.38-4ubuntu2.12) ...
Setting up libdrm-amdgpu1:amd64 (2.4.113-2~ubuntu0.22.04.1) ...
Setting up libhdf5-hl-100:amd64 (1.10.7+repack-4ubuntu2) ...
Setting up krb5-multidev:amd64 (1.19.2-2ubuntu0.10) ...
Setting up libopencv-calib3d4.5d:amd64 (4.5.4+dfsg-9ubuntu4) ...
Setting up libxcb-dri3-0:amd64 (1.14-3ubuntu3) ...
Setting up libinput10:amd64 (1.20.0-1ubuntu0.4) ...
Setting up libspqr2:amd64 (1:5.10.1+dfsg-4build1) ...
Setting up libx11-xcb1:amd64 (2:1.7.5-1ubuntu0.3) ...
Setting up libopencv-flann-dev:amd64 (4.5.4+dfsg-9ubuntu4) ...
Setting up libibverbs1:amd64 (39.0-1) ...
Setting up libperl5.34:amd64 (5.34.0-3ubuntu1.9) ...
Setting up libgdcm-dev (3.0.10-1build2) ...
Setting up libfreeimage3:amd64 (3.18.0+ds2-6ubuntu5.1) ...
Setting up libdrm-nouveau2:amd64 (2.4.113-2~ubuntu0.22.04.1) ...
Setting up libarpack2-dev:amd64 (3.8.0-1) ...
Setting up ros-humble-ignition-math6-vendor (0.0.2-2jammy.20260304.200852) ...
Setting up libopencv-ml-dev:amd64 (4.5.4+dfsg-9ubuntu4) ...
Setting up libxdamage1:amd64 (1:1.1.5-2build2) ...
Setting up libxpm4:amd64 (1:3.5.12-1ubuntu0.22.04.3) ...
Setting up libxrender1:amd64 (1:0.9.10-1build4) ...
Setting up libdc1394-dev:amd64 (2.2.6-4) ...
Setting up libgbm1:amd64 (23.2.1-1ubuntu3.1~22.04.4) ...
Setting up ibverbs-providers:amd64 (39.0-1) ...
Setting up libpulse0:amd64 (1:15.99.1+dfsg1-1ubuntu2.2) ...
Setting up ros-humble-urdfdom (3.0.2-2jammy.20260304.202852) ...
Setting up libgfortran-11-dev:amd64 (11.4.0-1ubuntu1~22.04.3) ...
Setting up libdrm-radeon1:amd64 (2.4.113-2~ubuntu0.22.04.1) ...
Setting up openssh-client (1:8.9p1-3ubuntu0.17) ...
update-alternatives: using /usr/bin/ssh to provide /usr/bin/rsh (rsh) in auto mode
update-alternatives: warning: skip creation of /usr/share/man/man1/rsh.1.gz because associated file /usr/share/man/man1/ssh.1.gz (of link group rsh) doesn't exist
update-alternatives: using /usr/bin/slogin to provide /usr/bin/rlogin (rlogin) in auto mode
update-alternatives: warning: skip creation of /usr/share/man/man1/rlogin.1.gz because associated file /usr/share/man/man1/slogin.1.gz (of link group rlogin) doesn't exist
update-alternatives: using /usr/bin/scp to provide /usr/bin/rcp (rcp) in auto mode
update-alternatives: warning: skip creation of /usr/share/man/man1/rcp.1.gz because associated file /usr/share/man/man1/scp.1.gz (of link group rcp) doesn't exist
Setting up ros-humble-yaml-cpp-vendor (8.0.2-1jammy.20260304.195332) ...
Setting up libdrm-intel1:amd64 (2.4.113-2~ubuntu0.22.04.1) ...
Setting up libgl1-mesa-dri:amd64 (23.2.1-1ubuntu3.1~22.04.4) ...
Setting up libheif1:amd64 (1.12.0-2build1) ...
Setting up libjpeg-dev:amd64 (8c-2ubuntu10) ...
Setting up python3-colcon-ros (0.5.0+upstream-1) ...
Setting up libsdformat9-dev:amd64 (9.7.0+ds-1) ...
Setting up libxext6:amd64 (2:1.3.4-1build1) ...
Setting up libnorm-dev:amd64 (1.5.9+dfsg-2) ...
Setting up dconf-service (0.40.0-3ubuntu0.1) ...
Setting up libopenal1:amd64 (1:1.19.1-2build3) ...
Setting up binutils (2.38-4ubuntu2.12) ...
Setting up libproj22:amd64 (8.2.1-1) ...
Setting up libignition-msgs5-dev:amd64 (5.8.1+ds-2) ...
Setting up libdw-dev:amd64 (0.186-1ubuntu0.1) ...
Setting up libqt5network5:amd64 (5.15.3+dfsg-2ubuntu0.2) ...
Setting up liblept5:amd64 (1.82.0-3build1) ...
Setting up libgeotiff5:amd64 (1.7.0-2build1) ...
Setting up libxxf86vm1:amd64 (1:1.1.4-1build3) ...
Setting up libfreetype-dev:amd64 (2.11.1+dfsg-1ubuntu0.3) ...
Setting up libxnvctrl0:amd64 (510.47.03-0ubuntu1.22.04.1) ...
Setting up libqt5sql5:amd64 (5.15.3+dfsg-2ubuntu0.2) ...
Setting up python3-colcon-notification (0.3.3+upstream-1) ...
Setting up libnl-route-3-dev:amd64 (3.5.0-0.1) ...
Setting up libkrb5-dev:amd64 (1.19.2-2ubuntu0.10) ...
Setting up libopencv-video4.5d:amd64 (4.5.4+dfsg-9ubuntu4) ...
Setting up perl (5.34.0-3ubuntu1.9) ...
Setting up libqt5xml5:amd64 (5.15.3+dfsg-2ubuntu0.2) ...
Setting up libegl-mesa0:amd64 (23.2.1-1ubuntu3.1~22.04.4) ...
Setting up libhdf5-hl-cpp-100:amd64 (1.10.7+repack-4ubuntu2) ...
Setting up python3-rosdep (0.27.0-1) ...
Setting up libdart-utils6.12:amd64 (6.12.1+dfsg4-11build2) ...
Setting up libumfpack5:amd64 (1:5.10.1+dfsg-4build1) ...
Setting up libwmf-0.2-7:amd64 (0.2.12-5ubuntu1) ...
Setting up libtiff-dev:amd64 (4.3.0-6ubuntu0.13) ...
Setting up libxfixes3:amd64 (1:6.0.0-1) ...
Setting up libopencv-imgproc-dev:amd64 (4.5.4+dfsg-9ubuntu4) ...
Setting up libopencv-dnn-dev:amd64 (4.5.4+dfsg-9ubuntu4) ...
Setting up python3-gi (3.42.1-0ubuntu1) ...
Setting up libx265-dev:amd64 (3.5-2) ...
Setting up libxinerama1:amd64 (2:1.1.4-3) ...
Setting up libopencv-objdetect4.5d:amd64 (4.5.4+dfsg-9ubuntu4) ...
Setting up libboost-numpy-dev (1.74.0.3ubuntu7) ...
Setting up libopencv-stitching4.5d:amd64 (4.5.4+dfsg-9ubuntu4) ...
Setting up libxv1:amd64 (2:1.0.11-1build2) ...
Setting up libproj-dev:amd64 (8.2.1-1) ...
Setting up libxrandr2:amd64 (2:1.5.2-1build1) ...
Setting up libhdf5-fortran-102:amd64 (1.10.7+repack-4ubuntu2) ...
Setting up libceres2 (2.0.0+dfsg1-5) ...
Setting up libgraphicsmagick-q16-3 (1.4+really1.3.38-1ubuntu0.1) ...
Setting up libxt6:amd64 (1:1.2.1-1) ...
Setting up ros-humble-camera-calibration-parsers (3.1.13-1jammy.20260907.222729) ...
Setting up libopencv-shape4.5d:amd64 (4.5.4+dfsg-9ubuntu4) ...
Setting up libdpkg-perl (1.21.1ubuntu2.6) ...
Setting up libtesseract4:amd64 (4.1.1-2.1build1) ...
Setting up autoconf (2.71-2) ...
Setting up libstdc++-11-dev:amd64 (11.4.0-1ubuntu1~22.04.3) ...
Setting up libcups2:amd64 (2.4.1op1-1ubuntu4.21) ...
Setting up ros-humble-urdf (2.6.1-1jammy.20260907.195837) ...
Setting up libnetcdf19:amd64 (1:4.8.1-1) ...
Setting up libopencv-video-dev:amd64 (4.5.4+dfsg-9ubuntu4) ...
Setting up ros-humble-joint-limits (2.54.2-1jammy.20260908.105711) ...
Setting up gcc-11 (11.4.0-1ubuntu1~22.04.3) ...
Setting up xauth (1:1.1-1build2) ...
Setting up libgraphics-magick-perl (1.4+really1.3.38-1ubuntu0.1) ...
Setting up libvdpau1:amd64 (1.4-3build2) ...
Setting up libegl1:amd64 (1.4.0-1) ...
Setting up libhdf5-hl-fortran-100:amd64 (1.10.7+repack-4ubuntu2) ...
Setting up libzmq3-dev:amd64 (4.3.4-2) ...
Setting up libgdk-pixbuf-2.0-0:amd64 (2.42.8+dfsg-1ubuntu0.5) ...
Setting up libgraphicsmagick++-q16-12 (1.4+really1.3.38-1ubuntu0.1) ...
Setting up ros-humble-iceoryx-posh (2.0.5-1jammy.20260226.011738) ...
Setting up libgoogle-glog-dev (0.5.0+really0.4.0-2) ...
Setting up libxss1:amd64 (1:1.2.3-1build2) ...
Setting up mesa-va-drivers:amd64 (23.2.1-1ubuntu3.1~22.04.4) ...
Setting up libignition-common3-graphics3:amd64 (3.14.0+dfsg-5) ...
Setting up libva-x11-2:amd64 (2.14.0-1) ...
Setting up libignition-fuel-tools4-dev:amd64 (4.4.0+ds-3build1) ...
Setting up i965-va-driver:amd64 (2.4.1+dfsg1-1) ...
Setting up libfreeimage-dev (3.18.0+ds2-6ubuntu5.1) ...
Setting up ros-humble-backward-ros (1.0.8-2jammy.20260226.010809) ...
Setting up automake (1:1.16.5-1.3) ...
update-alternatives: using /usr/bin/automake-1.16 to provide /usr/bin/automake (automake) in auto mode
update-alternatives: warning: skip creation of /usr/share/man/man1/automake.1.gz because associated file /usr/share/man/man1/automake-1.16.1.gz (of link group automake) doesn't exist
update-alternatives: warning: skip creation of /usr/share/man/man1/aclocal.1.gz because associated file /usr/share/man/man1/aclocal-1.16.1.gz (of link group automake) doesn't exist
Setting up libspatialite7:amd64 (5.0.1-2build2) ...
Setting up networkd-dispatcher (2.1-2ubuntu0.22.04.2) ...
Created symlink /etc/systemd/system/multi-user.target.wants/networkd-dispatcher.service → /lib/systemd/system/networkd-dispatcher.service.
Setting up libopencv-shape-dev:amd64 (4.5.4+dfsg-9ubuntu4) ...
Setting up libgl1-amber-dri:amd64 (21.3.9-0ubuntu1~22.04.2) ...
Setting up librdmacm1:amd64 (39.0-1) ...
Setting up mesa-vulkan-drivers:amd64 (23.2.1-1ubuntu3.1~22.04.4) ...
Setting up mesa-vdpau-drivers:amd64 (23.2.1-1ubuntu3.1~22.04.4) ...
Setting up gtk-update-icon-cache (3.24.33-1ubuntu2.2) ...
Setting up ros-humble-cyclonedds (0.10.5-2jammy.20260226.013234) ...
Setting up libucx0:amd64 (1.12.1~rc2-1) ...
Setting up libxmu6:amd64 (2:1.1.3-3) ...
Setting up libboost1.74-dev:amd64 (1.74.0-14ubuntu3) ...
Setting up libglx-mesa0:amd64 (23.2.1-1ubuntu3.1~22.04.4) ...
Setting up python3-colcon-common-extensions (0.3.0-100) ...
Setting up libqt5sql5-sqlite:amd64 (5.15.3+dfsg-2ubuntu0.2) ...
Setting up libxi6:amd64 (2:1.8-1build1) ...
Setting up libglx0:amd64 (1.4.0-1) ...
Setting up dconf-gsettings-backend:amd64 (0.40.0-3ubuntu0.1) ...
Setting up libsuitesparse-dev:amd64 (1:5.10.1+dfsg-4build1) ...
Setting up libtool (2.4.6-15build2) ...
Setting up libboost-container1.74-dev:amd64 (1.74.0-14ubuntu3) ...
Setting up libsphinxbase3:amd64 (0.8+5prealpha+1-13build1) ...
Setting up libfile-fcntllock-perl (0.22-3build7) ...
Setting up libgeotiff-dev:amd64 (1.7.0-2build1) ...
Setting up ros-humble-camera-info-manager (3.1.13-1jammy.20260907.223124) ...
Setting up ros-humble-rmw-cyclonedds-cpp (1.3.5-1jammy.20260907.205235) ...
Setting up libxtst6:amd64 (2:1.2.3-1build4) ...
Setting up libxcursor1:amd64 (1:1.2.0-2build4) ...
Setting up libopencv-photo-dev:amd64 (4.5.4+dfsg-9ubuntu4) ...
Setting up libboost-chrono1.74-dev:amd64 (1.74.0-14ubuntu3) ...
Setting up proj-bin (8.2.1-1) ...
Setting up libheif-dev:amd64 (1.12.0-2build1) ...
Setting up libboost-exception1.74-dev:amd64 (1.74.0-14ubuntu3) ...
Setting up libxaw7:amd64 (2:1.0.14-1) ...
Setting up libboost-exception-dev:amd64 (1.74.0.3ubuntu7) ...
Setting up libatspi2.0-0:amd64 (2.44.0-3) ...
Setting up libibverbs-dev:amd64 (39.0-1) ...
Setting up libhwloc-plugins:amd64 (2.7.0-2ubuntu1) ...
Setting up libboost-container-dev:amd64 (1.74.0.3ubuntu7) ...
Setting up libboost-python1.74-dev (1.74.0-14ubuntu3) ...
Setting up libavutil56:amd64 (7:4.4.2-0ubuntu0.22.04.1) ...
Setting up gcc (4:11.2.0-1ubuntu1) ...
Setting up libboost-python-dev (1.74.0.3ubuntu7) ...
Setting up libboost-program-options1.74-dev:amd64 (1.74.0-14ubuntu3) ...
Setting up liberror-perl (0.17029-1) ...
Setting up ros-humble-behaviortree-cpp-v3 (3.8.7-1jammy.20260908.003336) ...
Setting up libpocketsphinx3:amd64 (0.8.0+real5prealpha+1-14ubuntu1) ...
Setting up libatk-bridge2.0-0:amd64 (2.38.0-3) ...
Setting up libltdl-dev:amd64 (2.4.6-15build2) ...
Setting up qtbase5-dev-tools (5.15.3+dfsg-2ubuntu0.2) ...
Setting up libgl1:amd64 (1.4.0-1) ...
Setting up libboost-program-options-dev:amd64 (1.74.0.3ubuntu7) ...
Setting up va-driver-all:amd64 (2.14.0-1) ...
Setting up libboost-system1.74-dev:amd64 (1.74.0-14ubuntu3) ...
Setting up libogre-1.9.0v5:amd64 (1.9.0+dfsg1-12.1ubuntu1) ...
Setting up libhdf5-dev (1.10.7+repack-4ubuntu2) ...
update-alternatives: using /usr/lib/x86_64-linux-gnu/pkgconfig/hdf5-serial.pc to provide /usr/lib/x86_64-linux-gnu/pkgconfig/hdf5.pc (hdf5.pc) in auto mode
Setting up libboost-random1.74-dev:amd64 (1.74.0-14ubuntu3) ...
Setting up libboost-timer1.74-dev:amd64 (1.74.0-14ubuntu3) ...
Setting up libpostproc55:amd64 (7:4.4.2-0ubuntu0.22.04.1) ...
Setting up pkg-config (0.29.2-1ubuntu3) ...
Setting up libignition-transport8-dev:amd64 (8.2.1+ds-2) ...
Setting up libnetcdf-dev (1:4.8.1-1) ...
Setting up git (1:2.34.1-1ubuntu1.17) ...
Setting up libspatialite-dev:amd64 (5.0.1-2build2) ...
Setting up libglew2.2:amd64 (2.2.0-4) ...
Setting up gfortran-11 (11.4.0-1ubuntu1~22.04.3) ...
Setting up libboost-serialization1.74-dev:amd64 (1.74.0-14ubuntu3) ...
Setting up libboost-atomic1.74-dev:amd64 (1.74.0-14ubuntu3) ...
Setting up libboost-atomic-dev:amd64 (1.74.0.3ubuntu7) ...
Setting up vdpau-driver-all:amd64 (1.4-3build2) ...
Setting up libboost-regex1.74-dev:amd64 (1.74.0-14ubuntu3) ...
Setting up libgdk-pixbuf2.0-bin (2.42.8+dfsg-1ubuntu0.5) ...
Setting up libswscale5:amd64 (7:4.4.2-0ubuntu0.22.04.1) ...
Setting up libhwloc-dev:amd64 (2.7.0-2ubuntu1) ...
Setting up libboost-dev:amd64 (1.74.0.3ubuntu7) ...
Setting up libboost-math1.74-dev:amd64 (1.74.0-14ubuntu3) ...
Setting up libboost-filesystem1.74-dev:amd64 (1.74.0-14ubuntu3) ...
Setting up libsdl2-2.0-0:amd64 (2.0.20+dfsg-2ubuntu1.22.04.1) ...
Setting up libboost-stacktrace1.74-dev:amd64 (1.74.0-14ubuntu3) ...
Setting up libboost-test1.74-dev:amd64 (1.74.0-14ubuntu3) ...
Setting up libboost-regex-dev:amd64 (1.74.0.3ubuntu7) ...
Setting up libboost-timer-dev:amd64 (1.74.0.3ubuntu7) ...
Setting up libboost-filesystem-dev:amd64 (1.74.0.3ubuntu7) ...
Setting up ros-humble-libcurl-vendor (3.1.3-1jammy.20260304.090502) ...
Setting up libgtk-3-common (3.24.33-1ubuntu2.2) ...
Setting up libavutil-dev:amd64 (7:4.4.2-0ubuntu0.22.04.1) ...
Setting up ros-humble-filters (2.2.2-1jammy.20260907.223102) ...
Setting up gsettings-desktop-schemas (42.0-1ubuntu1) ...
Setting up libkml-dev:amd64 (1.3.0-9) ...
Setting up libfabric1:amd64 (1.11.0-3) ...
Setting up freeglut3:amd64 (2.8.1-6) ...
Setting up libboost-wave1.74-dev:amd64 (1.74.0-14ubuntu3) ...
Setting up libpmix2:amd64 (4.1.2-2ubuntu1) ...
Setting up libboost-chrono-dev:amd64 (1.74.0.3ubuntu7) ...
Setting up libboost-math-dev:amd64 (1.74.0.3ubuntu7) ...
Setting up libopenmpi3:amd64 (4.1.2-2ubuntu1) ...
Setting up libpostproc-dev:amd64 (7:4.4.2-0ubuntu0.22.04.1) ...
Setting up libboost-system-dev:amd64 (1.74.0.3ubuntu7) ...
Setting up libboost-mpi1.74.0 (1.74.0-14ubuntu3) ...
Setting up ros-humble-resource-retriever (3.1.3-1jammy.20260907.192241) ...
Setting up libboost-random-dev:amd64 (1.74.0.3ubuntu7) ...
Setting up libboost-wave-dev:amd64 (1.74.0.3ubuntu7) ...
Setting up libswresample3:amd64 (7:4.4.2-0ubuntu0.22.04.1) ...
Setting up gfortran (4:11.2.0-1ubuntu1) ...
update-alternatives: using /usr/bin/gfortran to provide /usr/bin/f95 (f95) in auto mode
update-alternatives: warning: skip creation of /usr/share/man/man1/f95.1.gz because associated file /usr/share/man/man1/gfortran.1.gz (of link group f95) doesn't exist
update-alternatives: using /usr/bin/gfortran to provide /usr/bin/f77 (f77) in auto mode
update-alternatives: warning: skip creation of /usr/share/man/man1/f77.1.gz because associated file /usr/share/man/man1/gfortran.1.gz (of link group f77) doesn't exist
Setting up libgl2ps1.4 (1.4.2+dfsg1-2) ...
Setting up libboost-test-dev:amd64 (1.74.0.3ubuntu7) ...
Setting up libarmadillo-dev (1:10.8.2+dfsg-1) ...
Setting up libboost-iostreams1.74-dev:amd64 (1.74.0-14ubuntu3) ...
Setting up libboost-date-time1.74-dev:amd64 (1.74.0-14ubuntu3) ...
Setting up libcaf-openmpi-3:amd64 (2.9.2-3) ...
Setting up libglib2.0-dev:amd64 (2.72.4-0ubuntu2.10) ...
Setting up libboost-graph1.74-dev:amd64 (1.74.0-14ubuntu3) ...
Setting up libswscale-dev:amd64 (7:4.4.2-0ubuntu0.22.04.1) ...
Setting up libhdf4-alt-dev (4.2.15-4) ...
Setting up libgts-dev:amd64 (0.7.6+darcs121130-5) ...
Setting up libeigen3-dev (3.4.0-2ubuntu2) ...
Setting up libboost-serialization-dev:amd64 (1.74.0.3ubuntu7) ...
Setting up libceres-dev (2.0.0+dfsg1-5) ...
Setting up libboost-date-time-dev:amd64 (1.74.0.3ubuntu7) ...
Setting up ros-humble-kinematics-interface (0.4.2-1jammy.20260908.011512) ...
Setting up libsimbody3.6:amd64 (3.6.1+dfsg-7build1) ...
Setting up at-spi2-core (2.44.0-3) ...
Setting up libboost-stacktrace-dev:amd64 (1.74.0.3ubuntu7) ...
Setting up ros-humble-realtime-tools (2.15.1-1jammy.20260907.224545) ...
Setting up libboost-thread1.74-dev:amd64 (1.74.0-14ubuntu3) ...
Setting up ros-humble-laser-geometry (2.4.1-1jammy.20260908.001823) ...
Setting up ros-humble-diff-drive-controller (2.54.0-1jammy.20260908.123225) ...
Setting up libboost-graph-parallel1.74.0 (1.74.0-14ubuntu3) ...
Setting up ros-humble-tf2-eigen (0.25.23-1jammy.20260908.011649) ...
Setting up libpmix-dev:amd64 (4.1.2-2ubuntu1) ...
Setting up openmpi-bin (4.1.2-2ubuntu1) ...
update-alternatives: using /usr/bin/mpirun.openmpi to provide /usr/bin/mpirun (mpirun) in auto mode
update-alternatives: warning: skip creation of /usr/share/man/man1/mpirun.1.gz because associated file /usr/share/man/man1/mpirun.openmpi.1.gz (of link group mpirun) doesn't exist
update-alternatives: warning: skip creation of /usr/share/man/man1/mpiexec.1.gz because associated file /usr/share/man/man1/mpiexec.openmpi.1.gz (of link group mpirun) doesn't exist
update-alternatives: using /usr/bin/mpicc.openmpi to provide /usr/bin/mpicc (mpi) in auto mode
update-alternatives: warning: skip creation of /usr/share/man/man1/mpicc.1.gz because associated file /usr/share/man/man1/mpicc.openmpi.1.gz (of link group mpi) doesn't exist
update-alternatives: warning: skip creation of /usr/share/man/man1/mpic++.1.gz because associated file /usr/share/man/man1/mpic++.openmpi.1.gz (of link group mpi) doesn't exist
update-alternatives: warning: skip creation of /usr/share/man/man1/mpicxx.1.gz because associated file /usr/share/man/man1/mpicxx.openmpi.1.gz (of link group mpi) doesn't exist
update-alternatives: warning: skip creation of /usr/share/man/man1/mpiCC.1.gz because associated file /usr/share/man/man1/mpiCC.openmpi.1.gz (of link group mpi) doesn't exist
update-alternatives: warning: skip creation of /usr/share/man/man1/mpif77.1.gz because associated file /usr/share/man/man1/mpif77.openmpi.1.gz (of link group mpi) doesn't exist
update-alternatives: warning: skip creation of /usr/share/man/man1/mpif90.1.gz because associated file /usr/share/man/man1/mpif90.openmpi.1.gz (of link group mpi) doesn't exist
update-alternatives: warning: skip creation of /usr/share/man/man1/mpifort.1.gz because associated file /usr/share/man/man1/mpifort.openmpi.1.gz (of link group mpi) doesn't exist
Setting up libboost-thread-dev:amd64 (1.74.0.3ubuntu7) ...
Setting up libhdf5-openmpi-103-1:amd64 (1.10.7+repack-4ubuntu2) ...
Setting up libignition-common3-graphics-dev:amd64 (3.14.0+dfsg-5) ...
Setting up libogre-1.9-dev (1.9.0+dfsg1-12.1ubuntu1) ...
Setting up libboost-graph-dev:amd64 (1.74.0.3ubuntu7) ...
Setting up libboost-log1.74-dev (1.74.0-14ubuntu3) ...
Setting up liborocos-kdl-dev:amd64 (1.5.1-2build1) ...
Setting up libswresample-dev:amd64 (7:4.4.2-0ubuntu0.22.04.1) ...
Setting up libcoarrays-dev:amd64 (2.9.2-3) ...
Setting up ros-humble-tf2-sensor-msgs (0.25.23-1jammy.20260907.225802) ...
Setting up ros-humble-orocos-kdl-vendor (0.2.5-1jammy.20260304.201339) ...
Setting up mpi-default-bin (1.14) ...
Setting up ros-humble-kdl-parser (2.6.4-1jammy.20260907.200213) ...
Setting up libboost-iostreams-dev:amd64 (1.74.0.3ubuntu7) ...
Setting up libcoarrays-openmpi-dev:amd64 (2.9.2-3) ...
update-alternatives: using /usr/lib/x86_64-linux-gnu/open-coarrays/openmpi/bin/caf to provide /usr/bin/caf.openmpi (caf-openmpi) in auto mode
update-alternatives: using /usr/bin/caf.openmpi to provide /usr/bin/caf (caf) in auto mode
Setting up ros-humble-rsl (1.3.0-1jammy.20260907.222817) ...
Setting up libboost-context1.74-dev:amd64 (1.74.0-14ubuntu3) ...
Setting up ros-humble-tricycle-controller (2.54.0-1jammy.20260908.124205) ...
Setting up libfcl-dev:amd64 (0.7.0-3) ...
Setting up ros-humble-robot-state-publisher (3.0.3-2jammy.20260907.225951) ...
Setting up libboost-fiber1.74-dev:amd64 (1.74.0-14ubuntu3) ...
Setting up libboost-type-erasure1.74-dev:amd64 (1.74.0-14ubuntu3) ...
Setting up libhdf5-openmpi-fortran-102:amd64 (1.10.7+repack-4ubuntu2) ...
Setting up ros-humble-python-orocos-kdl-vendor (0.2.5-1jammy.20260304.202632) ...
Setting up libboost-locale1.74-dev:amd64 (1.74.0-14ubuntu3) ...
Setting up libboost-graph-parallel1.74-dev (1.74.0-14ubuntu3) ...
Setting up ros-humble-parameter-traits (0.7.6-1jammy.20260908.004149) ...
Setting up libhdf5-openmpi-hl-100:amd64 (1.10.7+repack-4ubuntu2) ...
Setting up libboost-coroutine1.74-dev:amd64 (1.74.0-14ubuntu3) ...
Setting up libboost-coroutine-dev:amd64 (1.74.0.3ubuntu7) ...
Setting up libopenmpi-dev:amd64 (4.1.2-2ubuntu1) ...
update-alternatives: using /usr/lib/x86_64-linux-gnu/openmpi/include to provide /usr/include/x86_64-linux-gnu/mpi (mpi-x86_64-linux-gnu) in auto mode
Setting up libhdf5-openmpi-cpp-103-1:amd64 (1.10.7+repack-4ubuntu2) ...
Setting up libboost-log-dev (1.74.0.3ubuntu7) ...
Setting up libhdf5-openmpi-hl-cpp-100:amd64 (1.10.7+repack-4ubuntu2) ...
Setting up libboost-fiber-dev:amd64 (1.74.0.3ubuntu7) ...
Setting up ros-humble-tf2-geometry-msgs (0.25.23-1jammy.20260907.225741) ...
Setting up libhdf5-openmpi-hl-fortran-100:amd64 (1.10.7+repack-4ubuntu2) ...
Setting up ros-humble-generate-parameter-library (0.7.6-1jammy.20260908.010843) ...
Setting up libboost-mpi-python1.74.0 (1.74.0-14ubuntu3) ...
Setting up ros-humble-control-toolbox (3.7.1-1jammy.20260908.011335) ...
Setting up ros-humble-gpio-controllers (2.54.0-1jammy.20260908.124227) ...
Setting up ros-humble-joint-trajectory-controller (2.54.0-1jammy.20260908.124006) ...
Setting up ros-humble-joint-state-broadcaster (2.54.0-1jammy.20260908.124005) ...
Setting up ros-humble-range-sensor-broadcaster (2.54.0-1jammy.20260908.124021) ...
Setting up libboost-locale-dev:amd64 (1.74.0.3ubuntu7) ...
Setting up ros-humble-gripper-controllers (2.54.0-1jammy.20260908.123950) ...
Setting up ros-humble-tf2-kdl (0.25.23-1jammy.20260907.225815) ...
Setting up ros-humble-nav2-util (1.1.20-1jammy.20260907.235813) ...
Setting up libboost-context-dev:amd64 (1.74.0.3ubuntu7) ...
Setting up libboost-type-erasure-dev:amd64 (1.74.0.3ubuntu7) ...
Setting up ros-humble-steering-controllers-library (2.54.0-1jammy.20260908.124125) ...
Setting up ros-humble-nav2-lifecycle-manager (1.1.20-1jammy.20260908.000824) ...
Setting up ros-humble-forward-command-controller (2.54.0-1jammy.20260908.123229) ...
Setting up ros-humble-force-torque-sensor-broadcaster (2.54.0-1jammy.20260908.123436) ...
Setting up ros-humble-admittance-controller (2.54.0-1jammy.20260908.123141) ...
Setting up ros-humble-nav2-costmap-2d (1.1.20-1jammy.20260908.002855) ...
Setting up ros-humble-pose-broadcaster (2.54.0-1jammy.20260908.124054) ...
Setting up ros-humble-costmap-queue (1.1.20-1jammy.20260908.011000) ...
Setting up libboost-graph-parallel-dev (1.74.0.3ubuntu7) ...
Setting up ros-humble-pid-controller (2.54.0-1jammy.20260908.124035) ...
Setting up ros-humble-ackermann-steering-controller (2.54.0-1jammy.20260908.124735) ...
Setting up mpi-default-dev (1.14) ...
Setting up ros-humble-position-controllers (2.54.0-1jammy.20260908.123934) ...
Setting up ros-humble-mecanum-drive-controller (2.54.0-1jammy.20260908.124011) ...
Setting up ros-humble-tricycle-steering-controller (2.54.0-1jammy.20260908.124912) ...
Setting up ros-humble-interactive-markers (2.3.2-2jammy.20260907.230230) ...
Setting up ros-humble-imu-sensor-broadcaster (2.54.0-1jammy.20260908.123955) ...
Setting up ros-humble-bicycle-steering-controller (2.54.0-1jammy.20260908.124832) ...
Setting up ros-humble-controller-manager (2.54.2-1jammy.20260908.115549) ...
Setting up libhdf5-openmpi-dev (1.10.7+repack-4ubuntu2) ...
update-alternatives: using /usr/bin/h5pcc.openmpi to provide /usr/bin/h5pcc (h5pcc) in auto mode
update-alternatives: warning: skip creation of /usr/share/man/man1/h5pcc.1.gz because associated file /usr/share/man/man1/h5pcc.openmpi.1.gz (of link group h5pcc) doesn't exist
update-alternatives: warning: skip creation of /usr/share/man/man1/h5pfc.1.gz because associated file /usr/share/man/man1/h5pfc.openmpi.1.gz (of link group h5pcc) doesn't exist
update-alternatives: using /usr/lib/x86_64-linux-gnu/pkgconfig/hdf5-openmpi.pc to provide /usr/lib/x86_64-linux-gnu/pkgconfig/hdf5.pc (hdf5.pc) in auto mode
update-alternatives: updating alternative /usr/bin/mpicc.openmpi because link group mpi has changed slave links
update-alternatives: warning: skip creation of /usr/share/man/man1/mpiCC.1.gz because associated file /usr/share/man/man1/mpiCC.openmpi.1.gz (of link group mpi) doesn't exist
update-alternatives: warning: skip creation of /usr/share/man/man1/mpic++.1.gz because associated file /usr/share/man/man1/mpic++.openmpi.1.gz (of link group mpi) doesn't exist
update-alternatives: warning: skip creation of /usr/share/man/man1/mpicc.1.gz because associated file /usr/share/man/man1/mpicc.openmpi.1.gz (of link group mpi) doesn't exist
update-alternatives: warning: skip creation of /usr/share/man/man1/mpicxx.1.gz because associated file /usr/share/man/man1/mpicxx.openmpi.1.gz (of link group mpi) doesn't exist
update-alternatives: warning: skip creation of /usr/share/man/man1/mpif77.1.gz because associated file /usr/share/man/man1/mpif77.openmpi.1.gz (of link group mpi) doesn't exist
update-alternatives: warning: skip creation of /usr/share/man/man1/mpif90.1.gz because associated file /usr/share/man/man1/mpif90.openmpi.1.gz (of link group mpi) doesn't exist
update-alternatives: warning: skip creation of /usr/share/man/man1/mpifort.1.gz because associated file /usr/share/man/man1/mpifort.openmpi.1.gz (of link group mpi) doesn't exist
update-alternatives: using /usr/lib/x86_64-linux-gnu/pkgconfig/hdf5-mpi.pc to provide /usr/lib/x86_64-linux-gnu/pkgconfig/hdf5.pc (hdf5.pc) in auto mode
Setting up ros-humble-nav-2d-utils (1.1.20-1jammy.20260908.000907) ...
Setting up ros-humble-nav2-collision-monitor (1.1.20-1jammy.20260908.010715) ...
Setting up ros-humble-velocity-controllers (2.54.0-1jammy.20260908.123938) ...
Setting up ros-humble-nav2-core (1.1.20-1jammy.20260908.004903) ...
Setting up ros-humble-nav2-velocity-smoother (1.1.20-1jammy.20260908.000910) ...
Setting up ros-humble-nav2-theta-star-planner (1.1.20-1jammy.20260908.005548) ...
Setting up libboost-mpi1.74-dev (1.74.0-14ubuntu3) ...
Setting up ros-humble-nav2-behavior-tree (1.1.20-1jammy.20260908.004120) ...
Setting up ros-humble-nav2-planner (1.1.20-1jammy.20260908.005526) ...
Setting up ros-humble-nav2-bt-navigator (1.1.20-1jammy.20260908.011944) ...
Setting up ros-humble-nav2-regulated-pure-pursuit-controller (1.1.20-1jammy.20260908.005527) ...
Setting up libboost-mpi-python1.74-dev (1.74.0-14ubuntu3) ...
Setting up ros-humble-nav2-controller (1.1.20-1jammy.20260908.005456) ...
Setting up ros-humble-nav2-amcl (1.1.20-1jammy.20260908.000809) ...
Setting up ros-humble-effort-controllers (2.54.0-1jammy.20260908.123937) ...
Setting up ros-humble-nav2-smoother (1.1.20-1jammy.20260908.005556) ...
Setting up ros-humble-dwb-core (1.1.20-1jammy.20260908.005222) ...
Setting up ros-humble-dwb-critics (1.1.20-1jammy.20260908.011533) ...
Setting up ros-humble-nav2-mppi-controller (1.1.20-1jammy.20260908.012051) ...
Setting up libboost-mpi-python-dev (1.74.0.3ubuntu7) ...
Setting up libboost-mpi-dev (1.74.0.3ubuntu7) ...
Setting up libhdf5-mpi-dev (1.10.7+repack-4ubuntu2) ...
Setting up ros-humble-nav2-route (1.1.20-1jammy.20260908.005219) ...
Setting up ros-humble-nav2-behaviors (1.1.20-1jammy.20260908.011930) ...
Setting up libboost-all-dev (1.74.0.3ubuntu7) ...
Setting up ros-humble-nav2-constrained-smoother (1.1.20-1jammy.20260908.005501) ...
Setting up ros-humble-dwb-plugins (1.1.20-1jammy.20260908.005659) ...
Setting up ros-humble-nav2-navfn-planner (1.1.20-1jammy.20260908.005505) ...
Setting up ros-humble-nav2-rotation-shim-controller (1.1.20-1jammy.20260908.010304) ...
Setting up ros-humble-ros2-controllers (2.54.0-1jammy.20260909.011001) ...
Setting up libflann-dev:amd64 (1.9.1+dfsg-11) ...
Setting up ros-humble-nav2-dwb-controller (1.1.20-1jammy.20260908.012626) ...
Setting up ros-humble-ompl (1.7.0-4jammy.20260226.011457) ...
Setting up ros-humble-nav2-smac-planner (1.1.20-1jammy.20260908.005553) ...
Setting up adwaita-icon-theme (41.0-1ubuntu1) ...
update-alternatives: using /usr/share/icons/Adwaita/cursor.theme to provide /usr/share/icons/default/index.theme (x-cursor-theme) in auto mode
Setting up libdart-external-convhull-3d-dev:amd64 (6.12.1+dfsg4-11build2) ...
Setting up humanity-icon-theme (0.6.16) ...
Setting up libdart-dev:amd64 (6.12.1+dfsg4-11build2) ...
Setting up ubuntu-mono (20.10-0ubuntu2) ...
Processing triggers for sgml-base (1.30) ...
Setting up libfontconfig1:amd64 (2.13.1-4.2ubuntu5) ...
Setting up libbluray2:amd64 (1:1.3.1-1) ...
Setting up x11proto-dev (2021.5-1) ...
Setting up fontconfig (2.13.1-4.2ubuntu5) ...
Regenerating fonts cache... done.
Setting up libxft2:amd64 (2.3.4-1) ...
Setting up libxau-dev:amd64 (1:1.0.9-1build5) ...
Setting up libgs9:amd64 (9.55.0~dfsg1-0ubuntu5.14) ...
Setting up libice-dev:amd64 (2:1.0.10-1build2) ...
Setting up libsm-dev:amd64 (2:1.2.3-1build2) ...
Setting up libtk8.6:amd64 (8.6.12-1build1) ...
Processing triggers for libc-bin (2.35-0ubuntu3.14) ...
Setting up libpango-1.0-0:amd64 (1.50.6+ds-2ubuntu1) ...
Setting up libqt5gui5:amd64 (5.15.3+dfsg-2ubuntu0.2) ...
Setting up libgstreamer-plugins-base1.0-0:amd64 (1.20.1-1ubuntu0.7) ...
Setting up libqt5widgets5:amd64 (5.15.3+dfsg-2ubuntu0.2) ...
Setting up ghostscript (9.55.0~dfsg1-0ubuntu5.14) ...
Setting up libcairo2:amd64 (1.16.0-5ubuntu2.1) ...
Setting up libpoppler118:amd64 (22.02.0-2ubuntu0.13) ...
Setting up libqt5printsupport5:amd64 (5.15.3+dfsg-2ubuntu0.2) ...
Setting up libxdmcp-dev:amd64 (1:1.1.3-0ubuntu5) ...
Setting up libass9:amd64 (1:0.15.2-1) ...
Setting up libgdal30 (3.4.1+dfsg-1build4) ...
Setting up x11proto-core-dev (2021.5-1) ...
Setting up libgd3:amd64 (2.3.0-2ubuntu2.3) ...
Setting up libqt5opengl5:amd64 (5.15.3+dfsg-2ubuntu0.2) ...
Setting up libtheora0:amd64 (1.1.1+dfsg.1-15ubuntu4) ...
Setting up libcairo-gobject2:amd64 (1.16.0-5ubuntu2.1) ...
Setting up libpangoft2-1.0-0:amd64 (1.50.6+ds-2ubuntu1) ...
Setting up libqtpropertybrowser5 (5.0.2-3) ...
Setting up libpangocairo-1.0-0:amd64 (1.50.6+ds-2ubuntu1) ...
Setting up libpoppler-dev:amd64 (22.02.0-2ubuntu0.13) ...
Setting up libopencv-imgcodecs4.5d:amd64 (4.5.4+dfsg-9ubuntu4) ...
Setting up libxcb1-dev:amd64 (1.14-3ubuntu3) ...
Setting up libqt5designer5:amd64 (5.15.3-1) ...
Setting up libgtk-3-0:amd64 (3.24.33-1ubuntu2.2) ...
Setting up libpoppler-private-dev:amd64 (22.02.0-2ubuntu0.13) ...
Setting up libqt5svg5:amd64 (5.15.3-1) ...
Setting up libx11-dev:amd64 (2:1.7.5-1ubuntu0.3) ...
Setting up libgtk-3-bin (3.24.33-1ubuntu2.2) ...
Setting up libqwt-qt5-6 (6.1.4-2) ...
Setting up libopencv-imgcodecs-dev:amd64 (4.5.4+dfsg-9ubuntu4) ...
Setting up qt5-gtk-platformtheme:amd64 (5.15.3+dfsg-2ubuntu0.2) ...
Setting up notification-daemon (3.20.0-4build1) ...
Setting up librsvg2-2:amd64 (2.52.5+dfsg-3ubuntu0.2) ...
Setting up libxfixes-dev:amd64 (1:6.0.0-1) ...
Setting up libvtk9.1:amd64 (9.1.0+really9.1.0+dfsg2-3build1) ...
Setting up libwmf-dev (0.2.12-5ubuntu1) ...
Setting up libgphoto2-6:amd64 (2.5.27-1ubuntu0.1) ...
Setting up gstreamer1.0-plugins-base:amd64 (1.20.1-1ubuntu0.7) ...
Setting up libxt-dev:amd64 (1:1.2.1-1) ...
Setting up libxpm-dev:amd64 (1:3.5.12-1ubuntu0.22.04.3) ...
Setting up libgvc6 (2.42.2-6ubuntu0.1) ...
Setting up libdecor-0-plugin-1-cairo:amd64 (0.1.0-3build1) ...
Setting up libgdal-dev (3.4.1+dfsg-1build4) ...
Setting up librsvg2-common:amd64 (2.52.5+dfsg-3ubuntu0.2) ...
Setting up libopencv-highgui4.5d:amd64 (4.5.4+dfsg-9ubuntu4) ...
Setting up libxext-dev:amd64 (2:1.3.4-1build1) ...
Setting up libopencv-viz4.5d:amd64 (4.5.4+dfsg-9ubuntu4) ...
Setting up libglx-dev:amd64 (1.4.0-1) ...
Setting up libavcodec58:amd64 (7:4.4.2-0ubuntu0.22.04.1) ...
Setting up libxi-dev:amd64 (2:1.8-1build1) ...
Setting up libxrender-dev:amd64 (1:0.9.10-1build4) ...
Setting up libgl-dev:amd64 (1.4.0-1) ...
Setting up libgraphicsmagick1-dev (1.4+really1.3.38-1ubuntu0.1) ...
Setting up libchromaprint1:amd64 (1.5.1-2) ...
Setting up graphviz (2.42.2-6ubuntu0.1) ...
Setting up libqwt-qt5-dev (6.1.4-2) ...
Setting up libxmu-headers (2:1.1.3-3) ...
Setting up python3-graphviz (0.14.2-1) ...
Setting up libegl-dev:amd64 (1.4.0-1) ...
Setting up libgphoto2-dev:amd64 (2.5.27-1ubuntu0.1) ...
Setting up libavformat58:amd64 (7:4.4.2-0ubuntu0.22.04.1) ...
Setting up libavcodec-dev:amd64 (7:4.4.2-0ubuntu0.22.04.1) ...
Setting up libgraphicsmagick++1-dev (1.4+really1.3.38-1ubuntu0.1) ...
Setting up libavformat-dev:amd64 (7:4.4.2-0ubuntu0.22.04.1) ...
Setting up libopencv-contrib4.5d:amd64 (4.5.4+dfsg-9ubuntu4) ...
Setting up libxmu-dev:amd64 (2:1.1.3-3) ...
Setting up libxrandr-dev:amd64 (2:1.5.2-1build1) ...
Setting up libglu1-mesa-dev:amd64 (9.0.2-1) ...
Setting up libignition-common3-av3:amd64 (3.14.0+dfsg-5) ...
Setting up ros-humble-ros2controlcli (2.54.2-1jammy.20260908.123116) ...
Setting up libopencv-viz-dev:amd64 (4.5.4+dfsg-9ubuntu4) ...
Setting up qtbase5-dev:amd64 (5.15.3+dfsg-2ubuntu0.2) ...
Setting up libavfilter7:amd64 (7:4.4.2-0ubuntu0.22.04.1) ...
Setting up libxaw7-dev:amd64 (2:1.0.14-1) ...
Setting up libgles-dev:amd64 (1.4.0-1) ...
Setting up ros-humble-ros2-control (2.54.2-1jammy.20260908.123937) ...
Setting up graphicsmagick-libmagick-dev-compat (1.4+really1.3.38-1ubuntu0.1) ...
Setting up libqt5opengl5-dev:amd64 (5.15.3+dfsg-2ubuntu0.2) ...
Setting up libopencv-videoio4.5d:amd64 (4.5.4+dfsg-9ubuntu4) ...
Setting up libavfilter-dev:amd64 (7:4.4.2-0ubuntu0.22.04.1) ...
Setting up libglvnd-dev:amd64 (1.4.0-1) ...
Setting up libglew-dev:amd64 (2.2.0-4) ...
Setting up libopencv-superres4.5d:amd64 (4.5.4+dfsg-9ubuntu4) ...
Setting up libavdevice58:amd64 (7:4.4.2-0ubuntu0.22.04.1) ...
Setting up ros-humble-nav2-map-server (1.1.20-1jammy.20260908.000810) ...
Setting up libgl1-mesa-dev:amd64 (23.2.1-1ubuntu3.1~22.04.4) ...
Setting up ros-humble-rviz-ogre-vendor (11.2.29-1jammy.20260907.175630) ...
Setting up libopencv-videoio-dev:amd64 (4.5.4+dfsg-9ubuntu4) ...
Setting up python3-opencv:amd64 (4.5.4+dfsg-9ubuntu4) ...
Setting up libavdevice-dev:amd64 (7:4.4.2-0ubuntu0.22.04.1) ...
Setting up libopencv-videostab4.5d:amd64 (4.5.4+dfsg-9ubuntu4) ...
Setting up libopencv4.5d-jni (4.5.4+dfsg-9ubuntu4) ...
Setting up libgazebo11:amd64 (11.10.2+dfsg-1) ...
Setting up libopencv-superres-dev:amd64 (4.5.4+dfsg-9ubuntu4) ...
Setting up libopencv4.5-java (4.5.4+dfsg-9ubuntu4) ...
Setting up gazebo (11.10.2+dfsg-1) ...
Setting up freeglut3-dev:amd64 (2.8.1-6) ...
Setting up libignition-common3-av-dev:amd64 (3.14.0+dfsg-5) ...
Setting up libignition-common3-dev:amd64 (3.14.0+dfsg-5) ...
Setting up ros-humble-rviz-rendering (11.2.29-1jammy.20260907.193503) ...
Setting up libopencv-highgui-dev:amd64 (4.5.4+dfsg-9ubuntu4) ...
Setting up libopencv-features2d-dev:amd64 (4.5.4+dfsg-9ubuntu4) ...
Setting up libopencv-calib3d-dev:amd64 (4.5.4+dfsg-9ubuntu4) ...
Setting up gazebo-plugin-base (11.10.2+dfsg-1) ...
Setting up libopencv-objdetect-dev:amd64 (4.5.4+dfsg-9ubuntu4) ...
Setting up libsimbody-dev:amd64 (3.6.1+dfsg-7build1) ...
Setting up libgazebo-dev (11.10.2+dfsg-1) ...
Setting up ros-humble-gazebo-dev (3.9.0-1jammy.20260304.090426) ...
Setting up ros-humble-rviz-common (11.2.29-1jammy.20260907.230217) ...
Setting up libopencv-videostab-dev:amd64 (4.5.4+dfsg-9ubuntu4) ...
Setting up libopencv-stitching-dev:amd64 (4.5.4+dfsg-9ubuntu4) ...
Setting up libopencv-contrib-dev:amd64 (4.5.4+dfsg-9ubuntu4) ...
Setting up ros-humble-rviz-default-plugins (11.2.29-1jammy.20260908.002237) ...
Setting up ros-humble-gazebo-ros (3.9.0-1jammy.20260907.222900) ...
Setting up libopencv-dev (4.5.4+dfsg-9ubuntu4) ...
Setting up ros-humble-nav2-rviz-plugins (1.1.20-1jammy.20260908.014610) ...
Setting up ros-humble-gazebo-ros2-control (0.4.10-1jammy.20260908.125422) ...
Setting up ros-humble-slam-toolbox (2.6.10-1jammy.20260908.014627) ...
Setting up ros-humble-cv-bridge (3.2.1-1jammy.20260907.220118) ...
Setting up ros-humble-gazebo-plugins (3.9.0-1jammy.20260907.231520) ...
Setting up ros-humble-nav2-waypoint-follower (1.1.20-1jammy.20260908.005557) ...
Setting up ros-humble-gazebo-ros-pkgs (3.9.0-1jammy.20260908.002217) ...
Setting up ros-humble-navigation2 (1.1.20-1jammy.20260908.015443) ...
Setting up ros-humble-nav2-bringup (1.1.20-1jammy.20260908.021125) ...
Processing triggers for libc-bin (2.35-0ubuntu3.14) ...
Processing triggers for libgdk-pixbuf-2.0-0:amd64 (2.42.8+dfsg-1ubuntu0.5) ...
