run_id,independent_cluster_id,prefreeze_excluded,operationally_scheduled,physical_record_present,physical_return_code,physical_technical_valid,physical_preprocessing_complete,method_status_present,method_intent_present,complete_pair,method_disposition,failed_b2_conditions,failed_b4_conditions,flow_class
handoff-confirmation-candidate-0001,handoff-confirmation-candidate-0001-configuration,True,True,True,0,True,True,False,False,False,,0,0,PREFREEZE_EXCLUDED
handoff-confirmation-candidate-0002,handoff-confirmation-candidate-0002-configuration,False,True,True,0,True,True,True,True,False,,4,0,METHOD_INCOMPLETE_TECHNICAL_FAILURE
handoff-confirmation-candidate-0003,handoff-confirmation-candidate-0003-configuration,False,True,True,0,False,True,True,False,False,PHYSICAL_TECHNICAL_INVALID_NO_METHOD_CALL,0,0,PHYSICAL_TECHNICAL_INVALID_NO_METHOD_CALL
handoff-confirmation-candidate-0004,handoff-confirmation-candidate-0004-configuration,False,True,True,0,True,True,True,True,False,,4,0,METHOD_INCOMPLETE_TECHNICAL_FAILURE
handoff-confirmation-candidate-0005,handoff-confirmation-candidate-0005-configuration,False,True,True,0,True,True,True,True,False,,4,0,METHOD_INCOMPLETE_TECHNICAL_FAILURE
handoff-confirmation-candidate-0006,handoff-confirmation-candidate-0006-configuration,False,True,True,0,True,True,True,True,False,,4,0,METHOD_INCOMPLETE_TECHNICAL_FAILURE
handoff-confirmation-candidate-0007,handoff-confirmation-candidate-0007-configuration,False,True,True,0,True,True,True,True,False,,4,0,METHOD_INCOMPLETE_TECHNICAL_FAILURE
handoff-confirmation-candidate-0008,handoff-confirmation-candidate-0008-configuration,False,True,True,0,True,True,True,True,False,,4,0,METHOD_INCOMPLETE_TECHNICAL_FAILURE
handoff-confirmation-candidate-0009,handoff-confirmation-candidate-0009-configuration,False,True,True,0,True,True,True,True,False,,4,0,METHOD_INCOMPLETE_TECHNICAL_FAILURE
handoff-confirmation-candidate-0010,handoff-confirmation-candidate-0010-configuration,False,True,True,0,True,True,True,True,False,,4,0,METHOD_INCOMPLETE_TECHNICAL_FAILURE
handoff-confirmation-candidate-0011,handoff-confirmation-candidate-0011-configuration,False,True,True,0,True,True,True,True,False,,4,0,METHOD_INCOMPLETE_TECHNICAL_FAILURE
handoff-confirmation-candidate-0012,handoff-confirmation-candidate-0012-configuration,False,True,True,0,True,True,True,True,False,,4,0,METHOD_INCOMPLETE_TECHNICAL_FAILURE
handoff-confirmation-candidate-0013,handoff-confirmation-candidate-0013-configuration,False,True,True,0,True,True,True,True,False,,4,0,METHOD_INCOMPLETE_TECHNICAL_FAILURE
handoff-confirmation-candidate-0014,handoff-confirmation-candidate-0014-configuration,False,True,True,0,True,True,True,True,False,,4,0,METHOD_INCOMPLETE_TECHNICAL_FAILURE
handoff-confirmation-candidate-0015,handoff-confirmation-candidate-0015-configuration,False,True,True,0,True,True,True,True,False,,4,0,METHOD_INCOMPLETE_TECHNICAL_FAILURE
handoff-confirmation-candidate-0016,handoff-confirmation-candidate-0016-configuration,False,True,True,0,True,True,True,True,False,,4,0,METHOD_INCOMPLETE_TECHNICAL_FAILURE
handoff-confirmation-candidate-0017,handoff-confirmation-candidate-0017-configuration,False,True,True,0,True,True,True,True,False,,4,0,METHOD_INCOMPLETE_TECHNICAL_FAILURE
handoff-confirmation-candidate-0018,handoff-confirmation-candidate-0018-configuration,False,True,True,0,True,True,True,True,False,,4,0,METHOD_INCOMPLETE_TECHNICAL_FAILURE
handoff-confirmation-candidate-0019,handoff-confirmation-candidate-0019-configuration,False,True,True,0,True,True,True,True,False,,4,0,METHOD_INCOMPLETE_TECHNICAL_FAILURE
handoff-confirmation-candidate-0020,handoff-confirmation-candidate-0020-configuration,False,True,True,0,True,True,True,True,False,,4,0,METHOD_INCOMPLETE_TECHNICAL_FAILURE
handoff-confirmation-candidate-0021,handoff-confirmation-candidate-0021-configuration,False,True,True,0,True,True,True,True,False,,4,0,METHOD_INCOMPLETE_TECHNICAL_FAILURE
handoff-confirmation-candidate-0022,handoff-confirmation-candidate-0022-configuration,False,True,True,0,False,True,True,False,False,PHYSICAL_TECHNICAL_INVALID_NO_METHOD_CALL,0,0,PHYSICAL_TECHNICAL_INVALID_NO_METHOD_CALL
handoff-confirmation-candidate-0023,handoff-confirmation-candidate-0023-configuration,False,True,True,0,True,True,True,True,False,,4,0,METHOD_INCOMPLETE_TECHNICAL_FAILURE
handoff-confirmation-candidate-0024,handoff-confirmation-candidate-0024-configuration,False,True,True,0,True,True,True,True,False,,4,0,METHOD_INCOMPLETE_TECHNICAL_FAILURE
handoff-confirmation-candidate-0025,handoff-confirmation-candidate-0025-configuration,False,True,True,1,,,True,False,False,PHYSICAL_TECHNICAL_INVALID_NO_METHOD_CALL,0,0,PHYSICAL_TECHNICAL_INVALID_NO_METHOD_CALL
handoff-confirmation-candidate-0026,handoff-confirmation-candidate-0026-configuration,False,True,True,0,True,True,True,True,False,,4,0,METHOD_INCOMPLETE_TECHNICAL_FAILURE
handoff-confirmation-candidate-0027,handoff-confirmation-candidate-0027-configuration,False,True,True,0,True,True,True,True,False,,4,0,METHOD_INCOMPLETE_TECHNICAL_FAILURE
handoff-confirmation-candidate-0028,handoff-confirmation-candidate-0028-configuration,False,True,True,0,True,True,True,True,False,,4,0,METHOD_INCOMPLETE_TECHNICAL_FAILURE
handoff-confirmation-candidate-0029,handoff-confirmation-candidate-0029-configuration,False,True,True,0,True,True,True,True,False,,4,0,METHOD_INCOMPLETE_TECHNICAL_FAILURE
handoff-confirmation-candidate-0030,handoff-confirmation-candidate-0030-configuration,False,True,True,0,True,True,True,True,False,,4,0,METHOD_INCOMPLETE_TECHNICAL_FAILURE
handoff-confirmation-candidate-0031,handoff-confirmation-candidate-0031-configuration,False,True,True,0,True,True,True,True,False,,4,0,METHOD_INCOMPLETE_TECHNICAL_FAILURE
handoff-confirmation-candidate-0032,handoff-confirmation-candidate-0032-configuration,False,True,True,0,True,True,True,True,False,,4,0,METHOD_INCOMPLETE_TECHNICAL_FAILURE
handoff-confirmation-candidate-0033,handoff-confirmation-candidate-0033-configuration,False,True,True,0,True,True,True,True,False,,4,0,METHOD_INCOMPLETE_TECHNICAL_FAILURE
handoff-confirmation-candidate-0034,handoff-confirmation-candidate-0034-configuration,False,True,True,0,True,True,True,True,False,,4,0,METHOD_INCOMPLETE_TECHNICAL_FAILURE
handoff-confirmation-candidate-0035,handoff-confirmation-candidate-0035-configuration,False,True,True,0,False,True,True,False,False,PHYSICAL_TECHNICAL_INVALID_NO_METHOD_CALL,0,0,PHYSICAL_TECHNICAL_INVALID_NO_METHOD_CALL
handoff-confirmation-candidate-0036,handoff-confirmation-candidate-0036-configuration,False,True,True,0,True,True,True,True,False,,4,0,METHOD_INCOMPLETE_TECHNICAL_FAILURE
handoff-confirmation-candidate-0037,handoff-confirmation-candidate-0037-configuration,False,True,True,0,True,True,True,True,False,,4,0,METHOD_INCOMPLETE_TECHNICAL_FAILURE
handoff-confirmation-candidate-0038,handoff-confirmation-candidate-0038-configuration,False,True,True,0,False,True,True,False,False,PHYSICAL_TECHNICAL_INVALID_NO_METHOD_CALL,0,0,PHYSICAL_TECHNICAL_INVALID_NO_METHOD_CALL
handoff-confirmation-candidate-0039,handoff-confirmation-candidate-0039-configuration,False,True,True,0,True,True,True,True,False,,4,0,METHOD_INCOMPLETE_TECHNICAL_FAILURE
handoff-confirmation-candidate-0040,handoff-confirmation-candidate-0040-configuration,False,True,True,0,True,True,True,True,False,,4,0,METHOD_INCOMPLETE_TECHNICAL_FAILURE
handoff-confirmation-candidate-0041,handoff-confirmation-candidate-0041-configuration,False,True,True,0,True,True,True,True,False,,4,0,METHOD_INCOMPLETE_TECHNICAL_FAILURE
handoff-confirmation-candidate-0042,handoff-confirmation-candidate-0042-configuration,False,True,True,0,True,True,True,True,False,,4,0,METHOD_INCOMPLETE_TECHNICAL_FAILURE
handoff-confirmation-candidate-0043,handoff-confirmation-candidate-0043-configuration,False,True,True,0,True,True,True,True,False,,4,0,METHOD_INCOMPLETE_TECHNICAL_FAILURE
handoff-confirmation-candidate-0044,handoff-confirmation-candidate-0044-configuration,False,True,True,0,True,True,True,True,False,,4,0,METHOD_INCOMPLETE_TECHNICAL_FAILURE
handoff-confirmation-candidate-0045,handoff-confirmation-candidate-0045-configuration,False,True,True,0,True,True,True,True,False,,4,0,METHOD_INCOMPLETE_TECHNICAL_FAILURE
handoff-confirmation-candidate-0046,handoff-confirmation-candidate-0046-configuration,False,True,True,0,True,True,True,True,False,,4,0,METHOD_INCOMPLETE_TECHNICAL_FAILURE
handoff-confirmation-candidate-0047,handoff-confirmation-candidate-0047-configuration,False,True,True,0,True,True,True,True,False,,4,0,METHOD_INCOMPLETE_TECHNICAL_FAILURE
handoff-confirmation-candidate-0048,handoff-confirmation-candidate-0048-configuration,False,True,True,0,True,True,True,True,False,,4,0,METHOD_INCOMPLETE_TECHNICAL_FAILURE
handoff-confirmation-candidate-0049,handoff-confirmation-candidate-0049-configuration,False,True,True,0,True,True,True,True,False,,4,0,METHOD_INCOMPLETE_TECHNICAL_FAILURE
handoff-confirmation-candidate-0050,handoff-confirmation-candidate-0050-configuration,False,True,True,0,True,True,True,True,False,,4,0,METHOD_INCOMPLETE_TECHNICAL_FAILURE
handoff-confirmation-candidate-0051,handoff-confirmation-candidate-0051-configuration,False,True,True,0,True,True,True,True,False,,4,0,METHOD_INCOMPLETE_TECHNICAL_FAILURE
handoff-confirmation-candidate-0052,handoff-confirmation-candidate-0052-configuration,False,True,True,0,True,True,True,True,False,,4,0,METHOD_INCOMPLETE_TECHNICAL_FAILURE
handoff-confirmation-candidate-0053,handoff-confirmation-candidate-0053-configuration,False,True,True,0,True,True,True,True,False,,4,0,METHOD_INCOMPLETE_TECHNICAL_FAILURE
handoff-confirmation-candidate-0054,handoff-confirmation-candidate-0054-configuration,False,True,True,0,True,True,True,True,False,,4,0,METHOD_INCOMPLETE_TECHNICAL_FAILURE
handoff-confirmation-candidate-0055,handoff-confirmation-candidate-0055-configuration,False,True,True,0,True,True,True,True,False,,4,0,METHOD_INCOMPLETE_TECHNICAL_FAILURE
handoff-confirmation-candidate-0056,handoff-confirmation-candidate-0056-configuration,False,True,True,0,True,True,True,True,False,,4,0,METHOD_INCOMPLETE_TECHNICAL_FAILURE
handoff-confirmation-candidate-0057,handoff-confirmation-candidate-0057-configuration,False,True,True,0,True,True,True,True,False,,4,0,METHOD_INCOMPLETE_TECHNICAL_FAILURE
handoff-confirmation-candidate-0058,handoff-confirmation-candidate-0058-configuration,False,True,True,0,True,True,True,True,False,,4,0,METHOD_INCOMPLETE_TECHNICAL_FAILURE
handoff-confirmation-candidate-0059,handoff-confirmation-candidate-0059-configuration,False,True,True,0,True,True,True,True,False,,4,0,METHOD_INCOMPLETE_TECHNICAL_FAILURE
handoff-confirmation-candidate-0060,handoff-confirmation-candidate-0060-configuration,False,True,True,0,True,True,True,True,False,,4,0,METHOD_INCOMPLETE_TECHNICAL_FAILURE
handoff-confirmation-candidate-0061,handoff-confirmation-candidate-0061-configuration,False,True,True,0,True,True,True,True,False,,4,0,METHOD_INCOMPLETE_TECHNICAL_FAILURE
handoff-confirmation-candidate-0062,handoff-confirmation-candidate-0062-configuration,False,True,True,0,True,True,True,True,False,,4,0,METHOD_INCOMPLETE_TECHNICAL_FAILURE
handoff-confirmation-candidate-0063,handoff-confirmation-candidate-0063-configuration,False,True,True,0,False,True,True,False,False,PHYSICAL_TECHNICAL_INVALID_NO_METHOD_CALL,0,0,PHYSICAL_TECHNICAL_INVALID_NO_METHOD_CALL
handoff-confirmation-candidate-0064,handoff-confirmation-candidate-0064-configuration,False,True,True,0,True,True,True,True,False,,4,0,METHOD_INCOMPLETE_TECHNICAL_FAILURE
handoff-confirmation-candidate-0065,handoff-confirmation-candidate-0065-configuration,False,True,True,0,True,True,True,True,False,,4,0,METHOD_INCOMPLETE_TECHNICAL_FAILURE
handoff-confirmation-candidate-0066,handoff-confirmation-candidate-0066-configuration,False,True,True,0,True,True,True,True,False,,4,0,METHOD_INCOMPLETE_TECHNICAL_FAILURE
handoff-confirmation-candidate-0067,handoff-confirmation-candidate-0067-configuration,False,True,True,0,True,True,True,True,False,,4,0,METHOD_INCOMPLETE_TECHNICAL_FAILURE
handoff-confirmation-candidate-0068,handoff-confirmation-candidate-0068-configuration,False,True,True,0,True,True,True,True,False,,4,0,METHOD_INCOMPLETE_TECHNICAL_FAILURE
handoff-confirmation-candidate-0069,handoff-confirmation-candidate-0069-configuration,False,True,True,0,False,True,True,False,False,PHYSICAL_TECHNICAL_INVALID_NO_METHOD_CALL,0,0,PHYSICAL_TECHNICAL_INVALID_NO_METHOD_CALL
handoff-confirmation-candidate-0070,handoff-confirmation-candidate-0070-configuration,False,True,True,0,True,True,True,True,False,,4,0,METHOD_INCOMPLETE_TECHNICAL_FAILURE
handoff-confirmation-candidate-0071,handoff-confirmation-candidate-0071-configuration,False,True,True,0,False,False,True,False,False,PHYSICAL_TECHNICAL_INVALID_NO_METHOD_CALL,0,0,PHYSICAL_TECHNICAL_INVALID_NO_METHOD_CALL
handoff-confirmation-candidate-0072,handoff-confirmation-candidate-0072-configuration,False,True,True,0,True,True,True,True,False,,4,0,METHOD_INCOMPLETE_TECHNICAL_FAILURE
handoff-confirmation-candidate-0073,handoff-confirmation-candidate-0073-configuration,False,True,True,0,True,True,True,True,False,,4,0,METHOD_INCOMPLETE_TECHNICAL_FAILURE
handoff-confirmation-candidate-0074,handoff-confirmation-candidate-0074-configuration,False,True,True,0,True,True,True,True,False,,4,0,METHOD_INCOMPLETE_TECHNICAL_FAILURE
handoff-confirmation-candidate-0075,handoff-confirmation-candidate-0075-configuration,False,True,True,0,True,True,True,True,False,,4,0,METHOD_INCOMPLETE_TECHNICAL_FAILURE
handoff-confirmation-candidate-0076,handoff-confirmation-candidate-0076-configuration,False,True,True,0,True,True,True,True,False,,4,0,METHOD_INCOMPLETE_TECHNICAL_FAILURE
handoff-confirmation-candidate-0077,handoff-confirmation-candidate-0077-configuration,False,True,True,0,True,True,True,True,False,,4,0,METHOD_INCOMPLETE_TECHNICAL_FAILURE
handoff-confirmation-candidate-0078,handoff-confirmation-candidate-0078-configuration,False,True,True,0,True,True,True,True,False,,4,0,METHOD_INCOMPLETE_TECHNICAL_FAILURE
handoff-confirmation-candidate-0079,handoff-confirmation-candidate-0079-configuration,False,True,True,0,True,True,True,True,False,,4,0,METHOD_INCOMPLETE_TECHNICAL_FAILURE
handoff-confirmation-candidate-0080,handoff-confirmation-candidate-0080-configuration,False,True,True,0,True,True,True,True,False,,4,0,METHOD_INCOMPLETE_TECHNICAL_FAILURE
handoff-confirmation-candidate-0081,handoff-confirmation-candidate-0081-configuration,False,True,True,0,True,True,True,True,False,,4,0,METHOD_INCOMPLETE_TECHNICAL_FAILURE
handoff-confirmation-candidate-0082,handoff-confirmation-candidate-0082-configuration,False,True,True,0,True,True,True,True,False,,4,0,METHOD_INCOMPLETE_TECHNICAL_FAILURE
handoff-confirmation-candidate-0083,handoff-confirmation-candidate-0083-configuration,False,True,True,0,True,True,True,True,False,,4,0,METHOD_INCOMPLETE_TECHNICAL_FAILURE
handoff-confirmation-candidate-0084,handoff-confirmation-candidate-0084-configuration,False,True,True,0,True,True,True,True,False,,4,0,METHOD_INCOMPLETE_TECHNICAL_FAILURE
handoff-confirmation-candidate-0085,handoff-confirmation-candidate-0085-configuration,False,True,True,0,True,True,True,True,False,,4,0,METHOD_INCOMPLETE_TECHNICAL_FAILURE
handoff-confirmation-candidate-0086,handoff-confirmation-candidate-0086-configuration,False,True,True,0,True,True,True,True,False,,4,0,METHOD_INCOMPLETE_TECHNICAL_FAILURE
handoff-confirmation-candidate-0087,handoff-confirmation-candidate-0087-configuration,False,True,True,0,True,True,True,True,False,,4,0,METHOD_INCOMPLETE_TECHNICAL_FAILURE
handoff-confirmation-candidate-0088,handoff-confirmation-candidate-0088-configuration,False,True,True,0,True,True,True,True,False,,4,0,METHOD_INCOMPLETE_TECHNICAL_FAILURE
handoff-confirmation-candidate-0089,handoff-confirmation-candidate-0089-configuration,False,True,True,0,True,True,True,True,False,,4,0,METHOD_INCOMPLETE_TECHNICAL_FAILURE
handoff-confirmation-candidate-0090,handoff-confirmation-candidate-0090-configuration,False,True,True,0,True,True,True,True,False,,4,0,METHOD_INCOMPLETE_TECHNICAL_FAILURE
handoff-confirmation-candidate-0091,handoff-confirmation-candidate-0091-configuration,False,True,True,0,True,True,True,True,False,,4,0,METHOD_INCOMPLETE_TECHNICAL_FAILURE
handoff-confirmation-candidate-0092,handoff-confirmation-candidate-0092-configuration,False,True,True,0,True,True,True,True,False,,4,0,METHOD_INCOMPLETE_TECHNICAL_FAILURE
handoff-confirmation-candidate-0093,handoff-confirmation-candidate-0093-configuration,False,True,True,0,True,True,True,True,False,,4,0,METHOD_INCOMPLETE_TECHNICAL_FAILURE
handoff-confirmation-candidate-0094,handoff-confirmation-candidate-0094-configuration,False,True,True,0,True,True,True,True,False,,4,0,METHOD_INCOMPLETE_TECHNICAL_FAILURE
handoff-confirmation-candidate-0095,handoff-confirmation-candidate-0095-configuration,False,True,True,0,True,True,True,True,False,,4,0,METHOD_INCOMPLETE_TECHNICAL_FAILURE
handoff-confirmation-candidate-0096,handoff-confirmation-candidate-0096-configuration,False,True,True,0,True,True,True,True,False,,4,0,METHOD_INCOMPLETE_TECHNICAL_FAILURE
handoff-confirmation-candidate-0097,handoff-confirmation-candidate-0097-configuration,False,True,True,0,True,True,True,True,False,,4,0,METHOD_INCOMPLETE_TECHNICAL_FAILURE
handoff-confirmation-candidate-0098,handoff-confirmation-candidate-0098-configuration,False,True,True,0,True,True,True,True,False,,4,0,METHOD_INCOMPLETE_TECHNICAL_FAILURE
handoff-confirmation-candidate-0099,handoff-confirmation-candidate-0099-configuration,False,True,True,0,True,True,True,True,False,,4,0,METHOD_INCOMPLETE_TECHNICAL_FAILURE
handoff-confirmation-candidate-0100,handoff-confirmation-candidate-0100-configuration,False,True,True,0,True,True,True,True,False,,4,0,METHOD_INCOMPLETE_TECHNICAL_FAILURE
handoff-confirmation-candidate-0101,handoff-confirmation-candidate-0101-configuration,False,True,True,0,True,True,True,True,False,,4,0,METHOD_INCOMPLETE_TECHNICAL_FAILURE
handoff-confirmation-candidate-0102,handoff-confirmation-candidate-0102-configuration,False,True,True,0,True,True,True,False,False,OUTSIDE_FROZEN_DISCREPANCY_POPULATION_NO_METHOD_CALL,0,0,OUTSIDE_FROZEN_DISCREPANCY_POPULATION_NO_METHOD_CALL
handoff-confirmation-candidate-0103,handoff-confirmation-candidate-0103-configuration,False,True,True,0,True,True,True,True,False,,4,0,METHOD_INCOMPLETE_TECHNICAL_FAILURE
handoff-confirmation-candidate-0104,handoff-confirmation-candidate-0104-configuration,False,True,True,0,True,True,True,True,False,,4,0,METHOD_INCOMPLETE_TECHNICAL_FAILURE
handoff-confirmation-candidate-0105,handoff-confirmation-candidate-0105-configuration,False,True,True,0,True,True,True,True,False,,4,0,METHOD_INCOMPLETE_TECHNICAL_FAILURE
handoff-confirmation-candidate-0106,handoff-confirmation-candidate-0106-configuration,False,True,True,0,True,True,True,True,False,,4,0,METHOD_INCOMPLETE_TECHNICAL_FAILURE
handoff-confirmation-candidate-0107,handoff-confirmation-candidate-0107-configuration,False,True,True,0,True,True,True,True,False,,4,0,METHOD_INCOMPLETE_TECHNICAL_FAILURE
handoff-confirmation-candidate-0108,handoff-confirmation-candidate-0108-configuration,False,True,True,0,True,True,True,True,False,,4,0,METHOD_INCOMPLETE_TECHNICAL_FAILURE
handoff-confirmation-candidate-0109,handoff-confirmation-candidate-0109-configuration,False,True,True,0,True,True,True,True,False,,4,0,METHOD_INCOMPLETE_TECHNICAL_FAILURE
handoff-confirmation-candidate-0110,handoff-confirmation-candidate-0110-configuration,False,True,True,0,True,True,True,True,False,,4,0,METHOD_INCOMPLETE_TECHNICAL_FAILURE
handoff-confirmation-candidate-0111,handoff-confirmation-candidate-0111-configuration,False,True,True,0,True,True,True,True,False,,4,0,METHOD_INCOMPLETE_TECHNICAL_FAILURE
handoff-confirmation-candidate-0112,handoff-confirmation-candidate-0112-configuration,False,True,True,0,True,True,True,True,False,,4,0,METHOD_INCOMPLETE_TECHNICAL_FAILURE
handoff-confirmation-candidate-0113,handoff-confirmation-candidate-0113-configuration,False,True,True,0,True,True,True,True,False,,4,0,METHOD_INCOMPLETE_TECHNICAL_FAILURE
handoff-confirmation-candidate-0114,handoff-confirmation-candidate-0114-configuration,False,True,True,0,True,True,True,True,False,,4,0,METHOD_INCOMPLETE_TECHNICAL_FAILURE
handoff-confirmation-candidate-0115,handoff-confirmation-candidate-0115-configuration,False,True,True,0,True,True,True,True,False,,4,0,METHOD_INCOMPLETE_TECHNICAL_FAILURE
handoff-confirmation-candidate-0116,handoff-confirmation-candidate-0116-configuration,False,True,True,0,False,True,True,False,False,PHYSICAL_TECHNICAL_INVALID_NO_METHOD_CALL,0,0,PHYSICAL_TECHNICAL_INVALID_NO_METHOD_CALL
handoff-confirmation-candidate-0117,handoff-confirmation-candidate-0117-configuration,False,True,True,0,True,True,True,True,False,,4,0,METHOD_INCOMPLETE_TECHNICAL_FAILURE
handoff-confirmation-candidate-0118,handoff-confirmation-candidate-0118-configuration,False,True,True,0,True,True,True,True,False,,4,0,METHOD_INCOMPLETE_TECHNICAL_FAILURE
handoff-confirmation-candidate-0119,handoff-confirmation-candidate-0119-configuration,False,True,True,0,True,True,True,True,False,,4,0,METHOD_INCOMPLETE_TECHNICAL_FAILURE
handoff-confirmation-candidate-0120,handoff-confirmation-candidate-0120-configuration,False,True,True,0,True,True,True,True,False,,4,0,METHOD_INCOMPLETE_TECHNICAL_FAILURE
handoff-confirmation-candidate-0121,handoff-confirmation-candidate-0121-configuration,False,True,True,0,False,True,True,False,False,PHYSICAL_TECHNICAL_INVALID_NO_METHOD_CALL,0,0,PHYSICAL_TECHNICAL_INVALID_NO_METHOD_CALL
handoff-confirmation-candidate-0122,handoff-confirmation-candidate-0122-configuration,False,True,True,0,True,True,True,True,False,,4,0,METHOD_INCOMPLETE_TECHNICAL_FAILURE
handoff-confirmation-candidate-0123,handoff-confirmation-candidate-0123-configuration,False,True,True,0,True,True,True,True,False,,4,0,METHOD_INCOMPLETE_TECHNICAL_FAILURE
handoff-confirmation-candidate-0124,handoff-confirmation-candidate-0124-configuration,False,True,True,0,True,True,True,True,False,,4,0,METHOD_INCOMPLETE_TECHNICAL_FAILURE
handoff-confirmation-candidate-0125,handoff-confirmation-candidate-0125-configuration,False,True,True,0,True,True,True,True,False,,4,0,METHOD_INCOMPLETE_TECHNICAL_FAILURE
handoff-confirmation-candidate-0126,handoff-confirmation-candidate-0126-configuration,False,True,True,0,True,True,True,True,False,,4,0,METHOD_INCOMPLETE_TECHNICAL_FAILURE
handoff-confirmation-candidate-0127,handoff-confirmation-candidate-0127-configuration,False,True,True,0,True,True,True,True,False,,4,0,METHOD_INCOMPLETE_TECHNICAL_FAILURE
handoff-confirmation-candidate-0128,handoff-confirmation-candidate-0128-configuration,False,True,True,0,True,True,True,True,False,,4,0,METHOD_INCOMPLETE_TECHNICAL_FAILURE
handoff-confirmation-candidate-0129,handoff-confirmation-candidate-0129-configuration,False,True,True,0,True,True,True,True,False,,4,0,METHOD_INCOMPLETE_TECHNICAL_FAILURE
handoff-confirmation-candidate-0130,handoff-confirmation-candidate-0130-configuration,False,True,True,0,True,True,True,True,False,,4,0,METHOD_INCOMPLETE_TECHNICAL_FAILURE
handoff-confirmation-candidate-0131,handoff-confirmation-candidate-0131-configuration,False,True,True,0,True,True,True,True,False,,4,0,METHOD_INCOMPLETE_TECHNICAL_FAILURE
handoff-confirmation-candidate-0132,handoff-confirmation-candidate-0132-configuration,False,True,True,0,True,True,True,True,False,,4,0,METHOD_INCOMPLETE_TECHNICAL_FAILURE
handoff-confirmation-candidate-0133,handoff-confirmation-candidate-0133-configuration,False,True,True,0,True,True,True,False,False,OUTSIDE_FROZEN_DISCREPANCY_POPULATION_NO_METHOD_CALL,0,0,OUTSIDE_FROZEN_DISCREPANCY_POPULATION_NO_METHOD_CALL
handoff-confirmation-candidate-0134,handoff-confirmation-candidate-0134-configuration,False,True,True,0,True,True,True,True,False,,4,0,METHOD_INCOMPLETE_TECHNICAL_FAILURE
handoff-confirmation-candidate-0135,handoff-confirmation-candidate-0135-configuration,False,True,True,0,True,True,True,True,False,,4,0,METHOD_INCOMPLETE_TECHNICAL_FAILURE
handoff-confirmation-candidate-0136,handoff-confirmation-candidate-0136-configuration,False,True,True,0,False,True,True,False,False,PHYSICAL_TECHNICAL_INVALID_NO_METHOD_CALL,0,0,PHYSICAL_TECHNICAL_INVALID_NO_METHOD_CALL
handoff-confirmation-candidate-0137,handoff-confirmation-candidate-0137-configuration,False,True,True,0,True,True,True,True,False,,4,0,METHOD_INCOMPLETE_TECHNICAL_FAILURE
handoff-confirmation-candidate-0138,handoff-confirmation-candidate-0138-configuration,False,True,True,0,True,True,True,True,False,,4,0,METHOD_INCOMPLETE_TECHNICAL_FAILURE
handoff-confirmation-candidate-0139,handoff-confirmation-candidate-0139-configuration,False,True,True,0,True,True,True,True,False,,4,0,METHOD_INCOMPLETE_TECHNICAL_FAILURE
handoff-confirmation-candidate-0140,handoff-confirmation-candidate-0140-configuration,False,True,True,0,True,True,True,False,False,OUTSIDE_FROZEN_DISCREPANCY_POPULATION_NO_METHOD_CALL,0,0,OUTSIDE_FROZEN_DISCREPANCY_POPULATION_NO_METHOD_CALL
handoff-confirmation-candidate-0141,handoff-confirmation-candidate-0141-configuration,False,True,True,0,False,False,True,False,False,PHYSICAL_TECHNICAL_INVALID_NO_METHOD_CALL,0,0,PHYSICAL_TECHNICAL_INVALID_NO_METHOD_CALL
handoff-confirmation-candidate-0142,handoff-confirmation-candidate-0142-configuration,False,True,True,0,True,True,True,True,True,,0,0,METHOD_COMPLETE
handoff-confirmation-candidate-0143,handoff-confirmation-candidate-0143-configuration,False,True,True,0,False,True,True,False,False,PHYSICAL_TECHNICAL_INVALID_NO_METHOD_CALL,0,0,PHYSICAL_TECHNICAL_INVALID_NO_METHOD_CALL
handoff-confirmation-candidate-0144,handoff-confirmation-candidate-0144-configuration,False,True,True,0,False,True,True,False,False,PHYSICAL_TECHNICAL_INVALID_NO_METHOD_CALL,0,0,PHYSICAL_TECHNICAL_INVALID_NO_METHOD_CALL
handoff-confirmation-candidate-0145,handoff-confirmation-candidate-0145-configuration,False,True,True,0,True,True,True,True,True,,0,0,METHOD_COMPLETE
handoff-confirmation-candidate-0146,handoff-confirmation-candidate-0146-configuration,False,True,True,0,True,True,True,True,True,,0,0,METHOD_COMPLETE
handoff-confirmation-candidate-0147,handoff-confirmation-candidate-0147-configuration,False,True,True,0,True,True,True,False,False,OUTSIDE_FROZEN_DISCREPANCY_POPULATION_NO_METHOD_CALL,0,0,OUTSIDE_FROZEN_DISCREPANCY_POPULATION_NO_METHOD_CALL
handoff-confirmation-candidate-0148,handoff-confirmation-candidate-0148-configuration,False,True,True,0,True,True,True,True,True,,0,0,METHOD_COMPLETE
handoff-confirmation-candidate-0149,handoff-confirmation-candidate-0149-configuration,False,True,True,0,True,True,True,True,True,,0,0,METHOD_COMPLETE
handoff-confirmation-candidate-0150,handoff-confirmation-candidate-0150-configuration,False,True,True,0,True,True,True,True,True,,0,0,METHOD_COMPLETE
handoff-confirmation-candidate-0151,handoff-confirmation-candidate-0151-configuration,False,True,True,0,True,True,True,True,True,,0,0,METHOD_COMPLETE
handoff-confirmation-candidate-0152,handoff-confirmation-candidate-0152-configuration,False,True,True,0,False,True,True,False,False,PHYSICAL_TECHNICAL_INVALID_NO_METHOD_CALL,0,0,PHYSICAL_TECHNICAL_INVALID_NO_METHOD_CALL
handoff-confirmation-candidate-0153,handoff-confirmation-candidate-0153-configuration,False,True,True,0,True,True,True,True,True,,0,0,METHOD_COMPLETE
handoff-confirmation-candidate-0154,handoff-confirmation-candidate-0154-configuration,False,True,True,0,True,True,True,True,True,,0,0,METHOD_COMPLETE
handoff-confirmation-candidate-0155,handoff-confirmation-candidate-0155-configuration,False,True,True,0,True,True,True,True,True,,0,0,METHOD_COMPLETE
handoff-confirmation-candidate-0156,handoff-confirmation-candidate-0156-configuration,False,True,True,0,False,True,True,False,False,PHYSICAL_TECHNICAL_INVALID_NO_METHOD_CALL,0,0,PHYSICAL_TECHNICAL_INVALID_NO_METHOD_CALL
handoff-confirmation-candidate-0157,handoff-confirmation-candidate-0157-configuration,False,True,True,0,True,True,True,True,True,,0,0,METHOD_COMPLETE
handoff-confirmation-candidate-0158,handoff-confirmation-candidate-0158-configuration,False,True,True,0,True,True,True,True,True,,0,0,METHOD_COMPLETE
handoff-confirmation-candidate-0159,handoff-confirmation-candidate-0159-configuration,False,True,True,0,True,True,True,True,True,,0,0,METHOD_COMPLETE
handoff-confirmation-candidate-0160,handoff-confirmation-candidate-0160-configuration,False,True,True,0,True,True,True,True,True,,0,0,METHOD_COMPLETE
handoff-confirmation-candidate-0161,handoff-confirmation-candidate-0161-configuration,False,True,True,0,True,True,True,True,True,,0,0,METHOD_COMPLETE
handoff-confirmation-candidate-0162,handoff-confirmation-candidate-0162-configuration,False,True,True,0,True,True,True,True,True,,0,0,METHOD_COMPLETE
handoff-confirmation-candidate-0163,handoff-confirmation-candidate-0163-configuration,False,True,True,0,True,True,True,True,True,,0,0,METHOD_COMPLETE
handoff-confirmation-candidate-0164,handoff-confirmation-candidate-0164-configuration,False,True,True,0,True,True,True,True,True,,0,0,METHOD_COMPLETE
handoff-confirmation-candidate-0165,handoff-confirmation-candidate-0165-configuration,False,True,True,0,True,True,True,True,True,,0,0,METHOD_COMPLETE
handoff-confirmation-candidate-0166,handoff-confirmation-candidate-0166-configuration,False,True,True,0,True,True,True,True,True,,0,0,METHOD_COMPLETE
handoff-confirmation-candidate-0167,handoff-confirmation-candidate-0167-configuration,False,True,True,0,True,True,True,True,True,,0,0,METHOD_COMPLETE
handoff-confirmation-candidate-0168,handoff-confirmation-candidate-0168-configuration,False,True,True,0,True,True,True,True,True,,0,0,METHOD_COMPLETE
handoff-confirmation-candidate-0169,handoff-confirmation-candidate-0169-configuration,False,True,True,0,True,True,True,True,True,,0,0,METHOD_COMPLETE
handoff-confirmation-candidate-0170,handoff-confirmation-candidate-0170-configuration,False,True,True,0,True,True,True,True,True,,0,0,METHOD_COMPLETE
handoff-confirmation-candidate-0171,handoff-confirmation-candidate-0171-configuration,False,True,True,0,True,True,True,True,True,,0,0,METHOD_COMPLETE
handoff-confirmation-candidate-0172,handoff-confirmation-candidate-0172-configuration,False,True,True,0,True,True,True,True,True,,0,0,METHOD_COMPLETE
handoff-confirmation-candidate-0173,handoff-confirmation-candidate-0173-configuration,False,True,True,0,True,True,True,True,True,,0,0,METHOD_COMPLETE
handoff-confirmation-candidate-0174,handoff-confirmation-candidate-0174-configuration,False,True,True,0,True,True,True,True,True,,0,0,METHOD_COMPLETE
handoff-confirmation-candidate-0175,handoff-confirmation-candidate-0175-configuration,False,True,True,0,True,True,True,True,True,,0,0,METHOD_COMPLETE
handoff-confirmation-candidate-0176,handoff-confirmation-candidate-0176-configuration,False,True,True,0,True,True,True,True,True,,0,0,METHOD_COMPLETE
handoff-confirmation-candidate-0177,handoff-confirmation-candidate-0177-configuration,False,True,True,0,True,True,True,True,True,,0,0,METHOD_COMPLETE
handoff-confirmation-candidate-0178,handoff-confirmation-candidate-0178-configuration,False,True,True,0,True,True,True,True,True,,0,0,METHOD_COMPLETE
handoff-confirmation-candidate-0179,handoff-confirmation-candidate-0179-configuration,False,True,True,0,True,True,True,True,True,,0,0,METHOD_COMPLETE
handoff-confirmation-candidate-0180,handoff-confirmation-candidate-0180-configuration,False,True,True,0,True,True,True,True,True,,0,0,METHOD_COMPLETE
handoff-confirmation-candidate-0181,handoff-confirmation-candidate-0181-configuration,False,True,True,0,True,True,True,True,True,,0,0,METHOD_COMPLETE
handoff-confirmation-candidate-0182,handoff-confirmation-candidate-0182-configuration,False,True,True,0,False,True,True,False,False,PHYSICAL_TECHNICAL_INVALID_NO_METHOD_CALL,0,0,PHYSICAL_TECHNICAL_INVALID_NO_METHOD_CALL
handoff-confirmation-candidate-0183,handoff-confirmation-candidate-0183-configuration,False,True,True,0,True,True,True,True,True,,0,0,METHOD_COMPLETE
handoff-confirmation-candidate-0184,handoff-confirmation-candidate-0184-configuration,False,True,True,0,True,True,True,True,True,,0,0,METHOD_COMPLETE
handoff-confirmation-candidate-0185,handoff-confirmation-candidate-0185-configuration,False,True,True,0,True,True,True,True,True,,0,0,METHOD_COMPLETE
handoff-confirmation-candidate-0186,handoff-confirmation-candidate-0186-configuration,False,True,True,0,True,True,True,True,True,,0,0,METHOD_COMPLETE
handoff-confirmation-candidate-0187,handoff-confirmation-candidate-0187-configuration,False,True,True,0,False,False,True,False,False,PHYSICAL_TECHNICAL_INVALID_NO_METHOD_CALL,0,0,PHYSICAL_TECHNICAL_INVALID_NO_METHOD_CALL
handoff-confirmation-candidate-0188,handoff-confirmation-candidate-0188-configuration,False,True,True,0,True,True,True,True,True,,0,0,METHOD_COMPLETE
handoff-confirmation-candidate-0189,handoff-confirmation-candidate-0189-configuration,False,True,True,0,True,True,True,True,True,,0,0,METHOD_COMPLETE
handoff-confirmation-candidate-0190,handoff-confirmation-candidate-0190-configuration,False,True,True,0,True,True,True,True,True,,0,0,METHOD_COMPLETE
handoff-confirmation-candidate-0191,handoff-confirmation-candidate-0191-configuration,False,True,True,0,True,True,True,True,True,,0,0,METHOD_COMPLETE
handoff-confirmation-candidate-0192,handoff-confirmation-candidate-0192-configuration,False,True,True,0,True,True,True,True,True,,0,0,METHOD_COMPLETE
handoff-confirmation-candidate-0193,handoff-confirmation-candidate-0193-configuration,False,True,True,0,True,True,True,True,True,,0,0,METHOD_COMPLETE
handoff-confirmation-candidate-0194,handoff-confirmation-candidate-0194-configuration,False,True,True,0,True,True,True,True,True,,0,0,METHOD_COMPLETE
handoff-confirmation-candidate-0195,handoff-confirmation-candidate-0195-configuration,False,True,True,0,True,True,True,True,True,,0,0,METHOD_COMPLETE
handoff-confirmation-candidate-0196,handoff-confirmation-candidate-0196-configuration,False,True,True,0,True,True,True,True,True,,0,0,METHOD_COMPLETE
handoff-confirmation-candidate-0197,handoff-confirmation-candidate-0197-configuration,False,True,True,0,True,True,True,True,True,,0,0,METHOD_COMPLETE
handoff-confirmation-candidate-0198,handoff-confirmation-candidate-0198-configuration,False,True,True,0,True,True,True,True,True,,0,0,METHOD_COMPLETE
handoff-confirmation-candidate-0199,handoff-confirmation-candidate-0199-configuration,False,True,True,0,True,True,True,True,True,,0,0,METHOD_COMPLETE
handoff-confirmation-candidate-0200,handoff-confirmation-candidate-0200-configuration,False,True,True,0,True,True,True,True,True,,0,0,METHOD_COMPLETE
handoff-confirmation-candidate-0201,handoff-confirmation-candidate-0201-configuration,False,True,True,0,True,True,True,True,True,,0,0,METHOD_COMPLETE
handoff-confirmation-candidate-0202,handoff-confirmation-candidate-0202-configuration,False,True,True,0,True,True,True,True,True,,0,0,METHOD_COMPLETE
handoff-confirmation-candidate-0203,handoff-confirmation-candidate-0203-configuration,False,True,True,0,True,True,True,True,True,,0,0,METHOD_COMPLETE
handoff-confirmation-candidate-0204,handoff-confirmation-candidate-0204-configuration,False,True,True,0,True,True,True,True,True,,0,0,METHOD_COMPLETE
handoff-confirmation-candidate-0205,handoff-confirmation-candidate-0205-configuration,False,True,True,0,False,True,True,False,False,PHYSICAL_TECHNICAL_INVALID_NO_METHOD_CALL,0,0,PHYSICAL_TECHNICAL_INVALID_NO_METHOD_CALL
handoff-confirmation-candidate-0206,handoff-confirmation-candidate-0206-configuration,False,True,True,0,False,True,True,False,False,PHYSICAL_TECHNICAL_INVALID_NO_METHOD_CALL,0,0,PHYSICAL_TECHNICAL_INVALID_NO_METHOD_CALL
handoff-confirmation-candidate-0207,handoff-confirmation-candidate-0207-configuration,False,True,True,0,True,True,True,True,True,,0,0,METHOD_COMPLETE
handoff-confirmation-candidate-0208,handoff-confirmation-candidate-0208-configuration,False,True,True,0,True,True,True,True,True,,0,0,METHOD_COMPLETE
handoff-confirmation-candidate-0209,handoff-confirmation-candidate-0209-configuration,False,True,True,0,True,True,True,True,True,,0,0,METHOD_COMPLETE
handoff-confirmation-candidate-0210,handoff-confirmation-candidate-0210-configuration,False,True,True,0,False,True,True,False,False,PHYSICAL_TECHNICAL_INVALID_NO_METHOD_CALL,0,0,PHYSICAL_TECHNICAL_INVALID_NO_METHOD_CALL
handoff-confirmation-candidate-0211,handoff-confirmation-candidate-0211-configuration,False,True,True,0,True,True,True,True,True,,0,0,METHOD_COMPLETE
handoff-confirmation-candidate-0212,handoff-confirmation-candidate-0212-configuration,False,True,True,0,True,True,True,True,True,,0,0,METHOD_COMPLETE
handoff-confirmation-candidate-0213,handoff-confirmation-candidate-0213-configuration,False,True,True,0,True,True,True,True,True,,0,0,METHOD_COMPLETE
handoff-confirmation-candidate-0214,handoff-confirmation-candidate-0214-configuration,False,True,True,0,False,True,True,False,False,PHYSICAL_TECHNICAL_INVALID_NO_METHOD_CALL,0,0,PHYSICAL_TECHNICAL_INVALID_NO_METHOD_CALL
handoff-confirmation-candidate-0215,handoff-confirmation-candidate-0215-configuration,False,True,True,0,False,True,True,False,False,PHYSICAL_TECHNICAL_INVALID_NO_METHOD_CALL,0,0,PHYSICAL_TECHNICAL_INVALID_NO_METHOD_CALL
handoff-confirmation-candidate-0216,handoff-confirmation-candidate-0216-configuration,False,True,True,0,True,True,True,True,True,,0,0,METHOD_COMPLETE
handoff-confirmation-candidate-0217,handoff-confirmation-candidate-0217-configuration,False,True,True,0,True,True,True,True,True,,0,0,METHOD_COMPLETE
handoff-confirmation-candidate-0218,handoff-confirmation-candidate-0218-configuration,False,True,True,0,True,True,True,True,True,,0,0,METHOD_COMPLETE
handoff-confirmation-candidate-0219,handoff-confirmation-candidate-0219-configuration,False,True,True,0,True,True,True,True,True,,0,0,METHOD_COMPLETE
handoff-confirmation-candidate-0220,handoff-confirmation-candidate-0220-configuration,False,True,True,0,True,True,True,True,True,,0,0,METHOD_COMPLETE
handoff-confirmation-candidate-0221,handoff-confirmation-candidate-0221-configuration,False,True,True,0,True,True,True,True,True,,0,0,METHOD_COMPLETE
handoff-confirmation-candidate-0222,handoff-confirmation-candidate-0222-configuration,False,True,True,0,False,True,True,False,False,PHYSICAL_TECHNICAL_INVALID_NO_METHOD_CALL,0,0,PHYSICAL_TECHNICAL_INVALID_NO_METHOD_CALL
handoff-confirmation-candidate-0223,handoff-confirmation-candidate-0223-configuration,False,True,True,0,True,True,True,True,True,,0,0,METHOD_COMPLETE
handoff-confirmation-candidate-0224,handoff-confirmation-candidate-0224-configuration,False,True,True,0,True,True,True,True,True,,0,0,METHOD_COMPLETE
handoff-confirmation-candidate-0225,handoff-confirmation-candidate-0225-configuration,False,True,True,0,True,True,True,True,True,,0,0,METHOD_COMPLETE
handoff-confirmation-candidate-0226,handoff-confirmation-candidate-0226-configuration,False,True,True,0,True,True,True,True,True,,0,0,METHOD_COMPLETE
handoff-confirmation-candidate-0227,handoff-confirmation-candidate-0227-configuration,False,True,True,0,True,True,True,True,True,,0,0,METHOD_COMPLETE
handoff-confirmation-candidate-0228,handoff-confirmation-candidate-0228-configuration,False,True,True,0,True,True,True,True,True,,0,0,METHOD_COMPLETE
handoff-confirmation-candidate-0229,handoff-confirmation-candidate-0229-configuration,False,True,True,0,True,True,True,True,True,,0,0,METHOD_COMPLETE
handoff-confirmation-candidate-0230,handoff-confirmation-candidate-0230-configuration,False,True,True,0,False,True,True,False,False,PHYSICAL_TECHNICAL_INVALID_NO_METHOD_CALL,0,0,PHYSICAL_TECHNICAL_INVALID_NO_METHOD_CALL
handoff-confirmation-candidate-0231,handoff-confirmation-candidate-0231-configuration,False,True,True,0,True,True,True,True,True,,0,0,METHOD_COMPLETE
handoff-confirmation-candidate-0232,handoff-confirmation-candidate-0232-configuration,False,True,True,0,True,True,True,True,True,,0,0,METHOD_COMPLETE
handoff-confirmation-candidate-0233,handoff-confirmation-candidate-0233-configuration,False,True,True,0,True,True,True,True,True,,0,0,METHOD_COMPLETE
handoff-confirmation-candidate-0234,handoff-confirmation-candidate-0234-configuration,False,True,True,0,True,True,True,True,True,,0,0,METHOD_COMPLETE
handoff-confirmation-candidate-0235,handoff-confirmation-candidate-0235-configuration,False,True,True,0,True,True,True,True,True,,0,0,METHOD_COMPLETE
handoff-confirmation-candidate-0236,handoff-confirmation-candidate-0236-configuration,False,True,True,0,True,True,True,True,True,,0,0,METHOD_COMPLETE
handoff-confirmation-candidate-0237,handoff-confirmation-candidate-0237-configuration,False,True,True,0,True,True,True,True,True,,0,0,METHOD_COMPLETE
handoff-confirmation-candidate-0238,handoff-confirmation-candidate-0238-configuration,False,True,True,0,True,True,True,True,True,,0,0,METHOD_COMPLETE
handoff-confirmation-candidate-0239,handoff-confirmation-candidate-0239-configuration,False,True,True,0,True,True,True,True,True,,0,0,METHOD_COMPLETE
handoff-confirmation-candidate-0240,handoff-confirmation-candidate-0240-configuration,False,True,True,0,True,True,True,True,True,,0,0,METHOD_COMPLETE
handoff-confirmation-candidate-0241,handoff-confirmation-candidate-0241-configuration,False,True,True,0,True,True,True,True,True,,0,0,METHOD_COMPLETE
handoff-confirmation-candidate-0242,handoff-confirmation-candidate-0242-configuration,False,True,True,0,True,True,True,True,True,,0,0,METHOD_COMPLETE
handoff-confirmation-candidate-0243,handoff-confirmation-candidate-0243-configuration,False,True,True,0,True,True,True,True,True,,0,0,METHOD_COMPLETE
handoff-confirmation-candidate-0244,handoff-confirmation-candidate-0244-configuration,False,True,True,0,True,True,True,True,True,,0,0,METHOD_COMPLETE
handoff-confirmation-candidate-0245,handoff-confirmation-candidate-0245-configuration,False,True,True,0,True,True,True,True,True,,0,0,METHOD_COMPLETE
handoff-confirmation-candidate-0246,handoff-confirmation-candidate-0246-configuration,False,True,True,0,True,True,True,True,True,,0,0,METHOD_COMPLETE
handoff-confirmation-candidate-0247,handoff-confirmation-candidate-0247-configuration,False,True,True,0,True,True,True,False,False,OUTSIDE_FROZEN_DISCREPANCY_POPULATION_NO_METHOD_CALL,0,0,OUTSIDE_FROZEN_DISCREPANCY_POPULATION_NO_METHOD_CALL
handoff-confirmation-candidate-0248,handoff-confirmation-candidate-0248-configuration,False,True,True,0,True,True,True,True,True,,0,0,METHOD_COMPLETE
handoff-confirmation-candidate-0249,handoff-confirmation-candidate-0249-configuration,False,True,True,0,True,True,True,True,True,,0,0,METHOD_COMPLETE
handoff-confirmation-candidate-0250,handoff-confirmation-candidate-0250-configuration,False,True,True,0,True,True,True,True,True,,0,0,METHOD_COMPLETE
handoff-confirmation-candidate-0251,handoff-confirmation-candidate-0251-configuration,False,True,True,0,True,True,True,True,True,,0,0,METHOD_COMPLETE
handoff-confirmation-candidate-0252,handoff-confirmation-candidate-0252-configuration,False,True,True,0,True,True,True,True,True,,0,0,METHOD_COMPLETE
handoff-confirmation-candidate-0253,handoff-confirmation-candidate-0253-configuration,False,True,True,0,True,True,True,True,True,,0,0,METHOD_COMPLETE
handoff-confirmation-candidate-0254,handoff-confirmation-candidate-0254-configuration,False,True,True,0,False,True,True,False,False,PHYSICAL_TECHNICAL_INVALID_NO_METHOD_CALL,0,0,PHYSICAL_TECHNICAL_INVALID_NO_METHOD_CALL
handoff-confirmation-candidate-0255,handoff-confirmation-candidate-0255-configuration,False,True,True,0,True,True,True,True,True,,0,0,METHOD_COMPLETE
handoff-confirmation-candidate-0256,handoff-confirmation-candidate-0256-configuration,False,True,True,0,True,True,True,True,True,,0,0,METHOD_COMPLETE
handoff-confirmation-candidate-0257,handoff-confirmation-candidate-0257-configuration,False,True,True,0,True,True,True,True,True,,0,0,METHOD_COMPLETE
handoff-confirmation-candidate-0258,handoff-confirmation-candidate-0258-configuration,False,True,True,0,True,True,True,True,True,,0,0,METHOD_COMPLETE
handoff-confirmation-candidate-0259,handoff-confirmation-candidate-0259-configuration,False,True,True,0,True,True,True,True,True,,0,0,METHOD_COMPLETE
handoff-confirmation-candidate-0260,handoff-confirmation-candidate-0260-configuration,False,True,True,0,True,True,True,True,True,,0,0,METHOD_COMPLETE
handoff-confirmation-candidate-0261,handoff-confirmation-candidate-0261-configuration,False,True,True,0,True,True,True,True,True,,0,0,METHOD_COMPLETE
handoff-confirmation-candidate-0262,handoff-confirmation-candidate-0262-configuration,False,True,True,0,False,False,True,False,False,PHYSICAL_TECHNICAL_INVALID_NO_METHOD_CALL,0,0,PHYSICAL_TECHNICAL_INVALID_NO_METHOD_CALL
handoff-confirmation-candidate-0263,handoff-confirmation-candidate-0263-configuration,False,True,True,0,True,True,True,True,True,,0,0,METHOD_COMPLETE
handoff-confirmation-candidate-0264,handoff-confirmation-candidate-0264-configuration,False,True,True,0,True,True,True,False,False,OUTSIDE_FROZEN_DISCREPANCY_POPULATION_NO_METHOD_CALL,0,0,OUTSIDE_FROZEN_DISCREPANCY_POPULATION_NO_METHOD_CALL
handoff-confirmation-candidate-0265,handoff-confirmation-candidate-0265-configuration,False,True,True,0,True,True,True,True,True,,0,0,METHOD_COMPLETE
handoff-confirmation-candidate-0266,handoff-confirmation-candidate-0266-configuration,False,True,True,0,True,True,True,True,True,,0,0,METHOD_COMPLETE
handoff-confirmation-candidate-0267,handoff-confirmation-candidate-0267-configuration,False,True,True,0,True,True,True,True,True,,0,0,METHOD_COMPLETE
handoff-confirmation-candidate-0268,handoff-confirmation-candidate-0268-configuration,False,True,True,0,True,True,True,True,True,,0,0,METHOD_COMPLETE
handoff-confirmation-candidate-0269,handoff-confirmation-candidate-0269-configuration,False,True,True,0,True,True,True,True,True,,0,0,METHOD_COMPLETE
handoff-confirmation-candidate-0270,handoff-confirmation-candidate-0270-configuration,False,True,True,0,False,False,True,False,False,PHYSICAL_TECHNICAL_INVALID_NO_METHOD_CALL,0,0,PHYSICAL_TECHNICAL_INVALID_NO_METHOD_CALL
handoff-confirmation-candidate-0271,handoff-confirmation-candidate-0271-configuration,False,True,True,0,True,True,True,True,True,,0,0,METHOD_COMPLETE
handoff-confirmation-candidate-0272,handoff-confirmation-candidate-0272-configuration,False,True,True,0,True,True,True,True,True,,0,0,METHOD_COMPLETE
handoff-confirmation-candidate-0273,handoff-confirmation-candidate-0273-configuration,False,True,True,0,True,True,True,True,True,,0,0,METHOD_COMPLETE
handoff-confirmation-candidate-0274,handoff-confirmation-candidate-0274-configuration,False,True,True,0,True,True,True,True,True,,0,0,METHOD_COMPLETE
handoff-confirmation-candidate-0275,handoff-confirmation-candidate-0275-configuration,False,True,True,0,True,True,True,True,True,,0,0,METHOD_COMPLETE
handoff-confirmation-candidate-0276,handoff-confirmation-candidate-0276-configuration,False,True,True,0,True,True,True,True,True,,0,0,METHOD_COMPLETE
handoff-confirmation-candidate-0277,handoff-confirmation-candidate-0277-configuration,False,True,True,0,True,True,True,True,True,,0,0,METHOD_COMPLETE
handoff-confirmation-candidate-0278,handoff-confirmation-candidate-0278-configuration,False,True,True,0,True,True,True,True,True,,0,0,METHOD_COMPLETE
handoff-confirmation-candidate-0279,handoff-confirmation-candidate-0279-configuration,False,True,True,0,True,True,True,True,True,,0,0,METHOD_COMPLETE
handoff-confirmation-candidate-0280,handoff-confirmation-candidate-0280-configuration,False,True,True,0,True,True,True,True,True,,0,0,METHOD_COMPLETE
handoff-confirmation-candidate-0281,handoff-confirmation-candidate-0281-configuration,False,True,True,0,True,True,True,True,True,,0,0,METHOD_COMPLETE
handoff-confirmation-candidate-0282,handoff-confirmation-candidate-0282-configuration,False,True,True,0,True,True,True,True,True,,0,0,METHOD_COMPLETE
handoff-confirmation-candidate-0283,handoff-confirmation-candidate-0283-configuration,False,True,True,0,True,True,True,True,True,,0,0,METHOD_COMPLETE
handoff-confirmation-candidate-0284,handoff-confirmation-candidate-0284-configuration,False,True,True,0,True,True,True,True,True,,0,0,METHOD_COMPLETE
handoff-confirmation-candidate-0285,handoff-confirmation-candidate-0285-configuration,False,True,True,0,True,True,True,True,True,,0,0,METHOD_COMPLETE
handoff-confirmation-candidate-0286,handoff-confirmation-candidate-0286-configuration,False,True,True,0,True,True,True,True,True,,0,0,METHOD_COMPLETE
handoff-confirmation-candidate-0287,handoff-confirmation-candidate-0287-configuration,False,True,True,0,True,True,True,True,True,,0,0,METHOD_COMPLETE
handoff-confirmation-candidate-0288,handoff-confirmation-candidate-0288-configuration,False,True,True,0,True,True,True,True,True,,0,0,METHOD_COMPLETE
handoff-confirmation-candidate-0289,handoff-confirmation-candidate-0289-configuration,False,True,True,0,True,True,True,True,True,,0,0,METHOD_COMPLETE
handoff-confirmation-candidate-0290,handoff-confirmation-candidate-0290-configuration,False,True,True,0,True,True,True,True,True,,0,0,METHOD_COMPLETE
handoff-confirmation-candidate-0291,handoff-confirmation-candidate-0291-configuration,False,True,True,0,True,True,True,True,True,,0,0,METHOD_COMPLETE
handoff-confirmation-candidate-0292,handoff-confirmation-candidate-0292-configuration,False,True,True,0,True,True,True,True,True,,0,0,METHOD_COMPLETE
handoff-confirmation-candidate-0293,handoff-confirmation-candidate-0293-configuration,False,True,True,0,True,True,True,True,True,,0,0,METHOD_COMPLETE
handoff-confirmation-candidate-0294,handoff-confirmation-candidate-0294-configuration,False,True,True,0,True,True,True,True,True,,0,0,METHOD_COMPLETE
handoff-confirmation-candidate-0295,handoff-confirmation-candidate-0295-configuration,False,True,True,0,True,True,True,True,True,,0,0,METHOD_COMPLETE
handoff-confirmation-candidate-0296,handoff-confirmation-candidate-0296-configuration,False,True,True,0,True,True,True,True,True,,0,0,METHOD_COMPLETE
handoff-confirmation-candidate-0297,handoff-confirmation-candidate-0297-configuration,False,True,True,0,True,True,True,True,True,,0,0,METHOD_COMPLETE
handoff-confirmation-candidate-0298,handoff-confirmation-candidate-0298-configuration,False,True,True,0,True,True,True,True,True,,0,0,METHOD_COMPLETE
handoff-confirmation-candidate-0299,handoff-confirmation-candidate-0299-configuration,False,True,True,0,True,True,True,True,True,,0,0,METHOD_COMPLETE
handoff-confirmation-candidate-0300,handoff-confirmation-candidate-0300-configuration,False,True,True,0,True,True,True,True,True,,0,0,METHOD_COMPLETE
handoff-confirmation-candidate-0301,handoff-confirmation-candidate-0301-configuration,False,True,True,0,True,True,True,True,True,,0,0,METHOD_COMPLETE
handoff-confirmation-candidate-0302,handoff-confirmation-candidate-0302-configuration,False,True,True,0,True,True,True,True,True,,0,0,METHOD_COMPLETE
handoff-confirmation-candidate-0303,handoff-confirmation-candidate-0303-configuration,False,True,True,0,True,True,True,True,True,,0,0,METHOD_COMPLETE
handoff-confirmation-candidate-0304,handoff-confirmation-candidate-0304-configuration,False,True,True,0,True,True,True,True,True,,0,0,METHOD_COMPLETE
handoff-confirmation-candidate-0305,handoff-confirmation-candidate-0305-configuration,False,True,True,0,True,True,True,False,False,OUTSIDE_FROZEN_DISCREPANCY_POPULATION_NO_METHOD_CALL,0,0,OUTSIDE_FROZEN_DISCREPANCY_POPULATION_NO_METHOD_CALL
handoff-confirmation-candidate-0306,handoff-confirmation-candidate-0306-configuration,False,True,True,0,True,True,True,True,True,,0,0,METHOD_COMPLETE
handoff-confirmation-candidate-0307,handoff-confirmation-candidate-0307-configuration,False,True,True,0,True,True,True,True,True,,0,0,METHOD_COMPLETE
handoff-confirmation-candidate-0308,handoff-confirmation-candidate-0308-configuration,False,True,True,0,True,True,True,True,True,,0,0,METHOD_COMPLETE
handoff-confirmation-candidate-0309,handoff-confirmation-candidate-0309-configuration,False,True,True,0,True,True,True,True,True,,0,0,METHOD_COMPLETE
handoff-confirmation-candidate-0310,handoff-confirmation-candidate-0310-configuration,False,True,True,0,True,True,True,True,True,,0,0,METHOD_COMPLETE
handoff-confirmation-candidate-0311,handoff-confirmation-candidate-0311-configuration,False,True,True,0,True,True,True,True,True,,0,0,METHOD_COMPLETE
handoff-confirmation-candidate-0312,handoff-confirmation-candidate-0312-configuration,False,True,True,0,True,True,True,True,True,,0,0,METHOD_COMPLETE
handoff-confirmation-candidate-0313,handoff-confirmation-candidate-0313-configuration,False,True,True,0,True,True,True,True,True,,0,0,METHOD_COMPLETE
handoff-confirmation-candidate-0314,handoff-confirmation-candidate-0314-configuration,False,True,True,0,True,True,True,True,True,,0,0,METHOD_COMPLETE
handoff-confirmation-candidate-0315,handoff-confirmation-candidate-0315-configuration,False,True,True,0,True,True,True,True,True,,0,0,METHOD_COMPLETE
handoff-confirmation-candidate-0316,handoff-confirmation-candidate-0316-configuration,False,True,True,0,True,True,True,True,True,,0,0,METHOD_COMPLETE
handoff-confirmation-candidate-0317,handoff-confirmation-candidate-0317-configuration,False,True,True,0,True,True,True,True,True,,0,0,METHOD_COMPLETE
handoff-confirmation-candidate-0318,handoff-confirmation-candidate-0318-configuration,False,True,True,0,True,True,True,True,True,,0,0,METHOD_COMPLETE
handoff-confirmation-candidate-0319,handoff-confirmation-candidate-0319-configuration,False,True,True,0,True,True,True,True,True,,0,0,METHOD_COMPLETE
handoff-confirmation-candidate-0320,handoff-confirmation-candidate-0320-configuration,False,True,True,0,False,False,True,False,False,PHYSICAL_TECHNICAL_INVALID_NO_METHOD_CALL,0,0,PHYSICAL_TECHNICAL_INVALID_NO_METHOD_CALL
handoff-confirmation-candidate-0321,handoff-confirmation-candidate-0321-configuration,False,True,True,0,True,True,True,True,True,,0,0,METHOD_COMPLETE
handoff-confirmation-candidate-0322,handoff-confirmation-candidate-0322-configuration,False,True,True,0,True,True,True,True,True,,0,0,METHOD_COMPLETE
handoff-confirmation-candidate-0323,handoff-confirmation-candidate-0323-configuration,False,True,True,0,True,True,True,True,True,,0,0,METHOD_COMPLETE
handoff-confirmation-candidate-0324,handoff-confirmation-candidate-0324-configuration,False,True,True,0,True,True,True,True,True,,0,0,METHOD_COMPLETE
handoff-confirmation-candidate-0325,handoff-confirmation-candidate-0325-configuration,False,True,True,0,True,True,True,True,True,,0,0,METHOD_COMPLETE
handoff-confirmation-candidate-0326,handoff-confirmation-candidate-0326-configuration,False,True,True,0,True,True,True,True,True,,0,0,METHOD_COMPLETE
handoff-confirmation-candidate-0327,handoff-confirmation-candidate-0327-configuration,False,True,True,0,True,True,True,True,True,,0,0,METHOD_COMPLETE
handoff-confirmation-candidate-0328,handoff-confirmation-candidate-0328-configuration,False,True,True,0,True,True,True,True,True,,0,0,METHOD_COMPLETE
handoff-confirmation-candidate-0329,handoff-confirmation-candidate-0329-configuration,False,True,True,0,True,True,True,True,True,,0,0,METHOD_COMPLETE
handoff-confirmation-candidate-0330,handoff-confirmation-candidate-0330-configuration,False,True,True,0,False,True,True,False,False,PHYSICAL_TECHNICAL_INVALID_NO_METHOD_CALL,0,0,PHYSICAL_TECHNICAL_INVALID_NO_METHOD_CALL
handoff-confirmation-candidate-0331,handoff-confirmation-candidate-0331-configuration,False,True,True,0,True,True,True,True,True,,0,0,METHOD_COMPLETE
handoff-confirmation-candidate-0332,handoff-confirmation-candidate-0332-configuration,False,True,True,0,True,True,True,True,True,,0,0,METHOD_COMPLETE
handoff-confirmation-candidate-0333,handoff-confirmation-candidate-0333-configuration,False,True,True,0,True,True,True,True,True,,0,0,METHOD_COMPLETE
handoff-confirmation-candidate-0334,handoff-confirmation-candidate-0334-configuration,False,True,True,0,True,True,True,True,True,,0,0,METHOD_COMPLETE
handoff-confirmation-candidate-0335,handoff-confirmation-candidate-0335-configuration,False,True,True,0,True,True,True,True,True,,0,0,METHOD_COMPLETE
handoff-confirmation-candidate-0336,handoff-confirmation-candidate-0336-configuration,False,True,True,0,True,True,True,True,True,,0,0,METHOD_COMPLETE
handoff-confirmation-candidate-0337,handoff-confirmation-candidate-0337-configuration,False,True,True,0,True,True,True,True,True,,0,0,METHOD_COMPLETE
handoff-confirmation-candidate-0338,handoff-confirmation-candidate-0338-configuration,False,True,True,0,False,False,True,False,False,PHYSICAL_TECHNICAL_INVALID_NO_METHOD_CALL,0,0,PHYSICAL_TECHNICAL_INVALID_NO_METHOD_CALL
handoff-confirmation-candidate-0339,handoff-confirmation-candidate-0339-configuration,False,True,True,0,True,True,True,True,True,,0,0,METHOD_COMPLETE
handoff-confirmation-candidate-0340,handoff-confirmation-candidate-0340-configuration,False,True,True,0,True,True,True,True,True,,0,0,METHOD_COMPLETE
handoff-confirmation-candidate-0341,handoff-confirmation-candidate-0341-configuration,False,True,True,0,True,True,True,True,True,,0,0,METHOD_COMPLETE
handoff-confirmation-candidate-0342,handoff-confirmation-candidate-0342-configuration,False,True,True,0,True,True,True,True,True,,0,0,METHOD_COMPLETE
handoff-confirmation-candidate-0343,handoff-confirmation-candidate-0343-configuration,False,True,True,0,True,True,True,True,True,,0,0,METHOD_COMPLETE
handoff-confirmation-candidate-0344,handoff-confirmation-candidate-0344-configuration,False,True,True,0,True,True,True,True,True,,0,0,METHOD_COMPLETE
handoff-confirmation-candidate-0345,handoff-confirmation-candidate-0345-configuration,False,True,True,0,True,True,True,True,True,,0,0,METHOD_COMPLETE
handoff-confirmation-candidate-0346,handoff-confirmation-candidate-0346-configuration,False,True,True,0,True,True,True,True,True,,0,0,METHOD_COMPLETE
handoff-confirmation-candidate-0347,handoff-confirmation-candidate-0347-configuration,False,True,True,0,True,True,True,True,True,,0,0,METHOD_COMPLETE
handoff-confirmation-candidate-0348,handoff-confirmation-candidate-0348-configuration,False,True,True,0,True,True,True,True,True,,0,0,METHOD_COMPLETE
handoff-confirmation-candidate-0349,handoff-confirmation-candidate-0349-configuration,False,True,True,0,True,True,True,True,True,,0,0,METHOD_COMPLETE
handoff-confirmation-candidate-0350,handoff-confirmation-candidate-0350-configuration,False,True,True,0,True,True,True,True,True,,0,0,METHOD_COMPLETE
handoff-confirmation-candidate-0351,handoff-confirmation-candidate-0351-configuration,False,True,True,0,True,True,True,True,True,,0,0,METHOD_COMPLETE
handoff-confirmation-candidate-0352,handoff-confirmation-candidate-0352-configuration,False,True,True,0,True,True,True,True,True,,0,0,METHOD_COMPLETE
handoff-confirmation-candidate-0353,handoff-confirmation-candidate-0353-configuration,False,True,True,0,True,True,True,True,True,,0,0,METHOD_COMPLETE
handoff-confirmation-candidate-0354,handoff-confirmation-candidate-0354-configuration,False,True,True,0,True,True,True,True,True,,0,0,METHOD_COMPLETE
handoff-confirmation-candidate-0355,handoff-confirmation-candidate-0355-configuration,False,True,True,0,True,True,True,True,True,,0,0,METHOD_COMPLETE
handoff-confirmation-candidate-0356,handoff-confirmation-candidate-0356-configuration,False,True,True,0,True,True,True,False,False,OUTSIDE_FROZEN_DISCREPANCY_POPULATION_NO_METHOD_CALL,0,0,OUTSIDE_FROZEN_DISCREPANCY_POPULATION_NO_METHOD_CALL
handoff-confirmation-candidate-0357,handoff-confirmation-candidate-0357-configuration,False,True,True,0,True,True,True,True,True,,0,0,METHOD_COMPLETE
handoff-confirmation-candidate-0358,handoff-confirmation-candidate-0358-configuration,False,True,True,0,True,True,True,True,True,,0,0,METHOD_COMPLETE
handoff-confirmation-candidate-0359,handoff-confirmation-candidate-0359-configuration,False,True,True,0,True,True,True,True,True,,0,0,METHOD_COMPLETE
handoff-confirmation-candidate-0360,handoff-confirmation-candidate-0360-configuration,False,True,True,0,True,True,True,True,True,,0,0,METHOD_COMPLETE
handoff-confirmation-candidate-0361,handoff-confirmation-candidate-0361-configuration,False,True,True,0,True,True,True,True,True,,0,0,METHOD_COMPLETE
handoff-confirmation-candidate-0362,handoff-confirmation-candidate-0362-configuration,False,True,True,0,True,True,True,True,True,,0,0,METHOD_COMPLETE
handoff-confirmation-candidate-0363,handoff-confirmation-candidate-0363-configuration,False,True,True,0,True,True,True,True,True,,0,0,METHOD_COMPLETE
handoff-confirmation-candidate-0364,handoff-confirmation-candidate-0364-configuration,False,True,True,0,True,True,True,True,True,,0,0,METHOD_COMPLETE
handoff-confirmation-candidate-0365,handoff-confirmation-candidate-0365-configuration,False,True,True,0,True,True,True,True,True,,0,0,METHOD_COMPLETE
handoff-confirmation-candidate-0366,handoff-confirmation-candidate-0366-configuration,False,True,True,0,True,True,True,True,True,,0,0,METHOD_COMPLETE
handoff-confirmation-candidate-0367,handoff-confirmation-candidate-0367-configuration,False,True,True,0,True,True,True,True,True,,0,0,METHOD_COMPLETE
handoff-confirmation-candidate-0368,handoff-confirmation-candidate-0368-configuration,False,True,True,0,True,True,True,True,True,,0,0,METHOD_COMPLETE
handoff-confirmation-candidate-0369,handoff-confirmation-candidate-0369-configuration,False,True,True,0,True,True,True,True,True,,0,0,METHOD_COMPLETE
handoff-confirmation-candidate-0370,handoff-confirmation-candidate-0370-configuration,False,True,True,0,True,True,True,True,True,,0,0,METHOD_COMPLETE
handoff-confirmation-candidate-0371,handoff-confirmation-candidate-0371-configuration,False,True,True,0,True,True,True,True,True,,0,0,METHOD_COMPLETE
handoff-confirmation-candidate-0372,handoff-confirmation-candidate-0372-configuration,False,True,True,0,True,True,True,True,True,,0,0,METHOD_COMPLETE
handoff-confirmation-candidate-0373,handoff-confirmation-candidate-0373-configuration,False,True,True,0,True,True,True,True,True,,0,0,METHOD_COMPLETE
handoff-confirmation-candidate-0374,handoff-confirmation-candidate-0374-configuration,False,True,True,0,True,True,True,True,True,,0,0,METHOD_COMPLETE
handoff-confirmation-candidate-0375,handoff-confirmation-candidate-0375-configuration,False,True,True,0,True,True,True,True,True,,0,0,METHOD_COMPLETE
handoff-confirmation-candidate-0376,handoff-confirmation-candidate-0376-configuration,False,True,True,0,True,True,True,True,True,,0,0,METHOD_COMPLETE
handoff-confirmation-candidate-0377,handoff-confirmation-candidate-0377-configuration,False,True,True,0,True,True,True,True,True,,0,0,METHOD_COMPLETE
handoff-confirmation-candidate-0378,handoff-confirmation-candidate-0378-configuration,False,True,True,0,True,True,True,True,True,,0,0,METHOD_COMPLETE
handoff-confirmation-candidate-0379,handoff-confirmation-candidate-0379-configuration,False,True,True,0,True,True,True,True,True,,0,0,METHOD_COMPLETE
handoff-confirmation-candidate-0380,handoff-confirmation-candidate-0380-configuration,False,True,True,0,True,True,True,True,True,,0,0,METHOD_COMPLETE
handoff-confirmation-candidate-0381,handoff-confirmation-candidate-0381-configuration,False,True,True,0,True,True,True,True,True,,0,0,METHOD_COMPLETE
handoff-confirmation-candidate-0382,handoff-confirmation-candidate-0382-configuration,False,True,True,0,True,True,True,True,True,,0,0,METHOD_COMPLETE
handoff-confirmation-candidate-0383,handoff-confirmation-candidate-0383-configuration,False,True,True,0,True,True,True,True,True,,0,0,METHOD_COMPLETE
handoff-confirmation-candidate-0384,handoff-confirmation-candidate-0384-configuration,False,True,True,0,True,True,True,True,True,,0,0,METHOD_COMPLETE
handoff-confirmation-candidate-0385,handoff-confirmation-candidate-0385-configuration,False,True,True,0,True,True,True,True,True,,0,0,METHOD_COMPLETE
handoff-confirmation-candidate-0386,handoff-confirmation-candidate-0386-configuration,False,True,True,0,False,False,True,False,False,PHYSICAL_TECHNICAL_INVALID_NO_METHOD_CALL,0,0,PHYSICAL_TECHNICAL_INVALID_NO_METHOD_CALL
handoff-confirmation-candidate-0387,handoff-confirmation-candidate-0387-configuration,False,True,True,0,True,True,True,True,True,,0,0,METHOD_COMPLETE
handoff-confirmation-candidate-0388,handoff-confirmation-candidate-0388-configuration,False,True,True,0,True,True,True,True,True,,0,0,METHOD_COMPLETE
handoff-confirmation-candidate-0389,handoff-confirmation-candidate-0389-configuration,False,True,True,0,True,True,True,True,True,,0,0,METHOD_COMPLETE
handoff-confirmation-candidate-0390,handoff-confirmation-candidate-0390-configuration,False,True,True,0,True,True,True,True,True,,0,0,METHOD_COMPLETE
handoff-confirmation-candidate-0391,handoff-confirmation-candidate-0391-configuration,False,True,True,0,True,True,True,True,True,,0,0,METHOD_COMPLETE
handoff-confirmation-candidate-0392,handoff-confirmation-candidate-0392-configuration,False,True,True,0,True,True,True,True,True,,0,0,METHOD_COMPLETE
handoff-confirmation-candidate-0393,handoff-confirmation-candidate-0393-configuration,False,True,True,0,True,True,True,True,True,,0,0,METHOD_COMPLETE
handoff-confirmation-candidate-0394,handoff-confirmation-candidate-0394-configuration,False,True,True,0,True,True,True,True,True,,0,0,METHOD_COMPLETE
handoff-confirmation-candidate-0395,handoff-confirmation-candidate-0395-configuration,False,True,True,0,True,True,True,True,True,,0,0,METHOD_COMPLETE
handoff-confirmation-candidate-0396,handoff-confirmation-candidate-0396-configuration,False,True,True,0,True,True,True,True,True,,0,0,METHOD_COMPLETE
handoff-confirmation-candidate-0397,handoff-confirmation-candidate-0397-configuration,False,True,True,0,True,True,True,True,True,,0,0,METHOD_COMPLETE
handoff-confirmation-candidate-0398,handoff-confirmation-candidate-0398-configuration,False,True,True,0,True,True,True,True,True,,0,0,METHOD_COMPLETE
handoff-confirmation-candidate-0399,handoff-confirmation-candidate-0399-configuration,False,True,True,0,True,True,True,True,True,,0,0,METHOD_COMPLETE
handoff-confirmation-candidate-0400,handoff-confirmation-candidate-0400-configuration,False,True,True,0,True,True,True,True,True,,0,0,METHOD_COMPLETE
handoff-confirmation-candidate-0401,handoff-confirmation-candidate-0401-configuration,False,True,True,0,True,True,True,True,True,,0,0,METHOD_COMPLETE
handoff-confirmation-candidate-0402,handoff-confirmation-candidate-0402-configuration,False,True,True,0,True,True,True,True,True,,0,0,METHOD_COMPLETE
handoff-confirmation-candidate-0403,handoff-confirmation-candidate-0403-configuration,False,True,True,0,True,True,True,True,True,,0,0,METHOD_COMPLETE
handoff-confirmation-candidate-0404,handoff-confirmation-candidate-0404-configuration,False,True,True,0,True,True,True,True,True,,0,0,METHOD_COMPLETE
handoff-confirmation-candidate-0405,handoff-confirmation-candidate-0405-configuration,False,True,True,0,True,True,True,True,True,,0,0,METHOD_COMPLETE
handoff-confirmation-candidate-0406,handoff-confirmation-candidate-0406-configuration,False,True,True,0,True,True,True,True,True,,0,0,METHOD_COMPLETE
handoff-confirmation-candidate-0407,handoff-confirmation-candidate-0407-configuration,False,True,True,0,True,True,True,True,True,,0,0,METHOD_COMPLETE
handoff-confirmation-candidate-0408,handoff-confirmation-candidate-0408-configuration,False,True,True,0,True,True,True,True,True,,0,0,METHOD_COMPLETE
handoff-confirmation-candidate-0409,handoff-confirmation-candidate-0409-configuration,False,True,True,0,True,True,True,True,True,,0,0,METHOD_COMPLETE
handoff-confirmation-candidate-0410,handoff-confirmation-candidate-0410-configuration,False,True,True,0,True,True,True,True,True,,0,0,METHOD_COMPLETE
handoff-confirmation-candidate-0411,handoff-confirmation-candidate-0411-configuration,False,True,True,0,True,True,True,True,True,,0,0,METHOD_COMPLETE
handoff-confirmation-candidate-0412,handoff-confirmation-candidate-0412-configuration,False,True,True,0,True,True,True,True,True,,0,0,METHOD_COMPLETE
handoff-confirmation-candidate-0413,handoff-confirmation-candidate-0413-configuration,False,True,True,0,True,True,True,True,True,,0,0,METHOD_COMPLETE
handoff-confirmation-candidate-0414,handoff-confirmation-candidate-0414-configuration,False,True,True,0,True,True,True,True,True,,0,0,METHOD_COMPLETE
handoff-confirmation-candidate-0415,handoff-confirmation-candidate-0415-configuration,False,True,True,0,True,True,True,True,True,,0,0,METHOD_COMPLETE
handoff-confirmation-candidate-0416,handoff-confirmation-candidate-0416-configuration,False,True,True,0,True,True,True,True,False,,1,0,METHOD_INCOMPLETE_TECHNICAL_FAILURE
handoff-confirmation-candidate-0417,handoff-confirmation-candidate-0417-configuration,False,True,True,0,True,True,True,True,True,,0,0,METHOD_COMPLETE
handoff-confirmation-candidate-0418,handoff-confirmation-candidate-0418-configuration,False,True,True,0,True,True,True,True,True,,0,0,METHOD_COMPLETE
handoff-confirmation-candidate-0419,handoff-confirmation-candidate-0419-configuration,False,True,True,0,True,True,True,True,True,,0,0,METHOD_COMPLETE
handoff-confirmation-candidate-0420,handoff-confirmation-candidate-0420-configuration,False,True,True,0,True,True,True,True,True,,0,0,METHOD_COMPLETE
handoff-confirmation-candidate-0421,handoff-confirmation-candidate-0421-configuration,False,True,True,0,True,True,True,True,True,,0,0,METHOD_COMPLETE
handoff-confirmation-candidate-0422,handoff-confirmation-candidate-0422-configuration,False,True,True,0,True,True,True,True,True,,0,0,METHOD_COMPLETE
handoff-confirmation-candidate-0423,handoff-confirmation-candidate-0423-configuration,False,True,True,0,True,True,True,True,True,,0,0,METHOD_COMPLETE
handoff-confirmation-candidate-0424,handoff-confirmation-candidate-0424-configuration,False,True,True,0,True,True,True,True,True,,0,0,METHOD_COMPLETE
handoff-confirmation-candidate-0425,handoff-confirmation-candidate-0425-configuration,False,True,True,0,True,True,True,True,True,,0,0,METHOD_COMPLETE
handoff-confirmation-candidate-0426,handoff-confirmation-candidate-0426-configuration,False,True,True,0,True,True,True,True,True,,0,0,METHOD_COMPLETE
handoff-confirmation-candidate-0427,handoff-confirmation-candidate-0427-configuration,False,True,True,0,True,True,True,True,True,,0,0,METHOD_COMPLETE
handoff-confirmation-candidate-0428,handoff-confirmation-candidate-0428-configuration,False,True,True,0,True,True,True,True,True,,0,0,METHOD_COMPLETE
handoff-confirmation-candidate-0429,handoff-confirmation-candidate-0429-configuration,False,True,True,0,True,True,True,True,True,,0,0,METHOD_COMPLETE
handoff-confirmation-candidate-0430,handoff-confirmation-candidate-0430-configuration,False,True,True,0,True,True,True,True,True,,0,0,METHOD_COMPLETE
handoff-confirmation-candidate-0431,handoff-confirmation-candidate-0431-configuration,False,True,True,0,True,True,True,True,True,,0,0,METHOD_COMPLETE
handoff-confirmation-candidate-0432,handoff-confirmation-candidate-0432-configuration,False,True,True,0,True,True,True,True,True,,0,0,METHOD_COMPLETE
handoff-confirmation-candidate-0433,handoff-confirmation-candidate-0433-configuration,False,True,True,0,True,True,True,True,True,,0,0,METHOD_COMPLETE
handoff-confirmation-candidate-0434,handoff-confirmation-candidate-0434-configuration,False,True,True,0,True,True,True,True,True,,0,0,METHOD_COMPLETE
handoff-confirmation-candidate-0435,handoff-confirmation-candidate-0435-configuration,False,True,True,0,True,True,True,True,True,,0,0,METHOD_COMPLETE
handoff-confirmation-candidate-0436,handoff-confirmation-candidate-0436-configuration,False,True,True,0,True,True,True,True,True,,0,0,METHOD_COMPLETE
handoff-confirmation-candidate-0437,handoff-confirmation-candidate-0437-configuration,False,True,True,0,True,True,True,True,True,,0,0,METHOD_COMPLETE
handoff-confirmation-candidate-0438,handoff-confirmation-candidate-0438-configuration,False,True,True,0,True,True,True,True,True,,0,0,METHOD_COMPLETE
handoff-confirmation-candidate-0439,handoff-confirmation-candidate-0439-configuration,False,True,True,0,True,True,True,True,True,,0,0,METHOD_COMPLETE
handoff-confirmation-candidate-0440,handoff-confirmation-candidate-0440-configuration,False,True,True,0,True,True,True,True,True,,0,0,METHOD_COMPLETE
handoff-confirmation-candidate-0441,handoff-confirmation-candidate-0441-configuration,False,True,True,0,True,True,True,True,True,,0,0,METHOD_COMPLETE
handoff-confirmation-candidate-0442,handoff-confirmation-candidate-0442-configuration,False,True,True,0,True,True,True,True,True,,0,0,METHOD_COMPLETE
handoff-confirmation-candidate-0443,handoff-confirmation-candidate-0443-configuration,False,True,True,0,True,True,True,True,True,,0,0,METHOD_COMPLETE
handoff-confirmation-candidate-0444,handoff-confirmation-candidate-0444-configuration,False,True,True,0,True,True,True,True,True,,0,0,METHOD_COMPLETE
handoff-confirmation-candidate-0445,handoff-confirmation-candidate-0445-configuration,False,True,True,0,True,True,True,True,True,,0,0,METHOD_COMPLETE
handoff-confirmation-candidate-0446,handoff-confirmation-candidate-0446-configuration,False,True,True,0,True,True,True,True,True,,0,0,METHOD_COMPLETE
handoff-confirmation-candidate-0447,handoff-confirmation-candidate-0447-configuration,False,True,True,0,False,False,True,False,False,PHYSICAL_TECHNICAL_INVALID_NO_METHOD_CALL,0,0,PHYSICAL_TECHNICAL_INVALID_NO_METHOD_CALL
handoff-confirmation-candidate-0448,handoff-confirmation-candidate-0448-configuration,False,True,True,0,True,True,True,True,True,,0,0,METHOD_COMPLETE
handoff-confirmation-candidate-0449,handoff-confirmation-candidate-0449-configuration,False,True,True,0,True,True,True,True,True,,0,0,METHOD_COMPLETE
handoff-confirmation-candidate-0450,handoff-confirmation-candidate-0450-configuration,False,True,True,0,True,True,True,True,True,,0,0,METHOD_COMPLETE
handoff-confirmation-candidate-0451,handoff-confirmation-candidate-0451-configuration,False,True,True,0,True,True,True,True,True,,0,0,METHOD_COMPLETE
handoff-confirmation-candidate-0452,handoff-confirmation-candidate-0452-configuration,False,True,True,0,True,True,True,True,True,,0,0,METHOD_COMPLETE
handoff-confirmation-candidate-0453,handoff-confirmation-candidate-0453-configuration,False,True,True,0,True,True,True,True,True,,0,0,METHOD_COMPLETE
handoff-confirmation-candidate-0454,handoff-confirmation-candidate-0454-configuration,False,True,True,0,True,True,True,True,True,,0,0,METHOD_COMPLETE
handoff-confirmation-candidate-0455,handoff-confirmation-candidate-0455-configuration,False,True,True,0,True,True,True,True,True,,0,0,METHOD_COMPLETE
handoff-confirmation-candidate-0456,handoff-confirmation-candidate-0456-configuration,False,True,True,0,False,True,True,False,False,PHYSICAL_TECHNICAL_INVALID_NO_METHOD_CALL,0,0,PHYSICAL_TECHNICAL_INVALID_NO_METHOD_CALL
handoff-confirmation-candidate-0457,handoff-confirmation-candidate-0457-configuration,False,True,True,0,True,True,True,True,True,,0,0,METHOD_COMPLETE
handoff-confirmation-candidate-0458,handoff-confirmation-candidate-0458-configuration,False,True,True,0,True,True,True,True,True,,0,0,METHOD_COMPLETE
handoff-confirmation-candidate-0459,handoff-confirmation-candidate-0459-configuration,False,True,True,0,True,True,True,True,True,,0,0,METHOD_COMPLETE
handoff-confirmation-candidate-0460,handoff-confirmation-candidate-0460-configuration,False,True,True,0,True,True,True,True,True,,0,0,METHOD_COMPLETE
handoff-confirmation-candidate-0461,handoff-confirmation-candidate-0461-configuration,False,True,True,0,True,True,True,True,True,,0,0,METHOD_COMPLETE
handoff-confirmation-candidate-0462,handoff-confirmation-candidate-0462-configuration,False,True,True,0,True,True,True,True,True,,0,0,METHOD_COMPLETE
handoff-confirmation-candidate-0463,handoff-confirmation-candidate-0463-configuration,False,True,True,0,True,True,True,True,True,,0,0,METHOD_COMPLETE
handoff-confirmation-candidate-0464,handoff-confirmation-candidate-0464-configuration,False,True,True,0,True,True,True,True,True,,0,0,METHOD_COMPLETE
handoff-confirmation-candidate-0465,handoff-confirmation-candidate-0465-configuration,False,True,True,0,True,True,True,True,True,,0,0,METHOD_COMPLETE
handoff-confirmation-candidate-0466,handoff-confirmation-candidate-0466-configuration,False,True,True,0,True,True,True,True,True,,0,0,METHOD_COMPLETE
handoff-confirmation-candidate-0467,handoff-confirmation-candidate-0467-configuration,False,True,True,0,True,True,True,True,True,,0,0,METHOD_COMPLETE
handoff-confirmation-candidate-0468,handoff-confirmation-candidate-0468-configuration,False,True,True,0,True,True,True,True,True,,0,0,METHOD_COMPLETE
handoff-confirmation-candidate-0469,handoff-confirmation-candidate-0469-configuration,False,True,True,0,True,True,True,True,True,,0,0,METHOD_COMPLETE
handoff-confirmation-candidate-0470,handoff-confirmation-candidate-0470-configuration,False,True,True,0,True,True,True,True,True,,0,0,METHOD_COMPLETE
handoff-confirmation-candidate-0471,handoff-confirmation-candidate-0471-configuration,False,True,True,0,True,True,True,True,True,,0,0,METHOD_COMPLETE
handoff-confirmation-candidate-0472,handoff-confirmation-candidate-0472-configuration,False,True,True,0,True,True,True,True,True,,0,0,METHOD_COMPLETE
handoff-confirmation-candidate-0473,handoff-confirmation-candidate-0473-configuration,False,True,True,0,True,True,True,True,True,,0,0,METHOD_COMPLETE
handoff-confirmation-candidate-0474,handoff-confirmation-candidate-0474-configuration,False,True,True,0,True,True,True,True,True,,0,0,METHOD_COMPLETE
handoff-confirmation-candidate-0475,handoff-confirmation-candidate-0475-configuration,False,True,True,0,True,True,True,True,True,,0,0,METHOD_COMPLETE
handoff-confirmation-candidate-0476,handoff-confirmation-candidate-0476-configuration,False,True,True,0,True,True,True,True,True,,0,0,METHOD_COMPLETE
handoff-confirmation-candidate-0477,handoff-confirmation-candidate-0477-configuration,False,True,True,0,True,True,True,True,True,,0,0,METHOD_COMPLETE
handoff-confirmation-candidate-0478,handoff-confirmation-candidate-0478-configuration,False,True,True,0,True,True,True,True,True,,0,0,METHOD_COMPLETE
handoff-confirmation-candidate-0479,handoff-confirmation-candidate-0479-configuration,False,True,True,0,True,True,True,True,True,,0,0,METHOD_COMPLETE
handoff-confirmation-candidate-0480,handoff-confirmation-candidate-0480-configuration,False,True,True,0,True,True,True,True,True,,0,0,METHOD_COMPLETE
handoff-confirmation-candidate-0481,handoff-confirmation-candidate-0481-configuration,False,True,True,0,True,True,True,True,True,,0,0,METHOD_COMPLETE
handoff-confirmation-candidate-0482,handoff-confirmation-candidate-0482-configuration,False,True,True,0,True,True,True,True,True,,0,0,METHOD_COMPLETE
handoff-confirmation-candidate-0483,handoff-confirmation-candidate-0483-configuration,False,True,True,0,True,True,True,True,True,,0,0,METHOD_COMPLETE
handoff-confirmation-candidate-0484,handoff-confirmation-candidate-0484-configuration,False,True,True,0,True,True,True,True,True,,0,0,METHOD_COMPLETE
handoff-confirmation-candidate-0485,handoff-confirmation-candidate-0485-configuration,False,True,True,0,False,True,True,False,False,PHYSICAL_TECHNICAL_INVALID_NO_METHOD_CALL,0,0,PHYSICAL_TECHNICAL_INVALID_NO_METHOD_CALL
handoff-confirmation-candidate-0486,handoff-confirmation-candidate-0486-configuration,False,True,True,0,True,True,True,True,True,,0,0,METHOD_COMPLETE
handoff-confirmation-candidate-0487,handoff-confirmation-candidate-0487-configuration,False,True,True,0,False,True,True,False,False,PHYSICAL_TECHNICAL_INVALID_NO_METHOD_CALL,0,0,PHYSICAL_TECHNICAL_INVALID_NO_METHOD_CALL
handoff-confirmation-candidate-0488,handoff-confirmation-candidate-0488-configuration,False,True,True,0,True,True,True,True,True,,0,0,METHOD_COMPLETE
handoff-confirmation-candidate-0489,handoff-confirmation-candidate-0489-configuration,False,True,True,0,True,True,True,True,True,,0,0,METHOD_COMPLETE
handoff-confirmation-candidate-0490,handoff-confirmation-candidate-0490-configuration,False,True,True,0,True,True,True,True,True,,0,0,METHOD_COMPLETE
handoff-confirmation-candidate-0491,handoff-confirmation-candidate-0491-configuration,False,True,True,0,True,True,True,True,True,,0,0,METHOD_COMPLETE
handoff-confirmation-candidate-0492,handoff-confirmation-candidate-0492-configuration,False,True,True,0,True,True,True,True,True,,0,0,METHOD_COMPLETE
handoff-confirmation-candidate-0493,handoff-confirmation-candidate-0493-configuration,False,True,True,0,True,True,True,True,True,,0,0,METHOD_COMPLETE
handoff-confirmation-candidate-0494,handoff-confirmation-candidate-0494-configuration,False,True,True,0,True,True,True,True,True,,0,0,METHOD_COMPLETE
handoff-confirmation-candidate-0495,handoff-confirmation-candidate-0495-configuration,False,True,True,0,True,True,True,True,True,,0,0,METHOD_COMPLETE
handoff-confirmation-candidate-0496,handoff-confirmation-candidate-0496-configuration,False,True,True,0,True,True,True,True,True,,0,0,METHOD_COMPLETE
handoff-confirmation-candidate-0497,handoff-confirmation-candidate-0497-configuration,False,True,True,0,True,True,True,True,True,,0,0,METHOD_COMPLETE
handoff-confirmation-candidate-0498,handoff-confirmation-candidate-0498-configuration,False,True,True,0,True,True,True,True,True,,0,0,METHOD_COMPLETE
handoff-confirmation-candidate-0499,handoff-confirmation-candidate-0499-configuration,False,True,True,0,True,True,True,True,True,,0,0,METHOD_COMPLETE
handoff-confirmation-candidate-0500,handoff-confirmation-candidate-0500-configuration,False,True,True,0,True,True,True,True,True,,0,0,METHOD_COMPLETE
handoff-confirmation-candidate-0501,handoff-confirmation-candidate-0501-configuration,False,True,True,0,True,True,True,True,True,,0,0,METHOD_COMPLETE
handoff-confirmation-candidate-0502,handoff-confirmation-candidate-0502-configuration,False,True,True,0,True,True,True,True,True,,0,0,METHOD_COMPLETE
handoff-confirmation-candidate-0503,handoff-confirmation-candidate-0503-configuration,False,True,True,0,True,True,True,True,True,,0,0,METHOD_COMPLETE
handoff-confirmation-candidate-0504,handoff-confirmation-candidate-0504-configuration,False,True,True,0,True,True,True,True,True,,0,0,METHOD_COMPLETE
handoff-confirmation-candidate-0505,handoff-confirmation-candidate-0505-configuration,False,True,True,0,True,True,True,True,True,,0,0,METHOD_COMPLETE
handoff-confirmation-candidate-0506,handoff-confirmation-candidate-0506-configuration,False,True,True,0,True,True,True,True,True,,0,0,METHOD_COMPLETE
handoff-confirmation-candidate-0507,handoff-confirmation-candidate-0507-configuration,False,True,True,0,True,True,True,True,True,,0,0,METHOD_COMPLETE
handoff-confirmation-candidate-0508,handoff-confirmation-candidate-0508-configuration,False,True,True,0,True,True,True,True,True,,0,0,METHOD_COMPLETE
handoff-confirmation-candidate-0509,handoff-confirmation-candidate-0509-configuration,False,True,True,0,True,True,True,True,True,,0,0,METHOD_COMPLETE
handoff-confirmation-candidate-0510,handoff-confirmation-candidate-0510-configuration,False,True,True,0,True,True,True,True,True,,0,0,METHOD_COMPLETE
handoff-confirmation-candidate-0511,handoff-confirmation-candidate-0511-configuration,False,True,True,0,True,True,True,True,True,,0,0,METHOD_COMPLETE
handoff-confirmation-candidate-0512,handoff-confirmation-candidate-0512-configuration,False,True,True,0,True,True,True,True,True,,0,0,METHOD_COMPLETE
handoff-confirmation-candidate-0513,handoff-confirmation-candidate-0513-configuration,False,True,True,0,True,True,True,True,True,,0,0,METHOD_COMPLETE
handoff-confirmation-candidate-0514,handoff-confirmation-candidate-0514-configuration,False,True,True,0,True,True,True,True,True,,0,0,METHOD_COMPLETE
handoff-confirmation-candidate-0515,handoff-confirmation-candidate-0515-configuration,False,True,True,0,False,True,True,False,False,PHYSICAL_TECHNICAL_INVALID_NO_METHOD_CALL,0,0,PHYSICAL_TECHNICAL_INVALID_NO_METHOD_CALL
handoff-confirmation-candidate-0516,handoff-confirmation-candidate-0516-configuration,False,True,True,0,True,True,True,True,True,,0,0,METHOD_COMPLETE
handoff-confirmation-candidate-0517,handoff-confirmation-candidate-0517-configuration,False,True,True,0,True,True,True,True,True,,0,0,METHOD_COMPLETE
handoff-confirmation-candidate-0518,handoff-confirmation-candidate-0518-configuration,False,True,True,0,False,True,True,False,False,PHYSICAL_TECHNICAL_INVALID_NO_METHOD_CALL,0,0,PHYSICAL_TECHNICAL_INVALID_NO_METHOD_CALL
handoff-confirmation-candidate-0519,handoff-confirmation-candidate-0519-configuration,False,True,True,0,True,True,True,True,True,,0,0,METHOD_COMPLETE
handoff-confirmation-candidate-0520,handoff-confirmation-candidate-0520-configuration,False,True,True,0,True,True,True,True,True,,0,0,METHOD_COMPLETE
handoff-confirmation-candidate-0521,handoff-confirmation-candidate-0521-configuration,False,True,True,0,True,True,True,True,True,,0,0,METHOD_COMPLETE
handoff-confirmation-candidate-0522,handoff-confirmation-candidate-0522-configuration,False,True,True,0,True,True,True,True,True,,0,0,METHOD_COMPLETE
handoff-confirmation-candidate-0523,handoff-confirmation-candidate-0523-configuration,False,True,True,0,True,True,True,True,True,,0,0,METHOD_COMPLETE
handoff-confirmation-candidate-0524,handoff-confirmation-candidate-0524-configuration,False,True,True,0,True,True,True,True,True,,0,0,METHOD_COMPLETE
handoff-confirmation-candidate-0525,handoff-confirmation-candidate-0525-configuration,False,True,True,0,True,True,True,True,True,,0,0,METHOD_COMPLETE
handoff-confirmation-candidate-0526,handoff-confirmation-candidate-0526-configuration,False,True,True,0,False,False,True,False,False,PHYSICAL_TECHNICAL_INVALID_NO_METHOD_CALL,0,0,PHYSICAL_TECHNICAL_INVALID_NO_METHOD_CALL
handoff-confirmation-candidate-0527,handoff-confirmation-candidate-0527-configuration,False,True,True,0,True,True,True,True,True,,0,0,METHOD_COMPLETE
handoff-confirmation-candidate-0528,handoff-confirmation-candidate-0528-configuration,False,True,True,0,True,True,True,True,True,,0,0,METHOD_COMPLETE
handoff-confirmation-candidate-0529,handoff-confirmation-candidate-0529-configuration,False,True,True,0,True,True,True,True,True,,0,0,METHOD_COMPLETE
handoff-confirmation-candidate-0530,handoff-confirmation-candidate-0530-configuration,False,True,True,0,True,True,True,True,True,,0,0,METHOD_COMPLETE
handoff-confirmation-candidate-0531,handoff-confirmation-candidate-0531-configuration,False,True,True,0,True,True,True,True,True,,0,0,METHOD_COMPLETE
handoff-confirmation-candidate-0532,handoff-confirmation-candidate-0532-configuration,False,True,True,0,True,True,True,True,True,,0,0,METHOD_COMPLETE
handoff-confirmation-candidate-0533,handoff-confirmation-candidate-0533-configuration,False,True,True,0,False,True,True,False,False,PHYSICAL_TECHNICAL_INVALID_NO_METHOD_CALL,0,0,PHYSICAL_TECHNICAL_INVALID_NO_METHOD_CALL
handoff-confirmation-candidate-0534,handoff-confirmation-candidate-0534-configuration,False,True,True,0,True,True,True,True,True,,0,0,METHOD_COMPLETE
handoff-confirmation-candidate-0535,handoff-confirmation-candidate-0535-configuration,False,True,True,0,True,True,True,True,True,,0,0,METHOD_COMPLETE
handoff-confirmation-candidate-0536,handoff-confirmation-candidate-0536-configuration,False,True,True,0,True,True,True,True,True,,0,0,METHOD_COMPLETE
handoff-confirmation-candidate-0537,handoff-confirmation-candidate-0537-configuration,False,True,True,0,True,True,True,True,True,,0,0,METHOD_COMPLETE
handoff-confirmation-candidate-0538,handoff-confirmation-candidate-0538-configuration,False,True,True,0,True,True,True,True,True,,0,0,METHOD_COMPLETE
handoff-confirmation-candidate-0539,handoff-confirmation-candidate-0539-configuration,False,True,True,0,True,True,True,True,True,,0,0,METHOD_COMPLETE
handoff-confirmation-candidate-0540,handoff-confirmation-candidate-0540-configuration,False,True,True,0,True,True,True,True,True,,0,0,METHOD_COMPLETE
handoff-confirmation-candidate-0541,handoff-confirmation-candidate-0541-configuration,False,True,True,0,True,True,True,True,True,,0,0,METHOD_COMPLETE
handoff-confirmation-candidate-0542,handoff-confirmation-candidate-0542-configuration,False,True,True,0,True,True,True,True,True,,0,0,METHOD_COMPLETE
handoff-confirmation-candidate-0543,handoff-confirmation-candidate-0543-configuration,False,True,True,0,True,True,True,True,True,,0,0,METHOD_COMPLETE
handoff-confirmation-candidate-0544,handoff-confirmation-candidate-0544-configuration,False,True,True,0,True,True,True,True,True,,0,0,METHOD_COMPLETE
handoff-confirmation-candidate-0545,handoff-confirmation-candidate-0545-configuration,False,True,True,0,True,True,True,True,True,,0,0,METHOD_COMPLETE
handoff-confirmation-candidate-0546,handoff-confirmation-candidate-0546-configuration,False,True,True,0,True,True,True,True,True,,0,0,METHOD_COMPLETE
handoff-confirmation-candidate-0547,handoff-confirmation-candidate-0547-configuration,False,True,True,0,True,True,True,True,True,,0,0,METHOD_COMPLETE
handoff-confirmation-candidate-0548,handoff-confirmation-candidate-0548-configuration,False,True,True,0,True,True,True,True,True,,0,0,METHOD_COMPLETE
handoff-confirmation-candidate-0549,handoff-confirmation-candidate-0549-configuration,False,True,True,0,True,True,True,True,True,,0,0,METHOD_COMPLETE
handoff-confirmation-candidate-0550,handoff-confirmation-candidate-0550-configuration,False,True,True,0,True,True,True,True,True,,0,0,METHOD_COMPLETE
handoff-confirmation-candidate-0551,handoff-confirmation-candidate-0551-configuration,False,True,True,0,True,True,True,True,True,,0,0,METHOD_COMPLETE
handoff-confirmation-candidate-0552,handoff-confirmation-candidate-0552-configuration,False,True,True,0,True,True,True,True,True,,0,0,METHOD_COMPLETE
handoff-confirmation-candidate-0553,handoff-confirmation-candidate-0553-configuration,False,True,True,0,True,True,True,True,True,,0,0,METHOD_COMPLETE
handoff-confirmation-candidate-0554,handoff-confirmation-candidate-0554-configuration,False,True,True,0,True,True,True,True,True,,0,0,METHOD_COMPLETE
handoff-confirmation-candidate-0555,handoff-confirmation-candidate-0555-configuration,False,True,True,0,True,True,True,True,True,,0,0,METHOD_COMPLETE
handoff-confirmation-candidate-0556,handoff-confirmation-candidate-0556-configuration,False,True,True,0,True,True,True,True,True,,0,0,METHOD_COMPLETE
handoff-confirmation-candidate-0557,handoff-confirmation-candidate-0557-configuration,False,True,True,0,True,True,True,True,True,,0,0,METHOD_COMPLETE
handoff-confirmation-candidate-0558,handoff-confirmation-candidate-0558-configuration,False,True,True,0,True,True,True,True,True,,0,0,METHOD_COMPLETE
handoff-confirmation-candidate-0559,handoff-confirmation-candidate-0559-configuration,False,True,True,0,True,True,True,True,True,,0,0,METHOD_COMPLETE
handoff-confirmation-candidate-0560,handoff-confirmation-candidate-0560-configuration,False,True,True,0,True,True,True,True,True,,0,0,METHOD_COMPLETE
handoff-confirmation-candidate-0561,handoff-confirmation-candidate-0561-configuration,False,True,True,0,True,True,True,True,True,,0,0,METHOD_COMPLETE
handoff-confirmation-candidate-0562,handoff-confirmation-candidate-0562-configuration,False,True,True,0,True,True,True,True,True,,0,0,METHOD_COMPLETE
handoff-confirmation-candidate-0563,handoff-confirmation-candidate-0563-configuration,False,True,True,0,True,True,True,True,True,,0,0,METHOD_COMPLETE
handoff-confirmation-candidate-0564,handoff-confirmation-candidate-0564-configuration,False,True,True,0,True,True,True,True,True,,0,0,METHOD_COMPLETE
handoff-confirmation-candidate-0565,handoff-confirmation-candidate-0565-configuration,False,True,True,0,True,True,True,True,True,,0,0,METHOD_COMPLETE
handoff-confirmation-candidate-0566,handoff-confirmation-candidate-0566-configuration,False,True,True,0,True,True,True,True,True,,0,0,METHOD_COMPLETE
handoff-confirmation-candidate-0567,handoff-confirmation-candidate-0567-configuration,False,True,True,0,True,True,True,True,True,,0,0,METHOD_COMPLETE
handoff-confirmation-candidate-0568,handoff-confirmation-candidate-0568-configuration,False,True,True,0,True,True,True,True,True,,0,0,METHOD_COMPLETE
handoff-confirmation-candidate-0569,handoff-confirmation-candidate-0569-configuration,False,True,True,0,True,True,True,True,True,,0,0,METHOD_COMPLETE
handoff-confirmation-candidate-0570,handoff-confirmation-candidate-0570-configuration,False,True,True,0,True,True,True,True,True,,0,0,METHOD_COMPLETE
handoff-confirmation-candidate-0571,handoff-confirmation-candidate-0571-configuration,False,True,True,0,True,True,True,True,True,,0,0,METHOD_COMPLETE
handoff-confirmation-candidate-0572,handoff-confirmation-candidate-0572-configuration,False,True,True,0,True,True,True,True,True,,0,0,METHOD_COMPLETE
handoff-confirmation-candidate-0573,handoff-confirmation-candidate-0573-configuration,False,True,True,0,True,True,True,True,True,,0,0,METHOD_COMPLETE
handoff-confirmation-candidate-0574,handoff-confirmation-candidate-0574-configuration,False,True,True,0,True,True,True,True,True,,0,0,METHOD_COMPLETE
handoff-confirmation-candidate-0575,handoff-confirmation-candidate-0575-configuration,False,True,True,0,False,True,True,False,False,PHYSICAL_TECHNICAL_INVALID_NO_METHOD_CALL,0,0,PHYSICAL_TECHNICAL_INVALID_NO_METHOD_CALL
handoff-confirmation-candidate-0576,handoff-confirmation-candidate-0576-configuration,False,True,True,0,True,True,True,True,True,,0,0,METHOD_COMPLETE
handoff-confirmation-candidate-0577,handoff-confirmation-candidate-0577-configuration,False,True,True,0,False,True,True,False,False,PHYSICAL_TECHNICAL_INVALID_NO_METHOD_CALL,0,0,PHYSICAL_TECHNICAL_INVALID_NO_METHOD_CALL
handoff-confirmation-candidate-0578,handoff-confirmation-candidate-0578-configuration,False,True,True,0,True,True,True,True,True,,0,0,METHOD_COMPLETE
handoff-confirmation-candidate-0579,handoff-confirmation-candidate-0579-configuration,False,True,True,0,True,True,True,True,True,,0,0,METHOD_COMPLETE
handoff-confirmation-candidate-0580,handoff-confirmation-candidate-0580-configuration,False,True,True,0,True,True,True,True,True,,0,0,METHOD_COMPLETE
handoff-confirmation-candidate-0581,handoff-confirmation-candidate-0581-configuration,False,True,True,0,True,True,True,True,True,,0,0,METHOD_COMPLETE
handoff-confirmation-candidate-0582,handoff-confirmation-candidate-0582-configuration,False,True,True,0,True,True,True,True,True,,0,0,METHOD_COMPLETE
handoff-confirmation-candidate-0583,handoff-confirmation-candidate-0583-configuration,False,True,True,0,True,True,True,True,True,,0,0,METHOD_COMPLETE
handoff-confirmation-candidate-0584,handoff-confirmation-candidate-0584-configuration,False,True,True,0,True,True,True,True,True,,0,0,METHOD_COMPLETE
handoff-confirmation-candidate-0585,handoff-confirmation-candidate-0585-configuration,False,True,True,0,False,True,True,False,False,PHYSICAL_TECHNICAL_INVALID_NO_METHOD_CALL,0,0,PHYSICAL_TECHNICAL_INVALID_NO_METHOD_CALL
handoff-confirmation-candidate-0586,handoff-confirmation-candidate-0586-configuration,False,True,True,0,True,True,True,True,True,,0,0,METHOD_COMPLETE
handoff-confirmation-candidate-0587,handoff-confirmation-candidate-0587-configuration,False,True,True,0,True,True,True,True,True,,0,0,METHOD_COMPLETE
handoff-confirmation-candidate-0588,handoff-confirmation-candidate-0588-configuration,False,True,True,0,True,True,True,True,True,,0,0,METHOD_COMPLETE
handoff-confirmation-candidate-0589,handoff-confirmation-candidate-0589-configuration,False,True,True,0,True,True,True,True,True,,0,0,METHOD_COMPLETE
handoff-confirmation-candidate-0590,handoff-confirmation-candidate-0590-configuration,False,True,True,0,True,True,True,True,True,,0,0,METHOD_COMPLETE
handoff-confirmation-candidate-0591,handoff-confirmation-candidate-0591-configuration,False,True,True,0,True,True,True,True,True,,0,0,METHOD_COMPLETE
handoff-confirmation-candidate-0592,handoff-confirmation-candidate-0592-configuration,False,True,True,0,True,True,True,True,True,,0,0,METHOD_COMPLETE
handoff-confirmation-candidate-0593,handoff-confirmation-candidate-0593-configuration,False,True,True,0,True,True,True,True,True,,0,0,METHOD_COMPLETE
handoff-confirmation-candidate-0594,handoff-confirmation-candidate-0594-configuration,False,True,True,0,True,True,True,True,True,,0,0,METHOD_COMPLETE
handoff-confirmation-candidate-0595,handoff-confirmation-candidate-0595-configuration,False,True,True,0,True,True,True,True,True,,0,0,METHOD_COMPLETE
handoff-confirmation-candidate-0596,handoff-confirmation-candidate-0596-configuration,False,True,True,0,True,True,True,True,True,,0,0,METHOD_COMPLETE
handoff-confirmation-candidate-0597,handoff-confirmation-candidate-0597-configuration,False,True,True,0,True,True,True,True,True,,0,0,METHOD_COMPLETE
handoff-confirmation-candidate-0598,handoff-confirmation-candidate-0598-configuration,False,True,True,0,True,True,True,True,True,,0,0,METHOD_COMPLETE
handoff-confirmation-candidate-0599,handoff-confirmation-candidate-0599-configuration,False,True,True,0,True,True,True,True,True,,0,0,METHOD_COMPLETE
handoff-confirmation-candidate-0600,handoff-confirmation-candidate-0600-configuration,False,True,True,0,True,True,True,True,True,,0,0,METHOD_COMPLETE
handoff-confirmation-candidate-0601,handoff-confirmation-candidate-0601-configuration,False,True,True,0,True,True,True,True,True,,0,0,METHOD_COMPLETE
handoff-confirmation-candidate-0602,handoff-confirmation-candidate-0602-configuration,False,True,True,0,True,True,True,True,True,,0,0,METHOD_COMPLETE
handoff-confirmation-candidate-0603,handoff-confirmation-candidate-0603-configuration,False,True,True,0,True,True,True,True,True,,0,0,METHOD_COMPLETE
handoff-confirmation-candidate-0604,handoff-confirmation-candidate-0604-configuration,False,True,True,0,True,True,True,True,True,,0,0,METHOD_COMPLETE
handoff-confirmation-candidate-0605,handoff-confirmation-candidate-0605-configuration,False,True,True,0,True,True,True,True,True,,0,0,METHOD_COMPLETE
handoff-confirmation-candidate-0606,handoff-confirmation-candidate-0606-configuration,False,True,True,0,True,True,True,True,True,,0,0,METHOD_COMPLETE
handoff-confirmation-candidate-0607,handoff-confirmation-candidate-0607-configuration,False,True,True,0,True,True,True,True,True,,0,0,METHOD_COMPLETE
handoff-confirmation-candidate-0608,handoff-confirmation-candidate-0608-configuration,False,True,True,0,True,True,True,True,True,,0,0,METHOD_COMPLETE
handoff-confirmation-candidate-0609,handoff-confirmation-candidate-0609-configuration,False,True,True,0,True,True,True,True,True,,0,0,METHOD_COMPLETE
handoff-confirmation-candidate-0610,handoff-confirmation-candidate-0610-configuration,False,True,True,0,True,True,True,True,True,,0,0,METHOD_COMPLETE
handoff-confirmation-candidate-0611,handoff-confirmation-candidate-0611-configuration,False,True,True,0,True,True,True,True,True,,0,0,METHOD_COMPLETE
handoff-confirmation-candidate-0612,handoff-confirmation-candidate-0612-configuration,False,True,True,0,True,True,True,True,True,,0,0,METHOD_COMPLETE
handoff-confirmation-candidate-0613,handoff-confirmation-candidate-0613-configuration,False,True,True,0,True,True,True,True,True,,0,0,METHOD_COMPLETE
handoff-confirmation-candidate-0614,handoff-confirmation-candidate-0614-configuration,False,True,True,0,True,True,True,True,True,,0,0,METHOD_COMPLETE
handoff-confirmation-candidate-0615,handoff-confirmation-candidate-0615-configuration,False,True,True,0,False,True,True,False,False,PHYSICAL_TECHNICAL_INVALID_NO_METHOD_CALL,0,0,PHYSICAL_TECHNICAL_INVALID_NO_METHOD_CALL
handoff-confirmation-candidate-0616,handoff-confirmation-candidate-0616-configuration,False,True,True,0,True,True,True,True,True,,0,0,METHOD_COMPLETE
handoff-confirmation-candidate-0617,handoff-confirmation-candidate-0617-configuration,False,True,True,0,True,True,True,True,True,,0,0,METHOD_COMPLETE
handoff-confirmation-candidate-0618,handoff-confirmation-candidate-0618-configuration,False,True,True,0,True,True,True,True,True,,0,0,METHOD_COMPLETE
handoff-confirmation-candidate-0619,handoff-confirmation-candidate-0619-configuration,False,True,True,0,True,True,True,True,True,,0,0,METHOD_COMPLETE
handoff-confirmation-candidate-0620,handoff-confirmation-candidate-0620-configuration,False,True,True,0,True,True,True,True,True,,0,0,METHOD_COMPLETE
handoff-confirmation-candidate-0621,handoff-confirmation-candidate-0621-configuration,False,True,True,0,True,True,True,True,True,,0,0,METHOD_COMPLETE
handoff-confirmation-candidate-0622,handoff-confirmation-candidate-0622-configuration,False,True,True,0,True,True,True,True,True,,0,0,METHOD_COMPLETE
handoff-confirmation-candidate-0623,handoff-confirmation-candidate-0623-configuration,False,True,True,0,True,True,True,True,True,,0,0,METHOD_COMPLETE
handoff-confirmation-candidate-0624,handoff-confirmation-candidate-0624-configuration,False,True,True,0,True,True,True,True,True,,0,0,METHOD_COMPLETE
handoff-confirmation-candidate-0625,handoff-confirmation-candidate-0625-configuration,False,True,True,0,True,True,True,True,True,,0,0,METHOD_COMPLETE
handoff-confirmation-candidate-0626,handoff-confirmation-candidate-0626-configuration,False,True,True,0,True,True,True,True,True,,0,0,METHOD_COMPLETE
handoff-confirmation-candidate-0627,handoff-confirmation-candidate-0627-configuration,False,True,True,0,True,True,True,True,True,,0,0,METHOD_COMPLETE
handoff-confirmation-candidate-0628,handoff-confirmation-candidate-0628-configuration,False,True,True,0,False,True,True,False,False,PHYSICAL_TECHNICAL_INVALID_NO_METHOD_CALL,0,0,PHYSICAL_TECHNICAL_INVALID_NO_METHOD_CALL
handoff-confirmation-candidate-0629,handoff-confirmation-candidate-0629-configuration,False,True,True,0,True,True,True,True,True,,0,0,METHOD_COMPLETE
handoff-confirmation-candidate-0630,handoff-confirmation-candidate-0630-configuration,False,True,True,0,True,True,True,True,True,,0,0,METHOD_COMPLETE
handoff-confirmation-candidate-0631,handoff-confirmation-candidate-0631-configuration,False,True,True,0,True,True,True,True,True,,0,0,METHOD_COMPLETE
handoff-confirmation-candidate-0632,handoff-confirmation-candidate-0632-configuration,False,True,True,0,True,True,True,True,True,,0,0,METHOD_COMPLETE
handoff-confirmation-candidate-0633,handoff-confirmation-candidate-0633-configuration,False,True,True,0,True,True,True,True,True,,0,0,METHOD_COMPLETE
handoff-confirmation-candidate-0634,handoff-confirmation-candidate-0634-configuration,False,True,True,0,True,True,True,True,True,,0,0,METHOD_COMPLETE
handoff-confirmation-candidate-0635,handoff-confirmation-candidate-0635-configuration,False,True,True,0,False,True,True,False,False,PHYSICAL_TECHNICAL_INVALID_NO_METHOD_CALL,0,0,PHYSICAL_TECHNICAL_INVALID_NO_METHOD_CALL
handoff-confirmation-candidate-0636,handoff-confirmation-candidate-0636-configuration,False,True,True,0,True,True,True,True,True,,0,0,METHOD_COMPLETE
handoff-confirmation-candidate-0637,handoff-confirmation-candidate-0637-configuration,False,True,True,0,False,False,True,False,False,PHYSICAL_TECHNICAL_INVALID_NO_METHOD_CALL,0,0,PHYSICAL_TECHNICAL_INVALID_NO_METHOD_CALL
handoff-confirmation-candidate-0638,handoff-confirmation-candidate-0638-configuration,False,True,True,0,True,True,True,False,False,OUTSIDE_FROZEN_DISCREPANCY_POPULATION_NO_METHOD_CALL,0,0,OUTSIDE_FROZEN_DISCREPANCY_POPULATION_NO_METHOD_CALL
handoff-confirmation-candidate-0639,handoff-confirmation-candidate-0639-configuration,False,True,True,0,True,True,True,True,True,,0,0,METHOD_COMPLETE
handoff-confirmation-candidate-0640,handoff-confirmation-candidate-0640-configuration,False,True,True,0,True,True,True,True,True,,0,0,METHOD_COMPLETE
handoff-confirmation-candidate-0641,handoff-confirmation-candidate-0641-configuration,False,True,True,0,True,True,True,True,True,,0,0,METHOD_COMPLETE
handoff-confirmation-candidate-0642,handoff-confirmation-candidate-0642-configuration,False,True,True,0,True,True,True,True,True,,0,0,METHOD_COMPLETE
handoff-confirmation-candidate-0643,handoff-confirmation-candidate-0643-configuration,False,True,True,0,True,True,True,True,True,,0,0,METHOD_COMPLETE
handoff-confirmation-candidate-0644,handoff-confirmation-candidate-0644-configuration,False,True,True,0,True,True,True,True,True,,0,0,METHOD_COMPLETE
handoff-confirmation-candidate-0645,handoff-confirmation-candidate-0645-configuration,False,True,True,0,True,True,True,True,True,,0,0,METHOD_COMPLETE
handoff-confirmation-candidate-0646,handoff-confirmation-candidate-0646-configuration,False,True,True,0,True,True,True,True,True,,0,0,METHOD_COMPLETE
handoff-confirmation-candidate-0647,handoff-confirmation-candidate-0647-configuration,False,True,True,0,True,True,True,True,True,,0,0,METHOD_COMPLETE
handoff-confirmation-candidate-0648,handoff-confirmation-candidate-0648-configuration,False,True,True,0,True,True,True,True,True,,0,0,METHOD_COMPLETE
handoff-confirmation-candidate-0649,handoff-confirmation-candidate-0649-configuration,False,True,True,0,True,True,True,True,True,,0,0,METHOD_COMPLETE
handoff-confirmation-candidate-0650,handoff-confirmation-candidate-0650-configuration,False,True,True,0,True,True,True,True,True,,0,0,METHOD_COMPLETE
handoff-confirmation-candidate-0651,handoff-confirmation-candidate-0651-configuration,False,True,True,0,True,True,True,True,True,,0,0,METHOD_COMPLETE
handoff-confirmation-candidate-0652,handoff-confirmation-candidate-0652-configuration,False,True,True,0,True,True,True,True,True,,0,0,METHOD_COMPLETE
handoff-confirmation-candidate-0653,handoff-confirmation-candidate-0653-configuration,False,True,True,0,True,True,True,True,True,,0,0,METHOD_COMPLETE
handoff-confirmation-candidate-0654,handoff-confirmation-candidate-0654-configuration,False,True,True,0,True,True,True,True,True,,0,0,METHOD_COMPLETE
handoff-confirmation-candidate-0655,handoff-confirmation-candidate-0655-configuration,False,True,True,0,True,True,True,True,True,,0,0,METHOD_COMPLETE
handoff-confirmation-candidate-0656,handoff-confirmation-candidate-0656-configuration,False,True,True,0,True,True,True,True,True,,0,0,METHOD_COMPLETE
handoff-confirmation-candidate-0657,handoff-confirmation-candidate-0657-configuration,False,True,True,0,True,True,True,True,True,,0,0,METHOD_COMPLETE
handoff-confirmation-candidate-0658,handoff-confirmation-candidate-0658-configuration,False,True,True,0,False,False,True,False,False,PHYSICAL_TECHNICAL_INVALID_NO_METHOD_CALL,0,0,PHYSICAL_TECHNICAL_INVALID_NO_METHOD_CALL
handoff-confirmation-candidate-0659,handoff-confirmation-candidate-0659-configuration,False,True,True,0,True,True,True,True,True,,0,0,METHOD_COMPLETE
handoff-confirmation-candidate-0660,handoff-confirmation-candidate-0660-configuration,False,True,True,0,True,True,True,True,True,,0,0,METHOD_COMPLETE
handoff-confirmation-candidate-0661,handoff-confirmation-candidate-0661-configuration,False,True,True,0,True,True,True,True,True,,0,0,METHOD_COMPLETE
handoff-confirmation-candidate-0662,handoff-confirmation-candidate-0662-configuration,False,True,True,0,True,True,True,True,True,,0,0,METHOD_COMPLETE
handoff-confirmation-candidate-0663,handoff-confirmation-candidate-0663-configuration,False,True,True,0,True,True,True,True,True,,0,0,METHOD_COMPLETE
handoff-confirmation-candidate-0664,handoff-confirmation-candidate-0664-configuration,False,True,True,0,True,True,True,True,True,,0,0,METHOD_COMPLETE
handoff-confirmation-candidate-0665,handoff-confirmation-candidate-0665-configuration,False,True,True,0,True,True,True,True,True,,0,0,METHOD_COMPLETE
handoff-confirmation-candidate-0666,handoff-confirmation-candidate-0666-configuration,False,True,True,0,True,True,True,True,True,,0,0,METHOD_COMPLETE
handoff-confirmation-candidate-0667,handoff-confirmation-candidate-0667-configuration,False,True,True,0,True,True,True,True,True,,0,0,METHOD_COMPLETE
handoff-confirmation-candidate-0668,handoff-confirmation-candidate-0668-configuration,False,True,True,0,True,True,True,True,True,,0,0,METHOD_COMPLETE
handoff-confirmation-candidate-0669,handoff-confirmation-candidate-0669-configuration,False,True,True,0,True,True,True,True,True,,0,0,METHOD_COMPLETE
handoff-confirmation-candidate-0670,handoff-confirmation-candidate-0670-configuration,False,True,True,0,True,True,True,True,True,,0,0,METHOD_COMPLETE
handoff-confirmation-candidate-0671,handoff-confirmation-candidate-0671-configuration,False,True,True,0,True,True,True,True,True,,0,0,METHOD_COMPLETE
handoff-confirmation-candidate-0672,handoff-confirmation-candidate-0672-configuration,False,True,True,0,True,True,True,True,True,,0,0,METHOD_COMPLETE
handoff-confirmation-candidate-0673,handoff-confirmation-candidate-0673-configuration,False,True,True,0,True,True,True,True,True,,0,0,METHOD_COMPLETE
handoff-confirmation-candidate-0674,handoff-confirmation-candidate-0674-configuration,False,True,True,0,True,True,False,True,False,,0,0,METHOD_IN_FLIGHT
handoff-confirmation-candidate-0675,handoff-confirmation-candidate-0675-configuration,False,True,True,0,True,True,False,False,False,,0,0,PHYSICAL_VALID_AWAITING_METHOD_ADMISSION
handoff-confirmation-candidate-0676,handoff-confirmation-candidate-0676-configuration,False,True,True,0,True,True,False,False,False,,0,0,PHYSICAL_VALID_AWAITING_METHOD_ADMISSION
handoff-confirmation-candidate-0677,handoff-confirmation-candidate-0677-configuration,False,True,True,0,True,True,False,False,False,,0,0,PHYSICAL_VALID_AWAITING_METHOD_ADMISSION
handoff-confirmation-candidate-0678,handoff-confirmation-candidate-0678-configuration,False,True,True,0,True,True,False,False,False,,0,0,PHYSICAL_VALID_AWAITING_METHOD_ADMISSION
handoff-confirmation-candidate-0679,handoff-confirmation-candidate-0679-configuration,False,True,True,0,True,True,False,False,False,,0,0,PHYSICAL_VALID_AWAITING_METHOD_ADMISSION
handoff-confirmation-candidate-0680,handoff-confirmation-candidate-0680-configuration,False,True,True,0,True,True,False,False,False,,0,0,PHYSICAL_VALID_AWAITING_METHOD_ADMISSION
handoff-confirmation-candidate-0681,handoff-confirmation-candidate-0681-configuration,False,True,True,0,True,True,False,False,False,,0,0,PHYSICAL_VALID_AWAITING_METHOD_ADMISSION
handoff-confirmation-candidate-0682,handoff-confirmation-candidate-0682-configuration,False,True,True,0,True,True,False,False,False,,0,0,PHYSICAL_VALID_AWAITING_METHOD_ADMISSION
handoff-confirmation-candidate-0683,handoff-confirmation-candidate-0683-configuration,False,True,True,0,True,True,False,False,False,,0,0,PHYSICAL_VALID_AWAITING_METHOD_ADMISSION
handoff-confirmation-candidate-0684,handoff-confirmation-candidate-0684-configuration,False,True,True,0,True,True,False,False,False,,0,0,PHYSICAL_VALID_AWAITING_METHOD_ADMISSION
handoff-confirmation-candidate-0685,handoff-confirmation-candidate-0685-configuration,False,True,True,0,True,True,False,False,False,,0,0,PHYSICAL_VALID_AWAITING_METHOD_ADMISSION
handoff-confirmation-candidate-0686,handoff-confirmation-candidate-0686-configuration,False,True,True,0,True,True,False,False,False,,0,0,PHYSICAL_VALID_AWAITING_METHOD_ADMISSION
handoff-confirmation-candidate-0687,handoff-confirmation-candidate-0687-configuration,False,True,True,0,True,True,False,False,False,,0,0,PHYSICAL_VALID_AWAITING_METHOD_ADMISSION
handoff-confirmation-candidate-0688,handoff-confirmation-candidate-0688-configuration,False,True,True,0,True,True,False,False,False,,0,0,PHYSICAL_VALID_AWAITING_METHOD_ADMISSION
handoff-confirmation-candidate-0689,handoff-confirmation-candidate-0689-configuration,False,True,True,0,True,True,False,False,False,,0,0,PHYSICAL_VALID_AWAITING_METHOD_ADMISSION
handoff-confirmation-candidate-0690,handoff-confirmation-candidate-0690-configuration,False,True,True,0,True,True,False,False,False,,0,0,PHYSICAL_VALID_AWAITING_METHOD_ADMISSION
handoff-confirmation-candidate-0691,handoff-confirmation-candidate-0691-configuration,False,True,True,0,True,True,False,False,False,,0,0,PHYSICAL_VALID_AWAITING_METHOD_ADMISSION
handoff-confirmation-candidate-0692,handoff-confirmation-candidate-0692-configuration,False,True,True,1,,,False,False,False,,0,0,CAPTURE_FAILURE
handoff-confirmation-candidate-0693,handoff-confirmation-candidate-0693-configuration,False,True,True,0,True,True,False,False,False,,0,0,PHYSICAL_VALID_AWAITING_METHOD_ADMISSION
handoff-confirmation-candidate-0694,handoff-confirmation-candidate-0694-configuration,False,True,True,0,True,True,False,False,False,,0,0,PHYSICAL_VALID_AWAITING_METHOD_ADMISSION
handoff-confirmation-candidate-0695,handoff-confirmation-candidate-0695-configuration,False,True,True,0,True,True,False,False,False,,0,0,PHYSICAL_VALID_AWAITING_METHOD_ADMISSION
handoff-confirmation-candidate-0696,handoff-confirmation-candidate-0696-configuration,False,True,True,0,True,True,False,False,False,,0,0,PHYSICAL_VALID_AWAITING_METHOD_ADMISSION
handoff-confirmation-candidate-0697,handoff-confirmation-candidate-0697-configuration,False,True,True,0,True,True,False,False,False,,0,0,PHYSICAL_VALID_AWAITING_METHOD_ADMISSION
handoff-confirmation-candidate-0698,handoff-confirmation-candidate-0698-configuration,False,True,True,0,True,True,False,False,False,,0,0,PHYSICAL_VALID_AWAITING_METHOD_ADMISSION
handoff-confirmation-candidate-0699,handoff-confirmation-candidate-0699-configuration,False,True,True,0,True,True,False,False,False,,0,0,PHYSICAL_VALID_AWAITING_METHOD_ADMISSION
handoff-confirmation-candidate-0700,handoff-confirmation-candidate-0700-configuration,False,True,True,0,True,True,False,False,False,,0,0,PHYSICAL_VALID_AWAITING_METHOD_ADMISSION
handoff-confirmation-candidate-0701,handoff-confirmation-candidate-0701-configuration,False,True,True,0,True,True,False,False,False,,0,0,PHYSICAL_VALID_AWAITING_METHOD_ADMISSION
handoff-confirmation-candidate-0702,handoff-confirmation-candidate-0702-configuration,False,True,True,0,True,True,False,False,False,,0,0,PHYSICAL_VALID_AWAITING_METHOD_ADMISSION
handoff-confirmation-candidate-0703,handoff-confirmation-candidate-0703-configuration,False,True,True,0,True,True,False,False,False,,0,0,PHYSICAL_VALID_AWAITING_METHOD_ADMISSION
handoff-confirmation-candidate-0704,handoff-confirmation-candidate-0704-configuration,False,True,True,0,True,True,False,False,False,,0,0,PHYSICAL_VALID_AWAITING_METHOD_ADMISSION
handoff-confirmation-candidate-0705,handoff-confirmation-candidate-0705-configuration,False,True,True,0,True,True,False,False,False,,0,0,PHYSICAL_VALID_AWAITING_METHOD_ADMISSION
handoff-confirmation-candidate-0706,handoff-confirmation-candidate-0706-configuration,False,True,True,0,True,True,False,False,False,,0,0,PHYSICAL_VALID_AWAITING_METHOD_ADMISSION
handoff-confirmation-candidate-0707,handoff-confirmation-candidate-0707-configuration,False,True,True,0,True,True,False,False,False,,0,0,PHYSICAL_VALID_AWAITING_METHOD_ADMISSION
handoff-confirmation-candidate-0708,handoff-confirmation-candidate-0708-configuration,False,True,True,0,True,True,False,False,False,,0,0,PHYSICAL_VALID_AWAITING_METHOD_ADMISSION
handoff-confirmation-candidate-0709,handoff-confirmation-candidate-0709-configuration,False,True,True,0,True,True,False,False,False,,0,0,PHYSICAL_VALID_AWAITING_METHOD_ADMISSION
handoff-confirmation-candidate-0710,handoff-confirmation-candidate-0710-configuration,False,True,True,0,True,True,False,False,False,,0,0,PHYSICAL_VALID_AWAITING_METHOD_ADMISSION
handoff-confirmation-candidate-0711,handoff-confirmation-candidate-0711-configuration,False,True,True,0,True,True,False,False,False,,0,0,PHYSICAL_VALID_AWAITING_METHOD_ADMISSION
handoff-confirmation-candidate-0712,handoff-confirmation-candidate-0712-configuration,False,True,True,0,True,True,False,False,False,,0,0,PHYSICAL_VALID_AWAITING_METHOD_ADMISSION
handoff-confirmation-candidate-0713,handoff-confirmation-candidate-0713-configuration,False,True,True,0,True,True,False,False,False,,0,0,PHYSICAL_VALID_AWAITING_METHOD_ADMISSION
handoff-confirmation-candidate-0714,handoff-confirmation-candidate-0714-configuration,False,True,True,0,True,True,False,False,False,,0,0,PHYSICAL_VALID_AWAITING_METHOD_ADMISSION
handoff-confirmation-candidate-0715,handoff-confirmation-candidate-0715-configuration,False,True,True,0,True,True,False,False,False,,0,0,PHYSICAL_VALID_AWAITING_METHOD_ADMISSION
handoff-confirmation-candidate-0716,handoff-confirmation-candidate-0716-configuration,False,True,True,0,True,True,False,False,False,,0,0,PHYSICAL_VALID_AWAITING_METHOD_ADMISSION
handoff-confirmation-candidate-0717,handoff-confirmation-candidate-0717-configuration,False,True,True,0,True,True,False,False,False,,0,0,PHYSICAL_VALID_AWAITING_METHOD_ADMISSION
handoff-confirmation-candidate-0718,handoff-confirmation-candidate-0718-configuration,False,True,True,0,True,True,False,False,False,,0,0,PHYSICAL_VALID_AWAITING_METHOD_ADMISSION
handoff-confirmation-candidate-0719,handoff-confirmation-candidate-0719-configuration,False,True,True,0,True,True,False,False,False,,0,0,PHYSICAL_VALID_AWAITING_METHOD_ADMISSION
handoff-confirmation-candidate-0720,handoff-confirmation-candidate-0720-configuration,False,True,True,0,True,True,False,False,False,,0,0,PHYSICAL_VALID_AWAITING_METHOD_ADMISSION
handoff-confirmation-candidate-0721,handoff-confirmation-candidate-0721-configuration,False,True,True,0,True,True,False,False,False,,0,0,PHYSICAL_VALID_AWAITING_METHOD_ADMISSION
handoff-confirmation-candidate-0722,handoff-confirmation-candidate-0722-configuration,False,True,True,0,True,True,False,False,False,,0,0,PHYSICAL_VALID_AWAITING_METHOD_ADMISSION
handoff-confirmation-candidate-0723,handoff-confirmation-candidate-0723-configuration,False,True,True,0,True,True,False,False,False,,0,0,PHYSICAL_VALID_AWAITING_METHOD_ADMISSION
handoff-confirmation-candidate-0724,handoff-confirmation-candidate-0724-configuration,False,True,True,0,True,True,False,False,False,,0,0,PHYSICAL_VALID_AWAITING_METHOD_ADMISSION
handoff-confirmation-candidate-0725,handoff-confirmation-candidate-0725-configuration,False,True,True,0,True,True,False,False,False,,0,0,PHYSICAL_VALID_AWAITING_METHOD_ADMISSION
handoff-confirmation-candidate-0726,handoff-confirmation-candidate-0726-configuration,False,True,True,0,True,True,False,False,False,,0,0,PHYSICAL_VALID_AWAITING_METHOD_ADMISSION
handoff-confirmation-candidate-0727,handoff-confirmation-candidate-0727-configuration,False,True,True,0,True,True,False,False,False,,0,0,PHYSICAL_VALID_AWAITING_METHOD_ADMISSION
handoff-confirmation-candidate-0728,handoff-confirmation-candidate-0728-configuration,False,True,True,0,True,True,False,False,False,,0,0,PHYSICAL_VALID_AWAITING_METHOD_ADMISSION
handoff-confirmation-candidate-0729,handoff-confirmation-candidate-0729-configuration,False,True,True,0,True,True,False,False,False,,0,0,PHYSICAL_VALID_AWAITING_METHOD_ADMISSION
handoff-confirmation-candidate-0730,handoff-confirmation-candidate-0730-configuration,False,True,True,0,False,True,False,False,False,,0,0,PHYSICAL_TECHNICAL_INVALID_AWAITING_ADMISSION
handoff-confirmation-candidate-0731,handoff-confirmation-candidate-0731-configuration,False,True,True,0,True,True,False,False,False,,0,0,PHYSICAL_VALID_AWAITING_METHOD_ADMISSION
handoff-confirmation-candidate-0732,handoff-confirmation-candidate-0732-configuration,False,True,True,0,True,True,False,False,False,,0,0,PHYSICAL_VALID_AWAITING_METHOD_ADMISSION
handoff-confirmation-candidate-0733,handoff-confirmation-candidate-0733-configuration,False,True,True,0,True,True,False,False,False,,0,0,PHYSICAL_VALID_AWAITING_METHOD_ADMISSION
handoff-confirmation-candidate-0734,handoff-confirmation-candidate-0734-configuration,False,True,True,0,True,True,False,False,False,,0,0,PHYSICAL_VALID_AWAITING_METHOD_ADMISSION
handoff-confirmation-candidate-0735,handoff-confirmation-candidate-0735-configuration,False,True,True,0,True,True,False,False,False,,0,0,PHYSICAL_VALID_AWAITING_METHOD_ADMISSION
handoff-confirmation-candidate-0736,handoff-confirmation-candidate-0736-configuration,False,True,True,0,True,True,False,False,False,,0,0,PHYSICAL_VALID_AWAITING_METHOD_ADMISSION
handoff-confirmation-candidate-0737,handoff-confirmation-candidate-0737-configuration,False,True,True,0,True,True,False,False,False,,0,0,PHYSICAL_VALID_AWAITING_METHOD_ADMISSION
handoff-confirmation-candidate-0738,handoff-confirmation-candidate-0738-configuration,False,True,True,0,True,True,False,False,False,,0,0,PHYSICAL_VALID_AWAITING_METHOD_ADMISSION
handoff-confirmation-candidate-0739,handoff-confirmation-candidate-0739-configuration,False,True,True,0,True,True,False,False,False,,0,0,PHYSICAL_VALID_AWAITING_METHOD_ADMISSION
handoff-confirmation-candidate-0740,handoff-confirmation-candidate-0740-configuration,False,True,True,0,True,True,False,False,False,,0,0,PHYSICAL_VALID_AWAITING_METHOD_ADMISSION
handoff-confirmation-candidate-0741,handoff-confirmation-candidate-0741-configuration,False,True,True,0,True,True,False,False,False,,0,0,PHYSICAL_VALID_AWAITING_METHOD_ADMISSION
handoff-confirmation-candidate-0742,handoff-confirmation-candidate-0742-configuration,False,True,True,0,True,True,False,False,False,,0,0,PHYSICAL_VALID_AWAITING_METHOD_ADMISSION
handoff-confirmation-candidate-0743,handoff-confirmation-candidate-0743-configuration,False,True,True,0,True,True,False,False,False,,0,0,PHYSICAL_VALID_AWAITING_METHOD_ADMISSION
handoff-confirmation-candidate-0744,handoff-confirmation-candidate-0744-configuration,False,True,True,0,True,True,False,False,False,,0,0,PHYSICAL_VALID_AWAITING_METHOD_ADMISSION
handoff-confirmation-candidate-0745,handoff-confirmation-candidate-0745-configuration,False,True,True,0,True,True,False,False,False,,0,0,PHYSICAL_VALID_AWAITING_METHOD_ADMISSION
handoff-confirmation-candidate-0746,handoff-confirmation-candidate-0746-configuration,False,True,True,0,True,True,False,False,False,,0,0,PHYSICAL_VALID_AWAITING_METHOD_ADMISSION
handoff-confirmation-candidate-0747,handoff-confirmation-candidate-0747-configuration,False,True,True,0,True,True,False,False,False,,0,0,PHYSICAL_VALID_AWAITING_METHOD_ADMISSION
handoff-confirmation-candidate-0748,handoff-confirmation-candidate-0748-configuration,False,True,True,0,True,True,False,False,False,,0,0,PHYSICAL_VALID_AWAITING_METHOD_ADMISSION
handoff-confirmation-candidate-0749,handoff-confirmation-candidate-0749-configuration,False,True,True,0,True,True,False,False,False,,0,0,PHYSICAL_VALID_AWAITING_METHOD_ADMISSION
handoff-confirmation-candidate-0750,handoff-confirmation-candidate-0750-configuration,False,True,True,0,True,True,False,False,False,,0,0,PHYSICAL_VALID_AWAITING_METHOD_ADMISSION
handoff-confirmation-candidate-0751,handoff-confirmation-candidate-0751-configuration,False,True,True,0,True,True,False,False,False,,0,0,PHYSICAL_VALID_AWAITING_METHOD_ADMISSION
handoff-confirmation-candidate-0752,handoff-confirmation-candidate-0752-configuration,False,True,True,0,True,True,False,False,False,,0,0,PHYSICAL_VALID_AWAITING_METHOD_ADMISSION
handoff-confirmation-candidate-0753,handoff-confirmation-candidate-0753-configuration,False,True,True,0,True,True,False,False,False,,0,0,PHYSICAL_VALID_AWAITING_METHOD_ADMISSION
handoff-confirmation-candidate-0754,handoff-confirmation-candidate-0754-configuration,False,True,True,0,True,True,False,False,False,,0,0,PHYSICAL_VALID_AWAITING_METHOD_ADMISSION
handoff-confirmation-candidate-0755,handoff-confirmation-candidate-0755-configuration,False,True,True,0,True,True,False,False,False,,0,0,PHYSICAL_VALID_AWAITING_METHOD_ADMISSION
handoff-confirmation-candidate-0756,handoff-confirmation-candidate-0756-configuration,False,True,True,0,True,True,False,False,False,,0,0,PHYSICAL_VALID_AWAITING_METHOD_ADMISSION
handoff-confirmation-candidate-0757,handoff-confirmation-candidate-0757-configuration,False,True,True,0,True,True,False,False,False,,0,0,PHYSICAL_VALID_AWAITING_METHOD_ADMISSION
handoff-confirmation-candidate-0758,handoff-confirmation-candidate-0758-configuration,False,True,True,0,True,True,False,False,False,,0,0,PHYSICAL_VALID_AWAITING_METHOD_ADMISSION
handoff-confirmation-candidate-0759,handoff-confirmation-candidate-0759-configuration,False,True,True,0,True,True,False,False,False,,0,0,PHYSICAL_VALID_AWAITING_METHOD_ADMISSION
handoff-confirmation-candidate-0760,handoff-confirmation-candidate-0760-configuration,False,True,True,0,True,True,False,False,False,,0,0,PHYSICAL_VALID_AWAITING_METHOD_ADMISSION
handoff-confirmation-candidate-0761,handoff-confirmation-candidate-0761-configuration,False,True,True,0,True,True,False,False,False,,0,0,PHYSICAL_VALID_AWAITING_METHOD_ADMISSION
handoff-confirmation-candidate-0762,handoff-confirmation-candidate-0762-configuration,False,True,True,0,True,True,False,False,False,,0,0,PHYSICAL_VALID_AWAITING_METHOD_ADMISSION
handoff-confirmation-candidate-0763,handoff-confirmation-candidate-0763-configuration,False,True,True,0,True,True,False,False,False,,0,0,PHYSICAL_VALID_AWAITING_METHOD_ADMISSION
handoff-confirmation-candidate-0764,handoff-confirmation-candidate-0764-configuration,False,True,True,0,True,True,False,False,False,,0,0,PHYSICAL_VALID_AWAITING_METHOD_ADMISSION
handoff-confirmation-candidate-0765,handoff-confirmation-candidate-0765-configuration,False,True,True,0,True,True,False,False,False,,0,0,PHYSICAL_VALID_AWAITING_METHOD_ADMISSION
handoff-confirmation-candidate-0766,handoff-confirmation-candidate-0766-configuration,False,True,True,0,True,True,False,False,False,,0,0,PHYSICAL_VALID_AWAITING_METHOD_ADMISSION
handoff-confirmation-candidate-0767,handoff-confirmation-candidate-0767-configuration,False,True,True,0,True,True,False,False,False,,0,0,PHYSICAL_VALID_AWAITING_METHOD_ADMISSION
handoff-confirmation-candidate-0768,handoff-confirmation-candidate-0768-configuration,False,True,True,0,True,True,False,False,False,,0,0,PHYSICAL_VALID_AWAITING_METHOD_ADMISSION
handoff-confirmation-candidate-0769,handoff-confirmation-candidate-0769-configuration,False,True,True,0,True,True,False,False,False,,0,0,PHYSICAL_VALID_AWAITING_METHOD_ADMISSION
handoff-confirmation-candidate-0770,handoff-confirmation-candidate-0770-configuration,False,True,True,0,True,True,False,False,False,,0,0,PHYSICAL_VALID_AWAITING_METHOD_ADMISSION
handoff-confirmation-candidate-0771,handoff-confirmation-candidate-0771-configuration,False,True,True,0,True,True,False,False,False,,0,0,PHYSICAL_VALID_AWAITING_METHOD_ADMISSION
handoff-confirmation-candidate-0772,handoff-confirmation-candidate-0772-configuration,False,True,True,0,True,True,False,False,False,,0,0,PHYSICAL_VALID_AWAITING_METHOD_ADMISSION
handoff-confirmation-candidate-0773,handoff-confirmation-candidate-0773-configuration,False,True,True,0,True,True,False,False,False,,0,0,PHYSICAL_VALID_AWAITING_METHOD_ADMISSION
handoff-confirmation-candidate-0774,handoff-confirmation-candidate-0774-configuration,False,True,True,0,True,True,False,False,False,,0,0,PHYSICAL_VALID_AWAITING_METHOD_ADMISSION
handoff-confirmation-candidate-0775,handoff-confirmation-candidate-0775-configuration,False,True,True,0,True,True,False,False,False,,0,0,PHYSICAL_VALID_AWAITING_METHOD_ADMISSION
handoff-confirmation-candidate-0776,handoff-confirmation-candidate-0776-configuration,False,True,True,0,True,True,False,False,False,,0,0,PHYSICAL_VALID_AWAITING_METHOD_ADMISSION
handoff-confirmation-candidate-0777,handoff-confirmation-candidate-0777-configuration,False,True,True,0,True,True,False,False,False,,0,0,PHYSICAL_VALID_AWAITING_METHOD_ADMISSION
handoff-confirmation-candidate-0778,handoff-confirmation-candidate-0778-configuration,False,True,True,0,True,True,False,False,False,,0,0,PHYSICAL_VALID_AWAITING_METHOD_ADMISSION
handoff-confirmation-candidate-0779,handoff-confirmation-candidate-0779-configuration,False,True,True,0,True,True,False,False,False,,0,0,PHYSICAL_VALID_AWAITING_METHOD_ADMISSION
handoff-confirmation-candidate-0780,handoff-confirmation-candidate-0780-configuration,False,True,True,0,True,True,False,False,False,,0,0,PHYSICAL_VALID_AWAITING_METHOD_ADMISSION
handoff-confirmation-candidate-0781,handoff-confirmation-candidate-0781-configuration,False,True,True,0,True,True,False,False,False,,0,0,PHYSICAL_VALID_AWAITING_METHOD_ADMISSION
handoff-confirmation-candidate-0782,handoff-confirmation-candidate-0782-configuration,False,True,True,0,True,True,False,False,False,,0,0,PHYSICAL_VALID_AWAITING_METHOD_ADMISSION
handoff-confirmation-candidate-0783,handoff-confirmation-candidate-0783-configuration,False,True,True,0,True,True,False,False,False,,0,0,PHYSICAL_VALID_AWAITING_METHOD_ADMISSION
handoff-confirmation-candidate-0784,handoff-confirmation-candidate-0784-configuration,False,True,True,0,True,True,False,False,False,,0,0,PHYSICAL_VALID_AWAITING_METHOD_ADMISSION
handoff-confirmation-candidate-0785,handoff-confirmation-candidate-0785-configuration,False,True,True,0,True,True,False,False,False,,0,0,PHYSICAL_VALID_AWAITING_METHOD_ADMISSION
handoff-confirmation-candidate-0786,handoff-confirmation-candidate-0786-configuration,False,True,True,0,True,True,False,False,False,,0,0,PHYSICAL_VALID_AWAITING_METHOD_ADMISSION
handoff-confirmation-candidate-0787,handoff-confirmation-candidate-0787-configuration,False,True,True,0,True,True,False,False,False,,0,0,PHYSICAL_VALID_AWAITING_METHOD_ADMISSION
handoff-confirmation-candidate-0788,handoff-confirmation-candidate-0788-configuration,False,True,True,0,True,True,False,False,False,,0,0,PHYSICAL_VALID_AWAITING_METHOD_ADMISSION
handoff-confirmation-candidate-0789,handoff-confirmation-candidate-0789-configuration,False,True,True,0,True,True,False,False,False,,0,0,PHYSICAL_VALID_AWAITING_METHOD_ADMISSION
handoff-confirmation-candidate-0790,handoff-confirmation-candidate-0790-configuration,False,True,True,0,True,True,False,False,False,,0,0,PHYSICAL_VALID_AWAITING_METHOD_ADMISSION
handoff-confirmation-candidate-0791,handoff-confirmation-candidate-0791-configuration,False,True,True,0,True,True,False,False,False,,0,0,PHYSICAL_VALID_AWAITING_METHOD_ADMISSION
handoff-confirmation-candidate-0792,handoff-confirmation-candidate-0792-configuration,False,True,True,0,True,True,False,False,False,,0,0,PHYSICAL_VALID_AWAITING_METHOD_ADMISSION
handoff-confirmation-candidate-0793,handoff-confirmation-candidate-0793-configuration,False,True,True,0,True,True,False,False,False,,0,0,PHYSICAL_VALID_AWAITING_METHOD_ADMISSION
handoff-confirmation-candidate-0794,handoff-confirmation-candidate-0794-configuration,False,True,True,0,True,True,False,False,False,,0,0,PHYSICAL_VALID_AWAITING_METHOD_ADMISSION
handoff-confirmation-candidate-0795,handoff-confirmation-candidate-0795-configuration,False,True,True,0,True,True,False,False,False,,0,0,PHYSICAL_VALID_AWAITING_METHOD_ADMISSION
handoff-confirmation-candidate-0796,handoff-confirmation-candidate-0796-configuration,False,True,True,0,True,True,False,False,False,,0,0,PHYSICAL_VALID_AWAITING_METHOD_ADMISSION
handoff-confirmation-candidate-0797,handoff-confirmation-candidate-0797-configuration,False,True,True,0,True,True,False,False,False,,0,0,PHYSICAL_VALID_AWAITING_METHOD_ADMISSION
handoff-confirmation-candidate-0798,handoff-confirmation-candidate-0798-configuration,False,True,True,0,True,True,False,False,False,,0,0,PHYSICAL_VALID_AWAITING_METHOD_ADMISSION
handoff-confirmation-candidate-0799,handoff-confirmation-candidate-0799-configuration,False,True,True,0,True,True,False,False,False,,0,0,PHYSICAL_VALID_AWAITING_METHOD_ADMISSION
handoff-confirmation-candidate-0800,handoff-confirmation-candidate-0800-configuration,False,True,True,0,True,True,False,False,False,,0,0,PHYSICAL_VALID_AWAITING_METHOD_ADMISSION
handoff-confirmation-candidate-0801,handoff-confirmation-candidate-0801-configuration,False,True,True,0,True,True,False,False,False,,0,0,PHYSICAL_VALID_AWAITING_METHOD_ADMISSION
handoff-confirmation-candidate-0802,handoff-confirmation-candidate-0802-configuration,False,True,True,0,True,True,False,False,False,,0,0,PHYSICAL_VALID_AWAITING_METHOD_ADMISSION
handoff-confirmation-candidate-0803,handoff-confirmation-candidate-0803-configuration,False,True,True,0,True,True,False,False,False,,0,0,PHYSICAL_VALID_AWAITING_METHOD_ADMISSION
handoff-confirmation-candidate-0804,handoff-confirmation-candidate-0804-configuration,False,True,True,0,True,True,False,False,False,,0,0,PHYSICAL_VALID_AWAITING_METHOD_ADMISSION
handoff-confirmation-candidate-0805,handoff-confirmation-candidate-0805-configuration,False,True,True,0,True,True,False,False,False,,0,0,PHYSICAL_VALID_AWAITING_METHOD_ADMISSION
handoff-confirmation-candidate-0806,handoff-confirmation-candidate-0806-configuration,False,True,True,0,True,True,False,False,False,,0,0,PHYSICAL_VALID_AWAITING_METHOD_ADMISSION
handoff-confirmation-candidate-0807,handoff-confirmation-candidate-0807-configuration,False,True,True,0,True,True,False,False,False,,0,0,PHYSICAL_VALID_AWAITING_METHOD_ADMISSION
handoff-confirmation-candidate-0808,handoff-confirmation-candidate-0808-configuration,False,True,True,0,True,True,False,False,False,,0,0,PHYSICAL_VALID_AWAITING_METHOD_ADMISSION
handoff-confirmation-candidate-0809,handoff-confirmation-candidate-0809-configuration,False,True,True,0,True,True,False,False,False,,0,0,PHYSICAL_VALID_AWAITING_METHOD_ADMISSION
handoff-confirmation-candidate-0810,handoff-confirmation-candidate-0810-configuration,False,True,True,0,True,True,False,False,False,,0,0,PHYSICAL_VALID_AWAITING_METHOD_ADMISSION
handoff-confirmation-candidate-0811,handoff-confirmation-candidate-0811-configuration,False,True,True,0,True,True,False,False,False,,0,0,PHYSICAL_VALID_AWAITING_METHOD_ADMISSION
handoff-confirmation-candidate-0812,handoff-confirmation-candidate-0812-configuration,False,True,True,0,True,True,False,False,False,,0,0,PHYSICAL_VALID_AWAITING_METHOD_ADMISSION
handoff-confirmation-candidate-0813,handoff-confirmation-candidate-0813-configuration,False,True,True,0,True,True,False,False,False,,0,0,PHYSICAL_VALID_AWAITING_METHOD_ADMISSION
handoff-confirmation-candidate-0814,handoff-confirmation-candidate-0814-configuration,False,True,True,0,True,True,False,False,False,,0,0,PHYSICAL_VALID_AWAITING_METHOD_ADMISSION
handoff-confirmation-candidate-0815,handoff-confirmation-candidate-0815-configuration,False,True,True,0,True,True,False,False,False,,0,0,PHYSICAL_VALID_AWAITING_METHOD_ADMISSION
handoff-confirmation-candidate-0816,handoff-confirmation-candidate-0816-configuration,False,True,True,0,True,True,False,False,False,,0,0,PHYSICAL_VALID_AWAITING_METHOD_ADMISSION
handoff-confirmation-candidate-0817,handoff-confirmation-candidate-0817-configuration,False,True,True,0,True,True,False,False,False,,0,0,PHYSICAL_VALID_AWAITING_METHOD_ADMISSION
handoff-confirmation-candidate-0818,handoff-confirmation-candidate-0818-configuration,False,True,True,0,True,True,False,False,False,,0,0,PHYSICAL_VALID_AWAITING_METHOD_ADMISSION
handoff-confirmation-candidate-0819,handoff-confirmation-candidate-0819-configuration,False,True,True,0,True,True,False,False,False,,0,0,PHYSICAL_VALID_AWAITING_METHOD_ADMISSION
handoff-confirmation-candidate-0820,handoff-confirmation-candidate-0820-configuration,False,True,True,0,True,True,False,False,False,,0,0,PHYSICAL_VALID_AWAITING_METHOD_ADMISSION
handoff-confirmation-candidate-0821,handoff-confirmation-candidate-0821-configuration,False,True,True,0,True,True,False,False,False,,0,0,PHYSICAL_VALID_AWAITING_METHOD_ADMISSION
handoff-confirmation-candidate-0822,handoff-confirmation-candidate-0822-configuration,False,True,True,0,True,True,False,False,False,,0,0,PHYSICAL_VALID_AWAITING_METHOD_ADMISSION
handoff-confirmation-candidate-0823,handoff-confirmation-candidate-0823-configuration,False,True,True,0,True,True,False,False,False,,0,0,PHYSICAL_VALID_AWAITING_METHOD_ADMISSION
handoff-confirmation-candidate-0824,handoff-confirmation-candidate-0824-configuration,False,True,True,0,True,True,False,False,False,,0,0,PHYSICAL_VALID_AWAITING_METHOD_ADMISSION
handoff-confirmation-candidate-0825,handoff-confirmation-candidate-0825-configuration,False,True,True,0,True,True,False,False,False,,0,0,PHYSICAL_VALID_AWAITING_METHOD_ADMISSION
handoff-confirmation-candidate-0826,handoff-confirmation-candidate-0826-configuration,False,True,True,0,True,True,False,False,False,,0,0,PHYSICAL_VALID_AWAITING_METHOD_ADMISSION
handoff-confirmation-candidate-0827,handoff-confirmation-candidate-0827-configuration,False,True,True,0,True,True,False,False,False,,0,0,PHYSICAL_VALID_AWAITING_METHOD_ADMISSION
handoff-confirmation-candidate-0828,handoff-confirmation-candidate-0828-configuration,False,True,True,0,True,True,False,False,False,,0,0,PHYSICAL_VALID_AWAITING_METHOD_ADMISSION
handoff-confirmation-candidate-0829,handoff-confirmation-candidate-0829-configuration,False,True,True,0,True,True,False,False,False,,0,0,PHYSICAL_VALID_AWAITING_METHOD_ADMISSION
handoff-confirmation-candidate-0830,handoff-confirmation-candidate-0830-configuration,False,True,True,0,True,True,False,False,False,,0,0,PHYSICAL_VALID_AWAITING_METHOD_ADMISSION
handoff-confirmation-candidate-0831,handoff-confirmation-candidate-0831-configuration,False,True,True,0,True,True,False,False,False,,0,0,PHYSICAL_VALID_AWAITING_METHOD_ADMISSION
handoff-confirmation-candidate-0832,handoff-confirmation-candidate-0832-configuration,False,True,True,0,True,True,False,False,False,,0,0,PHYSICAL_VALID_AWAITING_METHOD_ADMISSION
handoff-confirmation-candidate-0833,handoff-confirmation-candidate-0833-configuration,False,True,True,0,True,True,False,False,False,,0,0,PHYSICAL_VALID_AWAITING_METHOD_ADMISSION
handoff-confirmation-candidate-0834,handoff-confirmation-candidate-0834-configuration,False,True,True,0,True,True,False,False,False,,0,0,PHYSICAL_VALID_AWAITING_METHOD_ADMISSION
handoff-confirmation-candidate-0835,handoff-confirmation-candidate-0835-configuration,False,True,True,0,True,True,False,False,False,,0,0,PHYSICAL_VALID_AWAITING_METHOD_ADMISSION
handoff-confirmation-candidate-0836,handoff-confirmation-candidate-0836-configuration,False,True,True,0,True,True,False,False,False,,0,0,PHYSICAL_VALID_AWAITING_METHOD_ADMISSION
handoff-confirmation-candidate-0837,handoff-confirmation-candidate-0837-configuration,False,True,True,0,True,True,False,False,False,,0,0,PHYSICAL_VALID_AWAITING_METHOD_ADMISSION
handoff-confirmation-candidate-0838,handoff-confirmation-candidate-0838-configuration,False,True,True,0,True,True,False,False,False,,0,0,PHYSICAL_VALID_AWAITING_METHOD_ADMISSION
handoff-confirmation-candidate-0839,handoff-confirmation-candidate-0839-configuration,False,True,True,0,True,True,False,False,False,,0,0,PHYSICAL_VALID_AWAITING_METHOD_ADMISSION
handoff-confirmation-candidate-0840,handoff-confirmation-candidate-0840-configuration,False,True,True,0,True,True,False,False,False,,0,0,PHYSICAL_VALID_AWAITING_METHOD_ADMISSION
handoff-confirmation-candidate-0841,handoff-confirmation-candidate-0841-configuration,False,True,True,0,True,True,False,False,False,,0,0,PHYSICAL_VALID_AWAITING_METHOD_ADMISSION
handoff-confirmation-candidate-0842,handoff-confirmation-candidate-0842-configuration,False,True,True,0,True,True,False,False,False,,0,0,PHYSICAL_VALID_AWAITING_METHOD_ADMISSION
handoff-confirmation-candidate-0843,handoff-confirmation-candidate-0843-configuration,False,True,True,0,True,True,False,False,False,,0,0,PHYSICAL_VALID_AWAITING_METHOD_ADMISSION
handoff-confirmation-candidate-0844,handoff-confirmation-candidate-0844-configuration,False,True,True,0,True,True,False,False,False,,0,0,PHYSICAL_VALID_AWAITING_METHOD_ADMISSION
handoff-confirmation-candidate-0845,handoff-confirmation-candidate-0845-configuration,False,True,True,0,True,True,False,False,False,,0,0,PHYSICAL_VALID_AWAITING_METHOD_ADMISSION
handoff-confirmation-candidate-0846,handoff-confirmation-candidate-0846-configuration,False,True,True,0,True,True,False,False,False,,0,0,PHYSICAL_VALID_AWAITING_METHOD_ADMISSION
handoff-confirmation-candidate-0847,handoff-confirmation-candidate-0847-configuration,False,True,True,0,True,True,False,False,False,,0,0,PHYSICAL_VALID_AWAITING_METHOD_ADMISSION
handoff-confirmation-candidate-0848,handoff-confirmation-candidate-0848-configuration,False,True,True,0,True,True,False,False,False,,0,0,PHYSICAL_VALID_AWAITING_METHOD_ADMISSION
handoff-confirmation-candidate-0849,handoff-confirmation-candidate-0849-configuration,False,True,True,0,True,True,False,False,False,,0,0,PHYSICAL_VALID_AWAITING_METHOD_ADMISSION
handoff-confirmation-candidate-0850,handoff-confirmation-candidate-0850-configuration,False,True,True,0,True,True,False,False,False,,0,0,PHYSICAL_VALID_AWAITING_METHOD_ADMISSION
handoff-confirmation-candidate-0851,handoff-confirmation-candidate-0851-configuration,False,True,True,0,True,True,False,False,False,,0,0,PHYSICAL_VALID_AWAITING_METHOD_ADMISSION
handoff-confirmation-candidate-0852,handoff-confirmation-candidate-0852-configuration,False,True,True,0,True,True,False,False,False,,0,0,PHYSICAL_VALID_AWAITING_METHOD_ADMISSION
handoff-confirmation-candidate-0853,handoff-confirmation-candidate-0853-configuration,False,True,True,0,True,True,False,False,False,,0,0,PHYSICAL_VALID_AWAITING_METHOD_ADMISSION
handoff-confirmation-candidate-0854,handoff-confirmation-candidate-0854-configuration,False,True,True,0,True,True,False,False,False,,0,0,PHYSICAL_VALID_AWAITING_METHOD_ADMISSION
handoff-confirmation-candidate-0855,handoff-confirmation-candidate-0855-configuration,False,True,True,0,True,True,False,False,False,,0,0,PHYSICAL_VALID_AWAITING_METHOD_ADMISSION
handoff-confirmation-candidate-0856,handoff-confirmation-candidate-0856-configuration,False,True,True,0,True,True,False,False,False,,0,0,PHYSICAL_VALID_AWAITING_METHOD_ADMISSION
handoff-confirmation-candidate-0857,handoff-confirmation-candidate-0857-configuration,False,True,True,0,True,True,False,False,False,,0,0,PHYSICAL_VALID_AWAITING_METHOD_ADMISSION
handoff-confirmation-candidate-0858,handoff-confirmation-candidate-0858-configuration,False,True,True,0,True,True,False,False,False,,0,0,PHYSICAL_VALID_AWAITING_METHOD_ADMISSION
handoff-confirmation-candidate-0859,handoff-confirmation-candidate-0859-configuration,False,True,True,0,True,True,False,False,False,,0,0,PHYSICAL_VALID_AWAITING_METHOD_ADMISSION
handoff-confirmation-candidate-0860,handoff-confirmation-candidate-0860-configuration,False,True,True,0,True,True,False,False,False,,0,0,PHYSICAL_VALID_AWAITING_METHOD_ADMISSION
handoff-confirmation-candidate-0861,handoff-confirmation-candidate-0861-configuration,False,True,True,0,False,True,False,False,False,,0,0,PHYSICAL_TECHNICAL_INVALID_AWAITING_ADMISSION
handoff-confirmation-candidate-0862,handoff-confirmation-candidate-0862-configuration,False,True,True,0,True,True,False,False,False,,0,0,PHYSICAL_VALID_AWAITING_METHOD_ADMISSION
handoff-confirmation-candidate-0863,handoff-confirmation-candidate-0863-configuration,False,True,True,0,True,True,False,False,False,,0,0,PHYSICAL_VALID_AWAITING_METHOD_ADMISSION
handoff-confirmation-candidate-0864,handoff-confirmation-candidate-0864-configuration,False,True,True,0,True,True,False,False,False,,0,0,PHYSICAL_VALID_AWAITING_METHOD_ADMISSION
handoff-confirmation-candidate-0865,handoff-confirmation-candidate-0865-configuration,False,True,True,0,True,True,False,False,False,,0,0,PHYSICAL_VALID_AWAITING_METHOD_ADMISSION
handoff-confirmation-candidate-0866,handoff-confirmation-candidate-0866-configuration,False,True,True,0,True,True,False,False,False,,0,0,PHYSICAL_VALID_AWAITING_METHOD_ADMISSION
handoff-confirmation-candidate-0867,handoff-confirmation-candidate-0867-configuration,False,True,True,0,True,True,False,False,False,,0,0,PHYSICAL_VALID_AWAITING_METHOD_ADMISSION
handoff-confirmation-candidate-0868,handoff-confirmation-candidate-0868-configuration,False,True,True,0,True,True,False,False,False,,0,0,PHYSICAL_VALID_AWAITING_METHOD_ADMISSION
handoff-confirmation-candidate-0869,handoff-confirmation-candidate-0869-configuration,False,True,True,0,True,True,False,False,False,,0,0,PHYSICAL_VALID_AWAITING_METHOD_ADMISSION
handoff-confirmation-candidate-0870,handoff-confirmation-candidate-0870-configuration,False,True,True,0,True,True,False,False,False,,0,0,PHYSICAL_VALID_AWAITING_METHOD_ADMISSION
handoff-confirmation-candidate-0871,handoff-confirmation-candidate-0871-configuration,False,True,True,0,False,True,False,False,False,,0,0,PHYSICAL_TECHNICAL_INVALID_AWAITING_ADMISSION
handoff-confirmation-candidate-0872,handoff-confirmation-candidate-0872-configuration,False,True,True,0,True,True,False,False,False,,0,0,PHYSICAL_VALID_AWAITING_METHOD_ADMISSION
handoff-confirmation-candidate-0873,handoff-confirmation-candidate-0873-configuration,False,True,True,0,True,True,False,False,False,,0,0,PHYSICAL_VALID_AWAITING_METHOD_ADMISSION
handoff-confirmation-candidate-0874,handoff-confirmation-candidate-0874-configuration,False,True,True,0,True,True,False,False,False,,0,0,PHYSICAL_VALID_AWAITING_METHOD_ADMISSION
handoff-confirmation-candidate-0875,handoff-confirmation-candidate-0875-configuration,False,True,True,0,True,True,False,False,False,,0,0,PHYSICAL_VALID_AWAITING_METHOD_ADMISSION
handoff-confirmation-candidate-0876,handoff-confirmation-candidate-0876-configuration,False,True,True,0,True,True,False,False,False,,0,0,PHYSICAL_VALID_AWAITING_METHOD_ADMISSION
handoff-confirmation-candidate-0877,handoff-confirmation-candidate-0877-configuration,False,True,True,0,True,True,False,False,False,,0,0,PHYSICAL_VALID_AWAITING_METHOD_ADMISSION
handoff-confirmation-candidate-0878,handoff-confirmation-candidate-0878-configuration,False,True,True,0,True,True,False,False,False,,0,0,PHYSICAL_VALID_AWAITING_METHOD_ADMISSION
handoff-confirmation-candidate-0879,handoff-confirmation-candidate-0879-configuration,False,True,True,0,True,True,False,False,False,,0,0,PHYSICAL_VALID_AWAITING_METHOD_ADMISSION
handoff-confirmation-candidate-0880,handoff-confirmation-candidate-0880-configuration,False,True,True,0,True,True,False,False,False,,0,0,PHYSICAL_VALID_AWAITING_METHOD_ADMISSION
handoff-confirmation-candidate-0881,handoff-confirmation-candidate-0881-configuration,False,True,True,0,True,True,False,False,False,,0,0,PHYSICAL_VALID_AWAITING_METHOD_ADMISSION
handoff-confirmation-candidate-0882,handoff-confirmation-candidate-0882-configuration,False,True,True,0,True,True,False,False,False,,0,0,PHYSICAL_VALID_AWAITING_METHOD_ADMISSION
handoff-confirmation-candidate-0883,handoff-confirmation-candidate-0883-configuration,False,True,True,0,True,True,False,False,False,,0,0,PHYSICAL_VALID_AWAITING_METHOD_ADMISSION
handoff-confirmation-candidate-0884,handoff-confirmation-candidate-0884-configuration,False,True,True,0,True,True,False,False,False,,0,0,PHYSICAL_VALID_AWAITING_METHOD_ADMISSION
handoff-confirmation-candidate-0885,handoff-confirmation-candidate-0885-configuration,False,True,True,0,True,True,False,False,False,,0,0,PHYSICAL_VALID_AWAITING_METHOD_ADMISSION
handoff-confirmation-candidate-0886,handoff-confirmation-candidate-0886-configuration,False,True,True,0,True,True,False,False,False,,0,0,PHYSICAL_VALID_AWAITING_METHOD_ADMISSION
handoff-confirmation-candidate-0887,handoff-confirmation-candidate-0887-configuration,False,True,True,0,True,True,False,False,False,,0,0,PHYSICAL_VALID_AWAITING_METHOD_ADMISSION
handoff-confirmation-candidate-0888,handoff-confirmation-candidate-0888-configuration,False,True,True,0,True,True,False,False,False,,0,0,PHYSICAL_VALID_AWAITING_METHOD_ADMISSION
handoff-confirmation-candidate-0889,handoff-confirmation-candidate-0889-configuration,False,True,True,0,True,True,False,False,False,,0,0,PHYSICAL_VALID_AWAITING_METHOD_ADMISSION
handoff-confirmation-candidate-0890,handoff-confirmation-candidate-0890-configuration,False,True,True,0,True,True,False,False,False,,0,0,PHYSICAL_VALID_AWAITING_METHOD_ADMISSION
handoff-confirmation-candidate-0891,handoff-confirmation-candidate-0891-configuration,False,True,True,0,True,True,False,False,False,,0,0,PHYSICAL_VALID_AWAITING_METHOD_ADMISSION
handoff-confirmation-candidate-0892,handoff-confirmation-candidate-0892-configuration,False,True,True,0,True,True,False,False,False,,0,0,PHYSICAL_VALID_AWAITING_METHOD_ADMISSION
handoff-confirmation-candidate-0893,handoff-confirmation-candidate-0893-configuration,False,True,True,0,True,True,False,False,False,,0,0,PHYSICAL_VALID_AWAITING_METHOD_ADMISSION
handoff-confirmation-candidate-0894,handoff-confirmation-candidate-0894-configuration,False,True,True,0,True,True,False,False,False,,0,0,PHYSICAL_VALID_AWAITING_METHOD_ADMISSION
handoff-confirmation-candidate-0895,handoff-confirmation-candidate-0895-configuration,False,True,True,0,False,True,False,False,False,,0,0,PHYSICAL_TECHNICAL_INVALID_AWAITING_ADMISSION
handoff-confirmation-candidate-0896,handoff-confirmation-candidate-0896-configuration,False,True,True,0,True,True,False,False,False,,0,0,PHYSICAL_VALID_AWAITING_METHOD_ADMISSION
handoff-confirmation-candidate-0897,handoff-confirmation-candidate-0897-configuration,False,True,True,0,True,True,False,False,False,,0,0,PHYSICAL_VALID_AWAITING_METHOD_ADMISSION
handoff-confirmation-candidate-0898,handoff-confirmation-candidate-0898-configuration,False,True,True,0,True,True,False,False,False,,0,0,PHYSICAL_VALID_AWAITING_METHOD_ADMISSION
handoff-confirmation-candidate-0899,handoff-confirmation-candidate-0899-configuration,False,True,True,0,True,True,False,False,False,,0,0,PHYSICAL_VALID_AWAITING_METHOD_ADMISSION
handoff-confirmation-candidate-0900,handoff-confirmation-candidate-0900-configuration,False,True,True,0,False,True,False,False,False,,0,0,PHYSICAL_TECHNICAL_INVALID_AWAITING_ADMISSION
handoff-confirmation-candidate-0901,handoff-confirmation-candidate-0901-configuration,False,True,True,0,True,True,False,False,False,,0,0,PHYSICAL_VALID_AWAITING_METHOD_ADMISSION
handoff-confirmation-candidate-0902,handoff-confirmation-candidate-0902-configuration,False,True,True,0,True,True,False,False,False,,0,0,PHYSICAL_VALID_AWAITING_METHOD_ADMISSION
handoff-confirmation-candidate-0903,handoff-confirmation-candidate-0903-configuration,False,True,True,0,True,True,False,False,False,,0,0,PHYSICAL_VALID_AWAITING_METHOD_ADMISSION
handoff-confirmation-candidate-0904,handoff-confirmation-candidate-0904-configuration,False,True,True,0,True,True,False,False,False,,0,0,PHYSICAL_VALID_AWAITING_METHOD_ADMISSION
handoff-confirmation-candidate-0905,handoff-confirmation-candidate-0905-configuration,False,True,True,0,True,True,False,False,False,,0,0,PHYSICAL_VALID_AWAITING_METHOD_ADMISSION
handoff-confirmation-candidate-0906,handoff-confirmation-candidate-0906-configuration,False,True,True,0,True,True,False,False,False,,0,0,PHYSICAL_VALID_AWAITING_METHOD_ADMISSION
handoff-confirmation-candidate-0907,handoff-confirmation-candidate-0907-configuration,False,True,True,0,True,True,False,False,False,,0,0,PHYSICAL_VALID_AWAITING_METHOD_ADMISSION
handoff-confirmation-candidate-0908,handoff-confirmation-candidate-0908-configuration,False,True,True,0,True,True,False,False,False,,0,0,PHYSICAL_VALID_AWAITING_METHOD_ADMISSION
handoff-confirmation-candidate-0909,handoff-confirmation-candidate-0909-configuration,False,True,True,0,True,True,False,False,False,,0,0,PHYSICAL_VALID_AWAITING_METHOD_ADMISSION
handoff-confirmation-candidate-0910,handoff-confirmation-candidate-0910-configuration,False,True,True,0,True,True,False,False,False,,0,0,PHYSICAL_VALID_AWAITING_METHOD_ADMISSION
handoff-confirmation-candidate-0911,handoff-confirmation-candidate-0911-configuration,False,True,True,0,False,True,False,False,False,,0,0,PHYSICAL_TECHNICAL_INVALID_AWAITING_ADMISSION
handoff-confirmation-candidate-0912,handoff-confirmation-candidate-0912-configuration,False,True,True,0,False,True,False,False,False,,0,0,PHYSICAL_TECHNICAL_INVALID_AWAITING_ADMISSION
handoff-confirmation-candidate-0913,handoff-confirmation-candidate-0913-configuration,False,True,True,0,True,True,False,False,False,,0,0,PHYSICAL_VALID_AWAITING_METHOD_ADMISSION
handoff-confirmation-candidate-0914,handoff-confirmation-candidate-0914-configuration,False,True,True,0,True,True,False,False,False,,0,0,PHYSICAL_VALID_AWAITING_METHOD_ADMISSION
handoff-confirmation-candidate-0915,handoff-confirmation-candidate-0915-configuration,False,True,True,0,False,True,False,False,False,,0,0,PHYSICAL_TECHNICAL_INVALID_AWAITING_ADMISSION
handoff-confirmation-candidate-0916,handoff-confirmation-candidate-0916-configuration,False,True,True,0,True,True,False,False,False,,0,0,PHYSICAL_VALID_AWAITING_METHOD_ADMISSION
handoff-confirmation-candidate-0917,handoff-confirmation-candidate-0917-configuration,False,True,True,0,True,True,False,False,False,,0,0,PHYSICAL_VALID_AWAITING_METHOD_ADMISSION
handoff-confirmation-candidate-0918,handoff-confirmation-candidate-0918-configuration,False,True,True,0,True,True,False,False,False,,0,0,PHYSICAL_VALID_AWAITING_METHOD_ADMISSION
handoff-confirmation-candidate-0919,handoff-confirmation-candidate-0919-configuration,False,True,True,0,True,True,False,False,False,,0,0,PHYSICAL_VALID_AWAITING_METHOD_ADMISSION
handoff-confirmation-candidate-0920,handoff-confirmation-candidate-0920-configuration,False,True,True,0,True,True,False,False,False,,0,0,PHYSICAL_VALID_AWAITING_METHOD_ADMISSION
handoff-confirmation-candidate-0921,handoff-confirmation-candidate-0921-configuration,False,True,True,0,True,True,False,False,False,,0,0,PHYSICAL_VALID_AWAITING_METHOD_ADMISSION
handoff-confirmation-candidate-0922,handoff-confirmation-candidate-0922-configuration,False,True,True,0,True,True,False,False,False,,0,0,PHYSICAL_VALID_AWAITING_METHOD_ADMISSION
handoff-confirmation-candidate-0923,handoff-confirmation-candidate-0923-configuration,False,True,True,0,True,True,False,False,False,,0,0,PHYSICAL_VALID_AWAITING_METHOD_ADMISSION
handoff-confirmation-candidate-0924,handoff-confirmation-candidate-0924-configuration,False,True,True,0,True,True,False,False,False,,0,0,PHYSICAL_VALID_AWAITING_METHOD_ADMISSION
handoff-confirmation-candidate-0925,handoff-confirmation-candidate-0925-configuration,False,True,True,0,True,True,False,False,False,,0,0,PHYSICAL_VALID_AWAITING_METHOD_ADMISSION
handoff-confirmation-candidate-0926,handoff-confirmation-candidate-0926-configuration,False,True,True,0,False,False,False,False,False,,0,0,PHYSICAL_TECHNICAL_INVALID_AWAITING_ADMISSION
handoff-confirmation-candidate-0927,handoff-confirmation-candidate-0927-configuration,False,True,True,0,True,True,False,False,False,,0,0,PHYSICAL_VALID_AWAITING_METHOD_ADMISSION
handoff-confirmation-candidate-0928,handoff-confirmation-candidate-0928-configuration,False,True,True,0,True,True,False,False,False,,0,0,PHYSICAL_VALID_AWAITING_METHOD_ADMISSION
handoff-confirmation-candidate-0929,handoff-confirmation-candidate-0929-configuration,False,True,True,0,True,True,False,False,False,,0,0,PHYSICAL_VALID_AWAITING_METHOD_ADMISSION
handoff-confirmation-candidate-0930,handoff-confirmation-candidate-0930-configuration,False,True,True,0,True,True,False,False,False,,0,0,PHYSICAL_VALID_AWAITING_METHOD_ADMISSION
handoff-confirmation-candidate-0931,handoff-confirmation-candidate-0931-configuration,False,True,True,0,True,True,False,False,False,,0,0,PHYSICAL_VALID_AWAITING_METHOD_ADMISSION
handoff-confirmation-candidate-0932,handoff-confirmation-candidate-0932-configuration,False,True,True,0,True,True,False,False,False,,0,0,PHYSICAL_VALID_AWAITING_METHOD_ADMISSION
handoff-confirmation-candidate-0933,handoff-confirmation-candidate-0933-configuration,False,True,True,0,True,True,False,False,False,,0,0,PHYSICAL_VALID_AWAITING_METHOD_ADMISSION
handoff-confirmation-candidate-0934,handoff-confirmation-candidate-0934-configuration,False,True,True,0,True,True,False,False,False,,0,0,PHYSICAL_VALID_AWAITING_METHOD_ADMISSION
handoff-confirmation-candidate-0935,handoff-confirmation-candidate-0935-configuration,False,True,True,0,True,True,False,False,False,,0,0,PHYSICAL_VALID_AWAITING_METHOD_ADMISSION
handoff-confirmation-candidate-0936,handoff-confirmation-candidate-0936-configuration,False,True,True,0,True,True,False,False,False,,0,0,PHYSICAL_VALID_AWAITING_METHOD_ADMISSION
handoff-confirmation-candidate-0937,handoff-confirmation-candidate-0937-configuration,False,True,True,0,True,True,False,False,False,,0,0,PHYSICAL_VALID_AWAITING_METHOD_ADMISSION
handoff-confirmation-candidate-0938,handoff-confirmation-candidate-0938-configuration,False,True,True,0,True,True,False,False,False,,0,0,PHYSICAL_VALID_AWAITING_METHOD_ADMISSION
handoff-confirmation-candidate-0939,handoff-confirmation-candidate-0939-configuration,False,True,True,0,True,True,False,False,False,,0,0,PHYSICAL_VALID_AWAITING_METHOD_ADMISSION
handoff-confirmation-candidate-0940,handoff-confirmation-candidate-0940-configuration,False,True,True,0,True,True,False,False,False,,0,0,PHYSICAL_VALID_AWAITING_METHOD_ADMISSION
handoff-confirmation-candidate-0941,handoff-confirmation-candidate-0941-configuration,False,True,True,0,True,True,False,False,False,,0,0,PHYSICAL_VALID_AWAITING_METHOD_ADMISSION
handoff-confirmation-candidate-0942,handoff-confirmation-candidate-0942-configuration,False,True,True,0,True,True,False,False,False,,0,0,PHYSICAL_VALID_AWAITING_METHOD_ADMISSION
handoff-confirmation-candidate-0943,handoff-confirmation-candidate-0943-configuration,False,True,True,0,True,True,False,False,False,,0,0,PHYSICAL_VALID_AWAITING_METHOD_ADMISSION
handoff-confirmation-candidate-0944,handoff-confirmation-candidate-0944-configuration,False,True,True,0,True,True,False,False,False,,0,0,PHYSICAL_VALID_AWAITING_METHOD_ADMISSION
handoff-confirmation-candidate-0945,handoff-confirmation-candidate-0945-configuration,False,True,True,0,True,True,False,False,False,,0,0,PHYSICAL_VALID_AWAITING_METHOD_ADMISSION
handoff-confirmation-candidate-0946,handoff-confirmation-candidate-0946-configuration,False,True,True,0,True,True,False,False,False,,0,0,PHYSICAL_VALID_AWAITING_METHOD_ADMISSION
handoff-confirmation-candidate-0947,handoff-confirmation-candidate-0947-configuration,False,True,True,0,True,True,False,False,False,,0,0,PHYSICAL_VALID_AWAITING_METHOD_ADMISSION
handoff-confirmation-candidate-0948,handoff-confirmation-candidate-0948-configuration,False,True,True,0,True,True,False,False,False,,0,0,PHYSICAL_VALID_AWAITING_METHOD_ADMISSION
handoff-confirmation-candidate-0949,handoff-confirmation-candidate-0949-configuration,False,True,True,0,True,True,False,False,False,,0,0,PHYSICAL_VALID_AWAITING_METHOD_ADMISSION
handoff-confirmation-candidate-0950,handoff-confirmation-candidate-0950-configuration,False,True,True,0,True,True,False,False,False,,0,0,PHYSICAL_VALID_AWAITING_METHOD_ADMISSION
handoff-confirmation-candidate-0951,handoff-confirmation-candidate-0951-configuration,False,True,True,0,True,True,False,False,False,,0,0,PHYSICAL_VALID_AWAITING_METHOD_ADMISSION
handoff-confirmation-candidate-0952,handoff-confirmation-candidate-0952-configuration,False,True,True,0,True,True,False,False,False,,0,0,PHYSICAL_VALID_AWAITING_METHOD_ADMISSION
handoff-confirmation-candidate-0953,handoff-confirmation-candidate-0953-configuration,False,True,True,0,True,True,False,False,False,,0,0,PHYSICAL_VALID_AWAITING_METHOD_ADMISSION
handoff-confirmation-candidate-0954,handoff-confirmation-candidate-0954-configuration,False,True,True,0,True,True,False,False,False,,0,0,PHYSICAL_VALID_AWAITING_METHOD_ADMISSION
handoff-confirmation-candidate-0955,handoff-confirmation-candidate-0955-configuration,False,True,True,0,True,True,False,False,False,,0,0,PHYSICAL_VALID_AWAITING_METHOD_ADMISSION
handoff-confirmation-candidate-0956,handoff-confirmation-candidate-0956-configuration,False,True,True,0,True,True,False,False,False,,0,0,PHYSICAL_VALID_AWAITING_METHOD_ADMISSION
handoff-confirmation-candidate-0957,handoff-confirmation-candidate-0957-configuration,False,True,True,0,True,True,False,False,False,,0,0,PHYSICAL_VALID_AWAITING_METHOD_ADMISSION
handoff-confirmation-candidate-0958,handoff-confirmation-candidate-0958-configuration,False,True,True,0,True,True,False,False,False,,0,0,PHYSICAL_VALID_AWAITING_METHOD_ADMISSION
handoff-confirmation-candidate-0959,handoff-confirmation-candidate-0959-configuration,False,True,True,0,True,True,False,False,False,,0,0,PHYSICAL_VALID_AWAITING_METHOD_ADMISSION
handoff-confirmation-candidate-0960,handoff-confirmation-candidate-0960-configuration,False,True,True,0,True,True,False,False,False,,0,0,PHYSICAL_VALID_AWAITING_METHOD_ADMISSION
handoff-confirmation-candidate-0961,handoff-confirmation-candidate-0961-configuration,False,True,True,0,True,True,False,False,False,,0,0,PHYSICAL_VALID_AWAITING_METHOD_ADMISSION
handoff-confirmation-candidate-0962,handoff-confirmation-candidate-0962-configuration,False,True,True,0,True,True,False,False,False,,0,0,PHYSICAL_VALID_AWAITING_METHOD_ADMISSION
handoff-confirmation-candidate-0963,handoff-confirmation-candidate-0963-configuration,False,True,True,0,True,True,False,False,False,,0,0,PHYSICAL_VALID_AWAITING_METHOD_ADMISSION
handoff-confirmation-candidate-0964,handoff-confirmation-candidate-0964-configuration,False,True,True,0,True,True,False,False,False,,0,0,PHYSICAL_VALID_AWAITING_METHOD_ADMISSION
handoff-confirmation-candidate-0965,handoff-confirmation-candidate-0965-configuration,False,True,True,0,True,True,False,False,False,,0,0,PHYSICAL_VALID_AWAITING_METHOD_ADMISSION
handoff-confirmation-candidate-0966,handoff-confirmation-candidate-0966-configuration,False,True,True,0,True,True,False,False,False,,0,0,PHYSICAL_VALID_AWAITING_METHOD_ADMISSION
handoff-confirmation-candidate-0967,handoff-confirmation-candidate-0967-configuration,False,True,True,0,True,True,False,False,False,,0,0,PHYSICAL_VALID_AWAITING_METHOD_ADMISSION
handoff-confirmation-candidate-0968,handoff-confirmation-candidate-0968-configuration,False,True,True,0,True,True,False,False,False,,0,0,PHYSICAL_VALID_AWAITING_METHOD_ADMISSION
handoff-confirmation-candidate-0969,handoff-confirmation-candidate-0969-configuration,False,True,True,0,True,True,False,False,False,,0,0,PHYSICAL_VALID_AWAITING_METHOD_ADMISSION
handoff-confirmation-candidate-0970,handoff-confirmation-candidate-0970-configuration,False,True,True,0,True,True,False,False,False,,0,0,PHYSICAL_VALID_AWAITING_METHOD_ADMISSION
handoff-confirmation-candidate-0971,handoff-confirmation-candidate-0971-configuration,False,True,True,0,True,True,False,False,False,,0,0,PHYSICAL_VALID_AWAITING_METHOD_ADMISSION
handoff-confirmation-candidate-0972,handoff-confirmation-candidate-0972-configuration,False,True,True,0,True,True,False,False,False,,0,0,PHYSICAL_VALID_AWAITING_METHOD_ADMISSION
handoff-confirmation-candidate-0973,handoff-confirmation-candidate-0973-configuration,False,True,True,0,True,True,False,False,False,,0,0,PHYSICAL_VALID_AWAITING_METHOD_ADMISSION
handoff-confirmation-candidate-0974,handoff-confirmation-candidate-0974-configuration,False,True,True,0,True,True,False,False,False,,0,0,PHYSICAL_VALID_AWAITING_METHOD_ADMISSION
handoff-confirmation-candidate-0975,handoff-confirmation-candidate-0975-configuration,False,True,True,0,True,True,False,False,False,,0,0,PHYSICAL_VALID_AWAITING_METHOD_ADMISSION
handoff-confirmation-candidate-0976,handoff-confirmation-candidate-0976-configuration,False,True,True,0,True,True,False,False,False,,0,0,PHYSICAL_VALID_AWAITING_METHOD_ADMISSION
handoff-confirmation-candidate-0977,handoff-confirmation-candidate-0977-configuration,False,True,True,0,True,True,False,False,False,,0,0,PHYSICAL_VALID_AWAITING_METHOD_ADMISSION
handoff-confirmation-candidate-0978,handoff-confirmation-candidate-0978-configuration,False,True,True,0,True,True,False,False,False,,0,0,PHYSICAL_VALID_AWAITING_METHOD_ADMISSION
handoff-confirmation-candidate-0979,handoff-confirmation-candidate-0979-configuration,False,True,True,0,True,True,False,False,False,,0,0,PHYSICAL_VALID_AWAITING_METHOD_ADMISSION
handoff-confirmation-candidate-0980,handoff-confirmation-candidate-0980-configuration,False,True,True,0,True,True,False,False,False,,0,0,PHYSICAL_VALID_AWAITING_METHOD_ADMISSION
handoff-confirmation-candidate-0981,handoff-confirmation-candidate-0981-configuration,False,True,True,0,True,True,False,False,False,,0,0,PHYSICAL_VALID_AWAITING_METHOD_ADMISSION
handoff-confirmation-candidate-0982,handoff-confirmation-candidate-0982-configuration,False,True,True,0,True,True,False,False,False,,0,0,PHYSICAL_VALID_AWAITING_METHOD_ADMISSION
handoff-confirmation-candidate-0983,handoff-confirmation-candidate-0983-configuration,False,True,True,0,True,True,False,False,False,,0,0,PHYSICAL_VALID_AWAITING_METHOD_ADMISSION
handoff-confirmation-candidate-0984,handoff-confirmation-candidate-0984-configuration,False,True,True,0,True,True,False,False,False,,0,0,PHYSICAL_VALID_AWAITING_METHOD_ADMISSION
handoff-confirmation-candidate-0985,handoff-confirmation-candidate-0985-configuration,False,True,True,0,True,True,False,False,False,,0,0,PHYSICAL_VALID_AWAITING_METHOD_ADMISSION
handoff-confirmation-candidate-0986,handoff-confirmation-candidate-0986-configuration,False,True,True,0,True,True,False,False,False,,0,0,PHYSICAL_VALID_AWAITING_METHOD_ADMISSION
handoff-confirmation-candidate-0987,handoff-confirmation-candidate-0987-configuration,False,True,True,0,True,True,False,False,False,,0,0,PHYSICAL_VALID_AWAITING_METHOD_ADMISSION
handoff-confirmation-candidate-0988,handoff-confirmation-candidate-0988-configuration,False,True,True,0,True,True,False,False,False,,0,0,PHYSICAL_VALID_AWAITING_METHOD_ADMISSION
handoff-confirmation-candidate-0989,handoff-confirmation-candidate-0989-configuration,False,True,True,0,True,True,False,False,False,,0,0,PHYSICAL_VALID_AWAITING_METHOD_ADMISSION
handoff-confirmation-candidate-0990,handoff-confirmation-candidate-0990-configuration,False,True,True,0,True,True,False,False,False,,0,0,PHYSICAL_VALID_AWAITING_METHOD_ADMISSION
handoff-confirmation-candidate-0991,handoff-confirmation-candidate-0991-configuration,False,True,True,0,True,True,False,False,False,,0,0,PHYSICAL_VALID_AWAITING_METHOD_ADMISSION
handoff-confirmation-candidate-0992,handoff-confirmation-candidate-0992-configuration,False,True,True,0,True,True,False,False,False,,0,0,PHYSICAL_VALID_AWAITING_METHOD_ADMISSION
handoff-confirmation-candidate-0993,handoff-confirmation-candidate-0993-configuration,False,True,True,0,False,True,False,False,False,,0,0,PHYSICAL_TECHNICAL_INVALID_AWAITING_ADMISSION
handoff-confirmation-candidate-0994,handoff-confirmation-candidate-0994-configuration,False,True,True,0,True,True,False,False,False,,0,0,PHYSICAL_VALID_AWAITING_METHOD_ADMISSION
handoff-confirmation-candidate-0995,handoff-confirmation-candidate-0995-configuration,False,True,True,0,True,True,False,False,False,,0,0,PHYSICAL_VALID_AWAITING_METHOD_ADMISSION
handoff-confirmation-candidate-0996,handoff-confirmation-candidate-0996-configuration,False,True,True,0,True,True,False,False,False,,0,0,PHYSICAL_VALID_AWAITING_METHOD_ADMISSION
handoff-confirmation-candidate-0997,handoff-confirmation-candidate-0997-configuration,False,True,True,0,True,True,False,False,False,,0,0,PHYSICAL_VALID_AWAITING_METHOD_ADMISSION
handoff-confirmation-candidate-0998,handoff-confirmation-candidate-0998-configuration,False,True,True,0,True,True,False,False,False,,0,0,PHYSICAL_VALID_AWAITING_METHOD_ADMISSION
handoff-confirmation-candidate-0999,handoff-confirmation-candidate-0999-configuration,False,True,True,0,True,True,False,False,False,,0,0,PHYSICAL_VALID_AWAITING_METHOD_ADMISSION
handoff-confirmation-candidate-1000,handoff-confirmation-candidate-1000-configuration,False,True,True,0,True,True,False,False,False,,0,0,PHYSICAL_VALID_AWAITING_METHOD_ADMISSION
handoff-confirmation-candidate-1001,handoff-confirmation-candidate-1001-configuration,False,True,True,0,True,True,False,False,False,,0,0,PHYSICAL_VALID_AWAITING_METHOD_ADMISSION
handoff-confirmation-candidate-1002,handoff-confirmation-candidate-1002-configuration,False,True,True,0,True,True,False,False,False,,0,0,PHYSICAL_VALID_AWAITING_METHOD_ADMISSION
handoff-confirmation-candidate-1003,handoff-confirmation-candidate-1003-configuration,False,True,True,0,True,True,False,False,False,,0,0,PHYSICAL_VALID_AWAITING_METHOD_ADMISSION
handoff-confirmation-candidate-1004,handoff-confirmation-candidate-1004-configuration,False,True,True,0,True,True,False,False,False,,0,0,PHYSICAL_VALID_AWAITING_METHOD_ADMISSION
handoff-confirmation-candidate-1005,handoff-confirmation-candidate-1005-configuration,False,True,True,0,True,True,False,False,False,,0,0,PHYSICAL_VALID_AWAITING_METHOD_ADMISSION
handoff-confirmation-candidate-1006,handoff-confirmation-candidate-1006-configuration,False,True,True,0,True,True,False,False,False,,0,0,PHYSICAL_VALID_AWAITING_METHOD_ADMISSION
handoff-confirmation-candidate-1007,handoff-confirmation-candidate-1007-configuration,False,True,True,0,True,True,False,False,False,,0,0,PHYSICAL_VALID_AWAITING_METHOD_ADMISSION
handoff-confirmation-candidate-1008,handoff-confirmation-candidate-1008-configuration,False,True,True,0,True,True,False,False,False,,0,0,PHYSICAL_VALID_AWAITING_METHOD_ADMISSION
handoff-confirmation-candidate-1009,handoff-confirmation-candidate-1009-configuration,False,True,True,0,True,True,False,False,False,,0,0,PHYSICAL_VALID_AWAITING_METHOD_ADMISSION
handoff-confirmation-candidate-1010,handoff-confirmation-candidate-1010-configuration,False,True,True,0,True,True,False,False,False,,0,0,PHYSICAL_VALID_AWAITING_METHOD_ADMISSION
handoff-confirmation-candidate-1011,handoff-confirmation-candidate-1011-configuration,False,True,True,0,True,True,False,False,False,,0,0,PHYSICAL_VALID_AWAITING_METHOD_ADMISSION
handoff-confirmation-candidate-1012,handoff-confirmation-candidate-1012-configuration,False,True,True,0,True,True,False,False,False,,0,0,PHYSICAL_VALID_AWAITING_METHOD_ADMISSION
handoff-confirmation-candidate-1013,handoff-confirmation-candidate-1013-configuration,False,True,True,0,True,True,False,False,False,,0,0,PHYSICAL_VALID_AWAITING_METHOD_ADMISSION
handoff-confirmation-candidate-1014,handoff-confirmation-candidate-1014-configuration,False,True,True,0,True,True,False,False,False,,0,0,PHYSICAL_VALID_AWAITING_METHOD_ADMISSION
handoff-confirmation-candidate-1015,handoff-confirmation-candidate-1015-configuration,False,True,True,0,True,True,False,False,False,,0,0,PHYSICAL_VALID_AWAITING_METHOD_ADMISSION
handoff-confirmation-candidate-1016,handoff-confirmation-candidate-1016-configuration,False,True,True,0,True,True,False,False,False,,0,0,PHYSICAL_VALID_AWAITING_METHOD_ADMISSION
handoff-confirmation-candidate-1017,handoff-confirmation-candidate-1017-configuration,False,True,True,0,True,True,False,False,False,,0,0,PHYSICAL_VALID_AWAITING_METHOD_ADMISSION
handoff-confirmation-candidate-1018,handoff-confirmation-candidate-1018-configuration,False,True,True,0,True,True,False,False,False,,0,0,PHYSICAL_VALID_AWAITING_METHOD_ADMISSION
handoff-confirmation-candidate-1019,handoff-confirmation-candidate-1019-configuration,False,True,True,0,True,True,False,False,False,,0,0,PHYSICAL_VALID_AWAITING_METHOD_ADMISSION
handoff-confirmation-candidate-1020,handoff-confirmation-candidate-1020-configuration,False,True,True,0,True,True,False,False,False,,0,0,PHYSICAL_VALID_AWAITING_METHOD_ADMISSION
handoff-confirmation-candidate-1021,handoff-confirmation-candidate-1021-configuration,False,True,True,0,True,True,False,False,False,,0,0,PHYSICAL_VALID_AWAITING_METHOD_ADMISSION
handoff-confirmation-candidate-1022,handoff-confirmation-candidate-1022-configuration,False,True,True,0,True,True,False,False,False,,0,0,PHYSICAL_VALID_AWAITING_METHOD_ADMISSION
handoff-confirmation-candidate-1023,handoff-confirmation-candidate-1023-configuration,False,True,True,0,True,True,False,False,False,,0,0,PHYSICAL_VALID_AWAITING_METHOD_ADMISSION
handoff-confirmation-candidate-1024,handoff-confirmation-candidate-1024-configuration,False,True,True,0,True,True,False,False,False,,0,0,PHYSICAL_VALID_AWAITING_METHOD_ADMISSION
handoff-confirmation-candidate-1025,handoff-confirmation-candidate-1025-configuration,False,True,True,0,True,True,False,False,False,,0,0,PHYSICAL_VALID_AWAITING_METHOD_ADMISSION
handoff-confirmation-candidate-1026,handoff-confirmation-candidate-1026-configuration,False,True,True,0,True,True,False,False,False,,0,0,PHYSICAL_VALID_AWAITING_METHOD_ADMISSION
handoff-confirmation-candidate-1027,handoff-confirmation-candidate-1027-configuration,False,True,True,0,True,True,False,False,False,,0,0,PHYSICAL_VALID_AWAITING_METHOD_ADMISSION
handoff-confirmation-candidate-1028,handoff-confirmation-candidate-1028-configuration,False,True,True,0,True,True,False,False,False,,0,0,PHYSICAL_VALID_AWAITING_METHOD_ADMISSION
handoff-confirmation-candidate-1029,handoff-confirmation-candidate-1029-configuration,False,True,True,0,True,True,False,False,False,,0,0,PHYSICAL_VALID_AWAITING_METHOD_ADMISSION
handoff-confirmation-candidate-1030,handoff-confirmation-candidate-1030-configuration,False,True,True,0,True,True,False,False,False,,0,0,PHYSICAL_VALID_AWAITING_METHOD_ADMISSION
handoff-confirmation-candidate-1031,handoff-confirmation-candidate-1031-configuration,False,True,True,0,True,True,False,False,False,,0,0,PHYSICAL_VALID_AWAITING_METHOD_ADMISSION
handoff-confirmation-candidate-1032,handoff-confirmation-candidate-1032-configuration,False,True,True,0,True,True,False,False,False,,0,0,PHYSICAL_VALID_AWAITING_METHOD_ADMISSION
handoff-confirmation-candidate-1033,handoff-confirmation-candidate-1033-configuration,False,True,True,0,True,True,False,False,False,,0,0,PHYSICAL_VALID_AWAITING_METHOD_ADMISSION
handoff-confirmation-candidate-1034,handoff-confirmation-candidate-1034-configuration,False,True,True,0,True,True,False,False,False,,0,0,PHYSICAL_VALID_AWAITING_METHOD_ADMISSION
handoff-confirmation-candidate-1035,handoff-confirmation-candidate-1035-configuration,False,True,True,0,True,True,False,False,False,,0,0,PHYSICAL_VALID_AWAITING_METHOD_ADMISSION
handoff-confirmation-candidate-1036,handoff-confirmation-candidate-1036-configuration,False,True,True,0,True,True,False,False,False,,0,0,PHYSICAL_VALID_AWAITING_METHOD_ADMISSION
handoff-confirmation-candidate-1037,handoff-confirmation-candidate-1037-configuration,False,True,True,0,True,True,False,False,False,,0,0,PHYSICAL_VALID_AWAITING_METHOD_ADMISSION
handoff-confirmation-candidate-1038,handoff-confirmation-candidate-1038-configuration,False,True,True,0,True,True,False,False,False,,0,0,PHYSICAL_VALID_AWAITING_METHOD_ADMISSION
handoff-confirmation-candidate-1039,handoff-confirmation-candidate-1039-configuration,False,True,True,0,True,True,False,False,False,,0,0,PHYSICAL_VALID_AWAITING_METHOD_ADMISSION
handoff-confirmation-candidate-1040,handoff-confirmation-candidate-1040-configuration,False,True,True,0,True,True,False,False,False,,0,0,PHYSICAL_VALID_AWAITING_METHOD_ADMISSION
handoff-confirmation-candidate-1041,handoff-confirmation-candidate-1041-configuration,False,True,True,0,True,True,False,False,False,,0,0,PHYSICAL_VALID_AWAITING_METHOD_ADMISSION
handoff-confirmation-candidate-1042,handoff-confirmation-candidate-1042-configuration,False,True,True,0,True,True,False,False,False,,0,0,PHYSICAL_VALID_AWAITING_METHOD_ADMISSION
handoff-confirmation-candidate-1043,handoff-confirmation-candidate-1043-configuration,False,True,True,0,True,True,False,False,False,,0,0,PHYSICAL_VALID_AWAITING_METHOD_ADMISSION
handoff-confirmation-candidate-1044,handoff-confirmation-candidate-1044-configuration,False,True,True,0,True,True,False,False,False,,0,0,PHYSICAL_VALID_AWAITING_METHOD_ADMISSION
handoff-confirmation-candidate-1045,handoff-confirmation-candidate-1045-configuration,False,True,True,0,True,True,False,False,False,,0,0,PHYSICAL_VALID_AWAITING_METHOD_ADMISSION
handoff-confirmation-candidate-1046,handoff-confirmation-candidate-1046-configuration,False,True,True,0,True,True,False,False,False,,0,0,PHYSICAL_VALID_AWAITING_METHOD_ADMISSION
handoff-confirmation-candidate-1047,handoff-confirmation-candidate-1047-configuration,False,True,True,0,True,True,False,False,False,,0,0,PHYSICAL_VALID_AWAITING_METHOD_ADMISSION
handoff-confirmation-candidate-1048,handoff-confirmation-candidate-1048-configuration,False,True,True,0,True,True,False,False,False,,0,0,PHYSICAL_VALID_AWAITING_METHOD_ADMISSION
handoff-confirmation-candidate-1049,handoff-confirmation-candidate-1049-configuration,False,True,True,0,True,True,False,False,False,,0,0,PHYSICAL_VALID_AWAITING_METHOD_ADMISSION
handoff-confirmation-candidate-1050,handoff-confirmation-candidate-1050-configuration,False,True,True,0,True,True,False,False,False,,0,0,PHYSICAL_VALID_AWAITING_METHOD_ADMISSION
handoff-confirmation-candidate-1051,handoff-confirmation-candidate-1051-configuration,False,True,True,0,True,True,False,False,False,,0,0,PHYSICAL_VALID_AWAITING_METHOD_ADMISSION
handoff-confirmation-candidate-1052,handoff-confirmation-candidate-1052-configuration,False,True,True,0,True,True,False,False,False,,0,0,PHYSICAL_VALID_AWAITING_METHOD_ADMISSION
handoff-confirmation-candidate-1053,handoff-confirmation-candidate-1053-configuration,False,True,True,0,True,True,False,False,False,,0,0,PHYSICAL_VALID_AWAITING_METHOD_ADMISSION
handoff-confirmation-candidate-1054,handoff-confirmation-candidate-1054-configuration,False,True,True,0,True,True,False,False,False,,0,0,PHYSICAL_VALID_AWAITING_METHOD_ADMISSION
handoff-confirmation-candidate-1055,handoff-confirmation-candidate-1055-configuration,False,True,True,0,False,True,False,False,False,,0,0,PHYSICAL_TECHNICAL_INVALID_AWAITING_ADMISSION
handoff-confirmation-candidate-1056,handoff-confirmation-candidate-1056-configuration,False,True,True,0,True,True,False,False,False,,0,0,PHYSICAL_VALID_AWAITING_METHOD_ADMISSION
handoff-confirmation-candidate-1057,handoff-confirmation-candidate-1057-configuration,False,True,True,0,True,True,False,False,False,,0,0,PHYSICAL_VALID_AWAITING_METHOD_ADMISSION
handoff-confirmation-candidate-1058,handoff-confirmation-candidate-1058-configuration,False,True,True,0,True,True,False,False,False,,0,0,PHYSICAL_VALID_AWAITING_METHOD_ADMISSION
handoff-confirmation-candidate-1059,handoff-confirmation-candidate-1059-configuration,False,True,True,0,True,True,False,False,False,,0,0,PHYSICAL_VALID_AWAITING_METHOD_ADMISSION
handoff-confirmation-candidate-1060,handoff-confirmation-candidate-1060-configuration,False,True,True,0,True,True,False,False,False,,0,0,PHYSICAL_VALID_AWAITING_METHOD_ADMISSION
handoff-confirmation-candidate-1061,handoff-confirmation-candidate-1061-configuration,False,True,True,0,True,True,False,False,False,,0,0,PHYSICAL_VALID_AWAITING_METHOD_ADMISSION
handoff-confirmation-candidate-1062,handoff-confirmation-candidate-1062-configuration,False,True,True,0,True,True,False,False,False,,0,0,PHYSICAL_VALID_AWAITING_METHOD_ADMISSION
handoff-confirmation-candidate-1063,handoff-confirmation-candidate-1063-configuration,False,True,True,0,True,True,False,False,False,,0,0,PHYSICAL_VALID_AWAITING_METHOD_ADMISSION
handoff-confirmation-candidate-1064,handoff-confirmation-candidate-1064-configuration,False,True,True,0,True,True,False,False,False,,0,0,PHYSICAL_VALID_AWAITING_METHOD_ADMISSION
handoff-confirmation-candidate-1065,handoff-confirmation-candidate-1065-configuration,False,True,True,0,True,True,False,False,False,,0,0,PHYSICAL_VALID_AWAITING_METHOD_ADMISSION
handoff-confirmation-candidate-1066,handoff-confirmation-candidate-1066-configuration,False,True,True,0,True,True,False,False,False,,0,0,PHYSICAL_VALID_AWAITING_METHOD_ADMISSION
handoff-confirmation-candidate-1067,handoff-confirmation-candidate-1067-configuration,False,True,True,0,True,True,False,False,False,,0,0,PHYSICAL_VALID_AWAITING_METHOD_ADMISSION
handoff-confirmation-candidate-1068,handoff-confirmation-candidate-1068-configuration,False,True,True,0,True,True,False,False,False,,0,0,PHYSICAL_VALID_AWAITING_METHOD_ADMISSION
handoff-confirmation-candidate-1069,handoff-confirmation-candidate-1069-configuration,False,True,True,0,False,True,False,False,False,,0,0,PHYSICAL_TECHNICAL_INVALID_AWAITING_ADMISSION
handoff-confirmation-candidate-1070,handoff-confirmation-candidate-1070-configuration,False,True,True,0,True,True,False,False,False,,0,0,PHYSICAL_VALID_AWAITING_METHOD_ADMISSION
handoff-confirmation-candidate-1071,handoff-confirmation-candidate-1071-configuration,False,True,True,0,True,True,False,False,False,,0,0,PHYSICAL_VALID_AWAITING_METHOD_ADMISSION
handoff-confirmation-candidate-1072,handoff-confirmation-candidate-1072-configuration,False,True,True,0,True,True,False,False,False,,0,0,PHYSICAL_VALID_AWAITING_METHOD_ADMISSION
handoff-confirmation-candidate-1073,handoff-confirmation-candidate-1073-configuration,False,True,True,0,True,True,False,False,False,,0,0,PHYSICAL_VALID_AWAITING_METHOD_ADMISSION
handoff-confirmation-candidate-1074,handoff-confirmation-candidate-1074-configuration,False,True,True,0,True,True,False,False,False,,0,0,PHYSICAL_VALID_AWAITING_METHOD_ADMISSION
handoff-confirmation-candidate-1075,handoff-confirmation-candidate-1075-configuration,False,True,True,0,True,True,False,False,False,,0,0,PHYSICAL_VALID_AWAITING_METHOD_ADMISSION
handoff-confirmation-candidate-1076,handoff-confirmation-candidate-1076-configuration,False,True,True,0,True,True,False,False,False,,0,0,PHYSICAL_VALID_AWAITING_METHOD_ADMISSION
handoff-confirmation-candidate-1077,handoff-confirmation-candidate-1077-configuration,False,True,True,0,True,True,False,False,False,,0,0,PHYSICAL_VALID_AWAITING_METHOD_ADMISSION
handoff-confirmation-candidate-1078,handoff-confirmation-candidate-1078-configuration,False,True,True,0,True,True,False,False,False,,0,0,PHYSICAL_VALID_AWAITING_METHOD_ADMISSION
handoff-confirmation-candidate-1079,handoff-confirmation-candidate-1079-configuration,False,True,True,0,True,True,False,False,False,,0,0,PHYSICAL_VALID_AWAITING_METHOD_ADMISSION
handoff-confirmation-candidate-1080,handoff-confirmation-candidate-1080-configuration,False,True,True,0,True,True,False,False,False,,0,0,PHYSICAL_VALID_AWAITING_METHOD_ADMISSION
handoff-confirmation-candidate-1081,handoff-confirmation-candidate-1081-configuration,False,True,True,0,True,True,False,False,False,,0,0,PHYSICAL_VALID_AWAITING_METHOD_ADMISSION
handoff-confirmation-candidate-1082,handoff-confirmation-candidate-1082-configuration,False,True,True,0,True,True,False,False,False,,0,0,PHYSICAL_VALID_AWAITING_METHOD_ADMISSION
handoff-confirmation-candidate-1083,handoff-confirmation-candidate-1083-configuration,False,True,True,0,True,True,False,False,False,,0,0,PHYSICAL_VALID_AWAITING_METHOD_ADMISSION
handoff-confirmation-candidate-1084,handoff-confirmation-candidate-1084-configuration,False,True,True,0,True,True,False,False,False,,0,0,PHYSICAL_VALID_AWAITING_METHOD_ADMISSION
handoff-confirmation-candidate-1085,handoff-confirmation-candidate-1085-configuration,False,True,True,0,True,True,False,False,False,,0,0,PHYSICAL_VALID_AWAITING_METHOD_ADMISSION
handoff-confirmation-candidate-1086,handoff-confirmation-candidate-1086-configuration,False,True,True,0,True,True,False,False,False,,0,0,PHYSICAL_VALID_AWAITING_METHOD_ADMISSION
handoff-confirmation-candidate-1087,handoff-confirmation-candidate-1087-configuration,False,True,True,0,True,True,False,False,False,,0,0,PHYSICAL_VALID_AWAITING_METHOD_ADMISSION
handoff-confirmation-candidate-1088,handoff-confirmation-candidate-1088-configuration,False,True,True,0,False,True,False,False,False,,0,0,PHYSICAL_TECHNICAL_INVALID_AWAITING_ADMISSION
handoff-confirmation-candidate-1089,handoff-confirmation-candidate-1089-configuration,False,True,True,0,True,True,False,False,False,,0,0,PHYSICAL_VALID_AWAITING_METHOD_ADMISSION
handoff-confirmation-candidate-1090,handoff-confirmation-candidate-1090-configuration,False,True,True,0,True,True,False,False,False,,0,0,PHYSICAL_VALID_AWAITING_METHOD_ADMISSION
handoff-confirmation-candidate-1091,handoff-confirmation-candidate-1091-configuration,False,True,True,0,True,True,False,False,False,,0,0,PHYSICAL_VALID_AWAITING_METHOD_ADMISSION
handoff-confirmation-candidate-1092,handoff-confirmation-candidate-1092-configuration,False,True,True,0,True,True,False,False,False,,0,0,PHYSICAL_VALID_AWAITING_METHOD_ADMISSION
handoff-confirmation-candidate-1093,handoff-confirmation-candidate-1093-configuration,False,True,True,0,True,True,False,False,False,,0,0,PHYSICAL_VALID_AWAITING_METHOD_ADMISSION
handoff-confirmation-candidate-1094,handoff-confirmation-candidate-1094-configuration,False,True,True,0,True,True,False,False,False,,0,0,PHYSICAL_VALID_AWAITING_METHOD_ADMISSION
handoff-confirmation-candidate-1095,handoff-confirmation-candidate-1095-configuration,False,True,True,0,True,True,False,False,False,,0,0,PHYSICAL_VALID_AWAITING_METHOD_ADMISSION
handoff-confirmation-candidate-1096,handoff-confirmation-candidate-1096-configuration,False,True,True,0,True,True,False,False,False,,0,0,PHYSICAL_VALID_AWAITING_METHOD_ADMISSION
handoff-confirmation-candidate-1097,handoff-confirmation-candidate-1097-configuration,False,True,True,0,True,True,False,False,False,,0,0,PHYSICAL_VALID_AWAITING_METHOD_ADMISSION
handoff-confirmation-candidate-1098,handoff-confirmation-candidate-1098-configuration,False,True,True,0,True,True,False,False,False,,0,0,PHYSICAL_VALID_AWAITING_METHOD_ADMISSION
handoff-confirmation-candidate-1099,handoff-confirmation-candidate-1099-configuration,False,True,True,0,True,True,False,False,False,,0,0,PHYSICAL_VALID_AWAITING_METHOD_ADMISSION
handoff-confirmation-candidate-1100,handoff-confirmation-candidate-1100-configuration,False,True,True,0,True,True,False,False,False,,0,0,PHYSICAL_VALID_AWAITING_METHOD_ADMISSION
handoff-confirmation-candidate-1101,handoff-confirmation-candidate-1101-configuration,False,True,True,0,True,True,False,False,False,,0,0,PHYSICAL_VALID_AWAITING_METHOD_ADMISSION
handoff-confirmation-candidate-1102,handoff-confirmation-candidate-1102-configuration,False,True,True,0,True,True,False,False,False,,0,0,PHYSICAL_VALID_AWAITING_METHOD_ADMISSION
handoff-confirmation-candidate-1103,handoff-confirmation-candidate-1103-configuration,False,True,True,0,True,True,False,False,False,,0,0,PHYSICAL_VALID_AWAITING_METHOD_ADMISSION
handoff-confirmation-candidate-1104,handoff-confirmation-candidate-1104-configuration,False,True,True,0,True,True,False,False,False,,0,0,PHYSICAL_VALID_AWAITING_METHOD_ADMISSION
handoff-confirmation-candidate-1105,handoff-confirmation-candidate-1105-configuration,False,True,True,0,True,True,False,False,False,,0,0,PHYSICAL_VALID_AWAITING_METHOD_ADMISSION
handoff-confirmation-candidate-1106,handoff-confirmation-candidate-1106-configuration,False,True,True,0,True,True,False,False,False,,0,0,PHYSICAL_VALID_AWAITING_METHOD_ADMISSION
handoff-confirmation-candidate-1107,handoff-confirmation-candidate-1107-configuration,False,True,True,0,True,True,False,False,False,,0,0,PHYSICAL_VALID_AWAITING_METHOD_ADMISSION
handoff-confirmation-candidate-1108,handoff-confirmation-candidate-1108-configuration,False,True,True,0,True,True,False,False,False,,0,0,PHYSICAL_VALID_AWAITING_METHOD_ADMISSION
handoff-confirmation-candidate-1109,handoff-confirmation-candidate-1109-configuration,False,True,True,0,True,True,False,False,False,,0,0,PHYSICAL_VALID_AWAITING_METHOD_ADMISSION
handoff-confirmation-candidate-1110,handoff-confirmation-candidate-1110-configuration,False,True,True,0,True,True,False,False,False,,0,0,PHYSICAL_VALID_AWAITING_METHOD_ADMISSION
handoff-confirmation-candidate-1111,handoff-confirmation-candidate-1111-configuration,False,True,True,0,True,True,False,False,False,,0,0,PHYSICAL_VALID_AWAITING_METHOD_ADMISSION
handoff-confirmation-candidate-1112,handoff-confirmation-candidate-1112-configuration,False,True,True,0,True,True,False,False,False,,0,0,PHYSICAL_VALID_AWAITING_METHOD_ADMISSION
handoff-confirmation-candidate-1113,handoff-confirmation-candidate-1113-configuration,False,True,True,0,True,True,False,False,False,,0,0,PHYSICAL_VALID_AWAITING_METHOD_ADMISSION
handoff-confirmation-candidate-1114,handoff-confirmation-candidate-1114-configuration,False,True,True,0,True,True,False,False,False,,0,0,PHYSICAL_VALID_AWAITING_METHOD_ADMISSION
handoff-confirmation-candidate-1115,handoff-confirmation-candidate-1115-configuration,False,True,True,0,True,True,False,False,False,,0,0,PHYSICAL_VALID_AWAITING_METHOD_ADMISSION
handoff-confirmation-candidate-1116,handoff-confirmation-candidate-1116-configuration,False,True,True,0,True,True,False,False,False,,0,0,PHYSICAL_VALID_AWAITING_METHOD_ADMISSION
handoff-confirmation-candidate-1117,handoff-confirmation-candidate-1117-configuration,False,True,True,0,True,True,False,False,False,,0,0,PHYSICAL_VALID_AWAITING_METHOD_ADMISSION
handoff-confirmation-candidate-1118,handoff-confirmation-candidate-1118-configuration,False,True,True,0,True,True,False,False,False,,0,0,PHYSICAL_VALID_AWAITING_METHOD_ADMISSION
handoff-confirmation-candidate-1119,handoff-confirmation-candidate-1119-configuration,False,True,True,0,True,True,False,False,False,,0,0,PHYSICAL_VALID_AWAITING_METHOD_ADMISSION
handoff-confirmation-candidate-1120,handoff-confirmation-candidate-1120-configuration,False,True,True,0,True,True,False,False,False,,0,0,PHYSICAL_VALID_AWAITING_METHOD_ADMISSION
handoff-confirmation-candidate-1121,handoff-confirmation-candidate-1121-configuration,False,True,True,0,True,True,False,False,False,,0,0,PHYSICAL_VALID_AWAITING_METHOD_ADMISSION
handoff-confirmation-candidate-1122,handoff-confirmation-candidate-1122-configuration,False,True,True,0,True,True,False,False,False,,0,0,PHYSICAL_VALID_AWAITING_METHOD_ADMISSION
handoff-confirmation-candidate-1123,handoff-confirmation-candidate-1123-configuration,False,True,True,0,False,True,False,False,False,,0,0,PHYSICAL_TECHNICAL_INVALID_AWAITING_ADMISSION
handoff-confirmation-candidate-1124,handoff-confirmation-candidate-1124-configuration,False,True,True,0,True,True,False,False,False,,0,0,PHYSICAL_VALID_AWAITING_METHOD_ADMISSION
handoff-confirmation-candidate-1125,handoff-confirmation-candidate-1125-configuration,False,True,True,0,True,True,False,False,False,,0,0,PHYSICAL_VALID_AWAITING_METHOD_ADMISSION
handoff-confirmation-candidate-1126,handoff-confirmation-candidate-1126-configuration,False,True,True,0,True,True,False,False,False,,0,0,PHYSICAL_VALID_AWAITING_METHOD_ADMISSION
handoff-confirmation-candidate-1127,handoff-confirmation-candidate-1127-configuration,False,True,True,0,True,True,False,False,False,,0,0,PHYSICAL_VALID_AWAITING_METHOD_ADMISSION
handoff-confirmation-candidate-1128,handoff-confirmation-candidate-1128-configuration,False,True,True,0,True,True,False,False,False,,0,0,PHYSICAL_VALID_AWAITING_METHOD_ADMISSION
handoff-confirmation-candidate-1129,handoff-confirmation-candidate-1129-configuration,False,True,True,0,True,True,False,False,False,,0,0,PHYSICAL_VALID_AWAITING_METHOD_ADMISSION
handoff-confirmation-candidate-1130,handoff-confirmation-candidate-1130-configuration,False,True,True,0,True,True,False,False,False,,0,0,PHYSICAL_VALID_AWAITING_METHOD_ADMISSION
handoff-confirmation-candidate-1131,handoff-confirmation-candidate-1131-configuration,False,True,True,0,True,True,False,False,False,,0,0,PHYSICAL_VALID_AWAITING_METHOD_ADMISSION
handoff-confirmation-candidate-1132,handoff-confirmation-candidate-1132-configuration,False,True,True,0,True,True,False,False,False,,0,0,PHYSICAL_VALID_AWAITING_METHOD_ADMISSION
handoff-confirmation-candidate-1133,handoff-confirmation-candidate-1133-configuration,False,True,True,0,True,True,False,False,False,,0,0,PHYSICAL_VALID_AWAITING_METHOD_ADMISSION
handoff-confirmation-candidate-1134,handoff-confirmation-candidate-1134-configuration,False,True,True,0,True,True,False,False,False,,0,0,PHYSICAL_VALID_AWAITING_METHOD_ADMISSION
handoff-confirmation-candidate-1135,handoff-confirmation-candidate-1135-configuration,False,True,True,0,True,True,False,False,False,,0,0,PHYSICAL_VALID_AWAITING_METHOD_ADMISSION
handoff-confirmation-candidate-1136,handoff-confirmation-candidate-1136-configuration,False,True,True,0,True,True,False,False,False,,0,0,PHYSICAL_VALID_AWAITING_METHOD_ADMISSION
handoff-confirmation-candidate-1137,handoff-confirmation-candidate-1137-configuration,False,True,True,0,True,True,False,False,False,,0,0,PHYSICAL_VALID_AWAITING_METHOD_ADMISSION
handoff-confirmation-candidate-1138,handoff-confirmation-candidate-1138-configuration,False,True,True,0,True,True,False,False,False,,0,0,PHYSICAL_VALID_AWAITING_METHOD_ADMISSION
handoff-confirmation-candidate-1139,handoff-confirmation-candidate-1139-configuration,False,True,True,0,True,True,False,False,False,,0,0,PHYSICAL_VALID_AWAITING_METHOD_ADMISSION
handoff-confirmation-candidate-1140,handoff-confirmation-candidate-1140-configuration,False,True,True,0,False,True,False,False,False,,0,0,PHYSICAL_TECHNICAL_INVALID_AWAITING_ADMISSION
handoff-confirmation-candidate-1141,handoff-confirmation-candidate-1141-configuration,False,True,True,0,False,True,False,False,False,,0,0,PHYSICAL_TECHNICAL_INVALID_AWAITING_ADMISSION
handoff-confirmation-candidate-1142,handoff-confirmation-candidate-1142-configuration,False,True,True,0,True,True,False,False,False,,0,0,PHYSICAL_VALID_AWAITING_METHOD_ADMISSION
handoff-confirmation-candidate-1143,handoff-confirmation-candidate-1143-configuration,False,True,True,0,True,True,False,False,False,,0,0,PHYSICAL_VALID_AWAITING_METHOD_ADMISSION
handoff-confirmation-candidate-1144,handoff-confirmation-candidate-1144-configuration,False,True,True,0,True,True,False,False,False,,0,0,PHYSICAL_VALID_AWAITING_METHOD_ADMISSION
handoff-confirmation-candidate-1145,handoff-confirmation-candidate-1145-configuration,False,True,True,0,True,True,False,False,False,,0,0,PHYSICAL_VALID_AWAITING_METHOD_ADMISSION
handoff-confirmation-candidate-1146,handoff-confirmation-candidate-1146-configuration,False,True,True,0,True,True,False,False,False,,0,0,PHYSICAL_VALID_AWAITING_METHOD_ADMISSION
handoff-confirmation-candidate-1147,handoff-confirmation-candidate-1147-configuration,False,True,True,0,True,True,False,False,False,,0,0,PHYSICAL_VALID_AWAITING_METHOD_ADMISSION
handoff-confirmation-candidate-1148,handoff-confirmation-candidate-1148-configuration,False,True,True,0,True,True,False,False,False,,0,0,PHYSICAL_VALID_AWAITING_METHOD_ADMISSION
handoff-confirmation-candidate-1149,handoff-confirmation-candidate-1149-configuration,False,True,True,0,True,True,False,False,False,,0,0,PHYSICAL_VALID_AWAITING_METHOD_ADMISSION
handoff-confirmation-candidate-1150,handoff-confirmation-candidate-1150-configuration,False,True,True,0,True,True,False,False,False,,0,0,PHYSICAL_VALID_AWAITING_METHOD_ADMISSION
handoff-confirmation-candidate-1151,handoff-confirmation-candidate-1151-configuration,False,True,True,0,True,True,False,False,False,,0,0,PHYSICAL_VALID_AWAITING_METHOD_ADMISSION
handoff-confirmation-candidate-1152,handoff-confirmation-candidate-1152-configuration,False,True,True,0,True,True,False,False,False,,0,0,PHYSICAL_VALID_AWAITING_METHOD_ADMISSION
handoff-confirmation-candidate-1153,handoff-confirmation-candidate-1153-configuration,False,True,True,0,True,True,False,False,False,,0,0,PHYSICAL_VALID_AWAITING_METHOD_ADMISSION
handoff-confirmation-candidate-1154,handoff-confirmation-candidate-1154-configuration,False,True,True,0,True,True,False,False,False,,0,0,PHYSICAL_VALID_AWAITING_METHOD_ADMISSION
handoff-confirmation-candidate-1155,handoff-confirmation-candidate-1155-configuration,False,True,True,0,True,True,False,False,False,,0,0,PHYSICAL_VALID_AWAITING_METHOD_ADMISSION
handoff-confirmation-candidate-1156,handoff-confirmation-candidate-1156-configuration,False,True,True,0,True,True,False,False,False,,0,0,PHYSICAL_VALID_AWAITING_METHOD_ADMISSION
handoff-confirmation-candidate-1157,handoff-confirmation-candidate-1157-configuration,False,True,True,0,True,True,False,False,False,,0,0,PHYSICAL_VALID_AWAITING_METHOD_ADMISSION
handoff-confirmation-candidate-1158,handoff-confirmation-candidate-1158-configuration,False,True,True,0,True,True,False,False,False,,0,0,PHYSICAL_VALID_AWAITING_METHOD_ADMISSION
handoff-confirmation-candidate-1159,handoff-confirmation-candidate-1159-configuration,False,True,True,0,True,True,False,False,False,,0,0,PHYSICAL_VALID_AWAITING_METHOD_ADMISSION
handoff-confirmation-candidate-1160,handoff-confirmation-candidate-1160-configuration,False,True,True,0,True,True,False,False,False,,0,0,PHYSICAL_VALID_AWAITING_METHOD_ADMISSION
handoff-confirmation-candidate-1161,handoff-confirmation-candidate-1161-configuration,False,True,True,0,True,True,False,False,False,,0,0,PHYSICAL_VALID_AWAITING_METHOD_ADMISSION
handoff-confirmation-candidate-1162,handoff-confirmation-candidate-1162-configuration,False,True,True,0,True,True,False,False,False,,0,0,PHYSICAL_VALID_AWAITING_METHOD_ADMISSION
handoff-confirmation-candidate-1163,handoff-confirmation-candidate-1163-configuration,False,True,True,0,True,True,False,False,False,,0,0,PHYSICAL_VALID_AWAITING_METHOD_ADMISSION
handoff-confirmation-candidate-1164,handoff-confirmation-candidate-1164-configuration,False,True,True,0,True,True,False,False,False,,0,0,PHYSICAL_VALID_AWAITING_METHOD_ADMISSION
handoff-confirmation-candidate-1165,handoff-confirmation-candidate-1165-configuration,False,True,True,0,True,True,False,False,False,,0,0,PHYSICAL_VALID_AWAITING_METHOD_ADMISSION
handoff-confirmation-candidate-1166,handoff-confirmation-candidate-1166-configuration,False,True,True,0,True,True,False,False,False,,0,0,PHYSICAL_VALID_AWAITING_METHOD_ADMISSION
handoff-confirmation-candidate-1167,handoff-confirmation-candidate-1167-configuration,False,True,True,0,True,True,False,False,False,,0,0,PHYSICAL_VALID_AWAITING_METHOD_ADMISSION
handoff-confirmation-candidate-1168,handoff-confirmation-candidate-1168-configuration,False,True,True,0,True,True,False,False,False,,0,0,PHYSICAL_VALID_AWAITING_METHOD_ADMISSION
handoff-confirmation-candidate-1169,handoff-confirmation-candidate-1169-configuration,False,True,True,0,True,True,False,False,False,,0,0,PHYSICAL_VALID_AWAITING_METHOD_ADMISSION
handoff-confirmation-candidate-1170,handoff-confirmation-candidate-1170-configuration,False,True,True,0,True,True,False,False,False,,0,0,PHYSICAL_VALID_AWAITING_METHOD_ADMISSION
handoff-confirmation-candidate-1171,handoff-confirmation-candidate-1171-configuration,False,True,True,0,False,True,False,False,False,,0,0,PHYSICAL_TECHNICAL_INVALID_AWAITING_ADMISSION
handoff-confirmation-candidate-1172,handoff-confirmation-candidate-1172-configuration,False,True,True,0,True,True,False,False,False,,0,0,PHYSICAL_VALID_AWAITING_METHOD_ADMISSION
handoff-confirmation-candidate-1173,handoff-confirmation-candidate-1173-configuration,False,True,True,0,True,True,False,False,False,,0,0,PHYSICAL_VALID_AWAITING_METHOD_ADMISSION
handoff-confirmation-candidate-1174,handoff-confirmation-candidate-1174-configuration,False,True,True,0,True,True,False,False,False,,0,0,PHYSICAL_VALID_AWAITING_METHOD_ADMISSION
handoff-confirmation-candidate-1175,handoff-confirmation-candidate-1175-configuration,False,True,True,0,True,True,False,False,False,,0,0,PHYSICAL_VALID_AWAITING_METHOD_ADMISSION
handoff-confirmation-candidate-1176,handoff-confirmation-candidate-1176-configuration,False,True,True,0,True,True,False,False,False,,0,0,PHYSICAL_VALID_AWAITING_METHOD_ADMISSION
handoff-confirmation-candidate-1177,handoff-confirmation-candidate-1177-configuration,False,True,True,0,True,True,False,False,False,,0,0,PHYSICAL_VALID_AWAITING_METHOD_ADMISSION
handoff-confirmation-candidate-1178,handoff-confirmation-candidate-1178-configuration,False,True,True,0,True,True,False,False,False,,0,0,PHYSICAL_VALID_AWAITING_METHOD_ADMISSION
handoff-confirmation-candidate-1179,handoff-confirmation-candidate-1179-configuration,False,True,True,0,True,True,False,False,False,,0,0,PHYSICAL_VALID_AWAITING_METHOD_ADMISSION
handoff-confirmation-candidate-1180,handoff-confirmation-candidate-1180-configuration,False,True,True,0,True,True,False,False,False,,0,0,PHYSICAL_VALID_AWAITING_METHOD_ADMISSION
handoff-confirmation-candidate-1181,handoff-confirmation-candidate-1181-configuration,False,True,True,0,True,True,False,False,False,,0,0,PHYSICAL_VALID_AWAITING_METHOD_ADMISSION
handoff-confirmation-candidate-1182,handoff-confirmation-candidate-1182-configuration,False,True,True,0,True,True,False,False,False,,0,0,PHYSICAL_VALID_AWAITING_METHOD_ADMISSION
handoff-confirmation-candidate-1183,handoff-confirmation-candidate-1183-configuration,False,True,True,0,True,True,False,False,False,,0,0,PHYSICAL_VALID_AWAITING_METHOD_ADMISSION
handoff-confirmation-candidate-1184,handoff-confirmation-candidate-1184-configuration,False,True,True,0,True,True,False,False,False,,0,0,PHYSICAL_VALID_AWAITING_METHOD_ADMISSION
handoff-confirmation-candidate-1185,handoff-confirmation-candidate-1185-configuration,False,True,True,0,False,True,False,False,False,,0,0,PHYSICAL_TECHNICAL_INVALID_AWAITING_ADMISSION
handoff-confirmation-candidate-1186,handoff-confirmation-candidate-1186-configuration,False,True,True,0,True,True,False,False,False,,0,0,PHYSICAL_VALID_AWAITING_METHOD_ADMISSION
handoff-confirmation-candidate-1187,handoff-confirmation-candidate-1187-configuration,False,True,True,0,True,True,False,False,False,,0,0,PHYSICAL_VALID_AWAITING_METHOD_ADMISSION
handoff-confirmation-candidate-1188,handoff-confirmation-candidate-1188-configuration,False,True,True,0,True,True,False,False,False,,0,0,PHYSICAL_VALID_AWAITING_METHOD_ADMISSION
handoff-confirmation-candidate-1189,handoff-confirmation-candidate-1189-configuration,False,True,True,0,False,True,False,False,False,,0,0,PHYSICAL_TECHNICAL_INVALID_AWAITING_ADMISSION
handoff-confirmation-candidate-1190,handoff-confirmation-candidate-1190-configuration,False,True,True,0,True,True,False,False,False,,0,0,PHYSICAL_VALID_AWAITING_METHOD_ADMISSION
handoff-confirmation-candidate-1191,handoff-confirmation-candidate-1191-configuration,False,True,True,0,True,True,False,False,False,,0,0,PHYSICAL_VALID_AWAITING_METHOD_ADMISSION
handoff-confirmation-candidate-1192,handoff-confirmation-candidate-1192-configuration,False,True,True,0,True,True,False,False,False,,0,0,PHYSICAL_VALID_AWAITING_METHOD_ADMISSION
handoff-confirmation-candidate-1193,handoff-confirmation-candidate-1193-configuration,False,True,True,0,True,True,False,False,False,,0,0,PHYSICAL_VALID_AWAITING_METHOD_ADMISSION
handoff-confirmation-candidate-1194,handoff-confirmation-candidate-1194-configuration,False,True,True,0,True,True,False,False,False,,0,0,PHYSICAL_VALID_AWAITING_METHOD_ADMISSION
handoff-confirmation-candidate-1195,handoff-confirmation-candidate-1195-configuration,False,True,True,0,False,True,False,False,False,,0,0,PHYSICAL_TECHNICAL_INVALID_AWAITING_ADMISSION
handoff-confirmation-candidate-1196,handoff-confirmation-candidate-1196-configuration,False,True,True,0,True,True,False,False,False,,0,0,PHYSICAL_VALID_AWAITING_METHOD_ADMISSION
handoff-confirmation-candidate-1197,handoff-confirmation-candidate-1197-configuration,False,True,True,0,True,True,False,False,False,,0,0,PHYSICAL_VALID_AWAITING_METHOD_ADMISSION
handoff-confirmation-candidate-1198,handoff-confirmation-candidate-1198-configuration,False,True,True,0,True,True,False,False,False,,0,0,PHYSICAL_VALID_AWAITING_METHOD_ADMISSION
handoff-confirmation-candidate-1199,handoff-confirmation-candidate-1199-configuration,False,True,True,0,True,True,False,False,False,,0,0,PHYSICAL_VALID_AWAITING_METHOD_ADMISSION
handoff-confirmation-candidate-1200,handoff-confirmation-candidate-1200-configuration,False,True,True,0,True,True,False,False,False,,0,0,PHYSICAL_VALID_AWAITING_METHOD_ADMISSION
handoff-confirmation-candidate-1201,handoff-confirmation-candidate-1201-configuration,False,True,True,0,True,True,False,False,False,,0,0,PHYSICAL_VALID_AWAITING_METHOD_ADMISSION
handoff-confirmation-candidate-1202,handoff-confirmation-candidate-1202-configuration,False,True,True,0,True,True,False,False,False,,0,0,PHYSICAL_VALID_AWAITING_METHOD_ADMISSION
handoff-confirmation-candidate-1203,handoff-confirmation-candidate-1203-configuration,False,True,True,0,True,True,False,False,False,,0,0,PHYSICAL_VALID_AWAITING_METHOD_ADMISSION
handoff-confirmation-candidate-1204,handoff-confirmation-candidate-1204-configuration,False,True,True,0,True,True,False,False,False,,0,0,PHYSICAL_VALID_AWAITING_METHOD_ADMISSION
handoff-confirmation-candidate-1205,handoff-confirmation-candidate-1205-configuration,False,True,True,0,True,True,False,False,False,,0,0,PHYSICAL_VALID_AWAITING_METHOD_ADMISSION
handoff-confirmation-candidate-1206,handoff-confirmation-candidate-1206-configuration,False,True,True,0,True,True,False,False,False,,0,0,PHYSICAL_VALID_AWAITING_METHOD_ADMISSION
handoff-confirmation-candidate-1207,handoff-confirmation-candidate-1207-configuration,False,True,True,0,True,True,False,False,False,,0,0,PHYSICAL_VALID_AWAITING_METHOD_ADMISSION
handoff-confirmation-candidate-1208,handoff-confirmation-candidate-1208-configuration,False,True,True,0,True,True,False,False,False,,0,0,PHYSICAL_VALID_AWAITING_METHOD_ADMISSION
handoff-confirmation-candidate-1209,handoff-confirmation-candidate-1209-configuration,False,True,True,0,True,True,False,False,False,,0,0,PHYSICAL_VALID_AWAITING_METHOD_ADMISSION
handoff-confirmation-candidate-1210,handoff-confirmation-candidate-1210-configuration,False,True,True,0,True,True,False,False,False,,0,0,PHYSICAL_VALID_AWAITING_METHOD_ADMISSION
handoff-confirmation-candidate-1211,handoff-confirmation-candidate-1211-configuration,False,True,True,0,True,True,False,False,False,,0,0,PHYSICAL_VALID_AWAITING_METHOD_ADMISSION
handoff-confirmation-candidate-1212,handoff-confirmation-candidate-1212-configuration,False,True,True,0,True,True,False,False,False,,0,0,PHYSICAL_VALID_AWAITING_METHOD_ADMISSION
handoff-confirmation-candidate-1213,handoff-confirmation-candidate-1213-configuration,False,True,True,0,True,True,False,False,False,,0,0,PHYSICAL_VALID_AWAITING_METHOD_ADMISSION
handoff-confirmation-candidate-1214,handoff-confirmation-candidate-1214-configuration,False,True,True,0,True,True,False,False,False,,0,0,PHYSICAL_VALID_AWAITING_METHOD_ADMISSION
handoff-confirmation-candidate-1215,handoff-confirmation-candidate-1215-configuration,False,True,True,0,True,True,False,False,False,,0,0,PHYSICAL_VALID_AWAITING_METHOD_ADMISSION
handoff-confirmation-candidate-1216,handoff-confirmation-candidate-1216-configuration,False,True,True,0,False,True,False,False,False,,0,0,PHYSICAL_TECHNICAL_INVALID_AWAITING_ADMISSION
handoff-confirmation-candidate-1217,handoff-confirmation-candidate-1217-configuration,False,True,True,0,True,True,False,False,False,,0,0,PHYSICAL_VALID_AWAITING_METHOD_ADMISSION
handoff-confirmation-candidate-1218,handoff-confirmation-candidate-1218-configuration,False,True,True,0,True,True,False,False,False,,0,0,PHYSICAL_VALID_AWAITING_METHOD_ADMISSION
handoff-confirmation-candidate-1219,handoff-confirmation-candidate-1219-configuration,False,True,True,0,True,True,False,False,False,,0,0,PHYSICAL_VALID_AWAITING_METHOD_ADMISSION
handoff-confirmation-candidate-1220,handoff-confirmation-candidate-1220-configuration,False,True,True,0,True,True,False,False,False,,0,0,PHYSICAL_VALID_AWAITING_METHOD_ADMISSION
handoff-confirmation-candidate-1221,handoff-confirmation-candidate-1221-configuration,False,True,True,0,True,True,False,False,False,,0,0,PHYSICAL_VALID_AWAITING_METHOD_ADMISSION
handoff-confirmation-candidate-1222,handoff-confirmation-candidate-1222-configuration,False,True,True,0,True,True,False,False,False,,0,0,PHYSICAL_VALID_AWAITING_METHOD_ADMISSION
handoff-confirmation-candidate-1223,handoff-confirmation-candidate-1223-configuration,False,True,True,0,True,True,False,False,False,,0,0,PHYSICAL_VALID_AWAITING_METHOD_ADMISSION
handoff-confirmation-candidate-1224,handoff-confirmation-candidate-1224-configuration,False,True,True,0,True,True,False,False,False,,0,0,PHYSICAL_VALID_AWAITING_METHOD_ADMISSION
handoff-confirmation-candidate-1225,handoff-confirmation-candidate-1225-configuration,False,True,True,0,True,True,False,False,False,,0,0,PHYSICAL_VALID_AWAITING_METHOD_ADMISSION
handoff-confirmation-candidate-1226,handoff-confirmation-candidate-1226-configuration,False,True,True,0,True,True,False,False,False,,0,0,PHYSICAL_VALID_AWAITING_METHOD_ADMISSION
handoff-confirmation-candidate-1227,handoff-confirmation-candidate-1227-configuration,False,True,True,0,True,True,False,False,False,,0,0,PHYSICAL_VALID_AWAITING_METHOD_ADMISSION
handoff-confirmation-candidate-1228,handoff-confirmation-candidate-1228-configuration,False,True,True,0,True,True,False,False,False,,0,0,PHYSICAL_VALID_AWAITING_METHOD_ADMISSION
handoff-confirmation-candidate-1229,handoff-confirmation-candidate-1229-configuration,False,True,True,0,True,True,False,False,False,,0,0,PHYSICAL_VALID_AWAITING_METHOD_ADMISSION
handoff-confirmation-candidate-1230,handoff-confirmation-candidate-1230-configuration,False,True,True,0,False,False,False,False,False,,0,0,PHYSICAL_TECHNICAL_INVALID_AWAITING_ADMISSION
handoff-confirmation-candidate-1231,handoff-confirmation-candidate-1231-configuration,False,True,True,0,True,True,False,False,False,,0,0,PHYSICAL_VALID_AWAITING_METHOD_ADMISSION
handoff-confirmation-candidate-1232,handoff-confirmation-candidate-1232-configuration,False,True,True,0,True,True,False,False,False,,0,0,PHYSICAL_VALID_AWAITING_METHOD_ADMISSION
handoff-confirmation-candidate-1233,handoff-confirmation-candidate-1233-configuration,False,True,True,0,False,False,False,False,False,,0,0,PHYSICAL_TECHNICAL_INVALID_AWAITING_ADMISSION
handoff-confirmation-candidate-1234,handoff-confirmation-candidate-1234-configuration,False,True,True,0,True,True,False,False,False,,0,0,PHYSICAL_VALID_AWAITING_METHOD_ADMISSION
handoff-confirmation-candidate-1235,handoff-confirmation-candidate-1235-configuration,False,True,True,0,True,True,False,False,False,,0,0,PHYSICAL_VALID_AWAITING_METHOD_ADMISSION
handoff-confirmation-candidate-1236,handoff-confirmation-candidate-1236-configuration,False,True,True,0,True,True,False,False,False,,0,0,PHYSICAL_VALID_AWAITING_METHOD_ADMISSION
handoff-confirmation-candidate-1237,handoff-confirmation-candidate-1237-configuration,False,True,True,0,True,True,False,False,False,,0,0,PHYSICAL_VALID_AWAITING_METHOD_ADMISSION
handoff-confirmation-candidate-1238,handoff-confirmation-candidate-1238-configuration,False,True,True,0,True,True,False,False,False,,0,0,PHYSICAL_VALID_AWAITING_METHOD_ADMISSION
handoff-confirmation-candidate-1239,handoff-confirmation-candidate-1239-configuration,False,True,True,0,True,True,False,False,False,,0,0,PHYSICAL_VALID_AWAITING_METHOD_ADMISSION
handoff-confirmation-candidate-1240,handoff-confirmation-candidate-1240-configuration,False,True,True,0,True,True,False,False,False,,0,0,PHYSICAL_VALID_AWAITING_METHOD_ADMISSION
handoff-confirmation-candidate-1241,handoff-confirmation-candidate-1241-configuration,False,True,True,0,True,True,False,False,False,,0,0,PHYSICAL_VALID_AWAITING_METHOD_ADMISSION
handoff-confirmation-candidate-1242,handoff-confirmation-candidate-1242-configuration,False,True,True,0,True,True,False,False,False,,0,0,PHYSICAL_VALID_AWAITING_METHOD_ADMISSION
handoff-confirmation-candidate-1243,handoff-confirmation-candidate-1243-configuration,False,True,True,0,True,True,False,False,False,,0,0,PHYSICAL_VALID_AWAITING_METHOD_ADMISSION
handoff-confirmation-candidate-1244,handoff-confirmation-candidate-1244-configuration,False,True,True,0,True,True,False,False,False,,0,0,PHYSICAL_VALID_AWAITING_METHOD_ADMISSION
handoff-confirmation-candidate-1245,handoff-confirmation-candidate-1245-configuration,False,True,True,0,True,True,False,False,False,,0,0,PHYSICAL_VALID_AWAITING_METHOD_ADMISSION
handoff-confirmation-candidate-1246,handoff-confirmation-candidate-1246-configuration,False,True,True,0,True,True,False,False,False,,0,0,PHYSICAL_VALID_AWAITING_METHOD_ADMISSION
handoff-confirmation-candidate-1247,handoff-confirmation-candidate-1247-configuration,False,True,True,0,True,True,False,False,False,,0,0,PHYSICAL_VALID_AWAITING_METHOD_ADMISSION
handoff-confirmation-candidate-1248,handoff-confirmation-candidate-1248-configuration,False,True,True,0,True,True,False,False,False,,0,0,PHYSICAL_VALID_AWAITING_METHOD_ADMISSION
handoff-confirmation-candidate-1249,handoff-confirmation-candidate-1249-configuration,False,True,True,0,True,True,False,False,False,,0,0,PHYSICAL_VALID_AWAITING_METHOD_ADMISSION
handoff-confirmation-candidate-1250,handoff-confirmation-candidate-1250-configuration,False,True,True,0,True,True,False,False,False,,0,0,PHYSICAL_VALID_AWAITING_METHOD_ADMISSION
handoff-confirmation-candidate-1251,handoff-confirmation-candidate-1251-configuration,False,True,True,0,True,True,False,False,False,,0,0,PHYSICAL_VALID_AWAITING_METHOD_ADMISSION
handoff-confirmation-candidate-1252,handoff-confirmation-candidate-1252-configuration,False,True,True,0,True,True,False,False,False,,0,0,PHYSICAL_VALID_AWAITING_METHOD_ADMISSION
handoff-confirmation-candidate-1253,handoff-confirmation-candidate-1253-configuration,False,True,True,0,True,True,False,False,False,,0,0,PHYSICAL_VALID_AWAITING_METHOD_ADMISSION
handoff-confirmation-candidate-1254,handoff-confirmation-candidate-1254-configuration,False,True,True,0,True,True,False,False,False,,0,0,PHYSICAL_VALID_AWAITING_METHOD_ADMISSION
handoff-confirmation-candidate-1255,handoff-confirmation-candidate-1255-configuration,False,True,True,0,True,True,False,False,False,,0,0,PHYSICAL_VALID_AWAITING_METHOD_ADMISSION
handoff-confirmation-candidate-1256,handoff-confirmation-candidate-1256-configuration,False,True,True,0,True,True,False,False,False,,0,0,PHYSICAL_VALID_AWAITING_METHOD_ADMISSION
handoff-confirmation-candidate-1257,handoff-confirmation-candidate-1257-configuration,False,True,True,0,True,True,False,False,False,,0,0,PHYSICAL_VALID_AWAITING_METHOD_ADMISSION
handoff-confirmation-candidate-1258,handoff-confirmation-candidate-1258-configuration,False,True,True,0,True,True,False,False,False,,0,0,PHYSICAL_VALID_AWAITING_METHOD_ADMISSION
handoff-confirmation-candidate-1259,handoff-confirmation-candidate-1259-configuration,False,True,True,0,True,True,False,False,False,,0,0,PHYSICAL_VALID_AWAITING_METHOD_ADMISSION
handoff-confirmation-candidate-1260,handoff-confirmation-candidate-1260-configuration,False,True,True,0,True,True,False,False,False,,0,0,PHYSICAL_VALID_AWAITING_METHOD_ADMISSION
handoff-confirmation-candidate-1261,handoff-confirmation-candidate-1261-configuration,False,True,True,0,True,True,False,False,False,,0,0,PHYSICAL_VALID_AWAITING_METHOD_ADMISSION
handoff-confirmation-candidate-1262,handoff-confirmation-candidate-1262-configuration,False,True,True,0,True,True,False,False,False,,0,0,PHYSICAL_VALID_AWAITING_METHOD_ADMISSION
handoff-confirmation-candidate-1263,handoff-confirmation-candidate-1263-configuration,False,True,True,0,True,True,False,False,False,,0,0,PHYSICAL_VALID_AWAITING_METHOD_ADMISSION
handoff-confirmation-candidate-1264,handoff-confirmation-candidate-1264-configuration,False,True,True,0,True,True,False,False,False,,0,0,PHYSICAL_VALID_AWAITING_METHOD_ADMISSION
handoff-confirmation-candidate-1265,handoff-confirmation-candidate-1265-configuration,False,True,True,0,True,True,False,False,False,,0,0,PHYSICAL_VALID_AWAITING_METHOD_ADMISSION
handoff-confirmation-candidate-1266,handoff-confirmation-candidate-1266-configuration,False,True,True,0,True,True,False,False,False,,0,0,PHYSICAL_VALID_AWAITING_METHOD_ADMISSION
handoff-confirmation-candidate-1267,handoff-confirmation-candidate-1267-configuration,False,True,True,0,True,True,False,False,False,,0,0,PHYSICAL_VALID_AWAITING_METHOD_ADMISSION
handoff-confirmation-candidate-1268,handoff-confirmation-candidate-1268-configuration,False,True,True,0,True,True,False,False,False,,0,0,PHYSICAL_VALID_AWAITING_METHOD_ADMISSION
handoff-confirmation-candidate-1269,handoff-confirmation-candidate-1269-configuration,False,True,True,0,True,True,False,False,False,,0,0,PHYSICAL_VALID_AWAITING_METHOD_ADMISSION
handoff-confirmation-candidate-1270,handoff-confirmation-candidate-1270-configuration,False,True,True,0,True,True,False,False,False,,0,0,PHYSICAL_VALID_AWAITING_METHOD_ADMISSION
handoff-confirmation-candidate-1271,handoff-confirmation-candidate-1271-configuration,False,True,True,0,True,True,False,False,False,,0,0,PHYSICAL_VALID_AWAITING_METHOD_ADMISSION
handoff-confirmation-candidate-1272,handoff-confirmation-candidate-1272-configuration,False,True,True,0,True,True,False,False,False,,0,0,PHYSICAL_VALID_AWAITING_METHOD_ADMISSION
handoff-confirmation-candidate-1273,handoff-confirmation-candidate-1273-configuration,False,True,True,0,True,True,False,False,False,,0,0,PHYSICAL_VALID_AWAITING_METHOD_ADMISSION
handoff-confirmation-candidate-1274,handoff-confirmation-candidate-1274-configuration,False,True,True,0,True,True,False,False,False,,0,0,PHYSICAL_VALID_AWAITING_METHOD_ADMISSION
handoff-confirmation-candidate-1275,handoff-confirmation-candidate-1275-configuration,False,True,True,0,True,True,False,False,False,,0,0,PHYSICAL_VALID_AWAITING_METHOD_ADMISSION
handoff-confirmation-candidate-1276,handoff-confirmation-candidate-1276-configuration,False,True,True,0,True,True,False,False,False,,0,0,PHYSICAL_VALID_AWAITING_METHOD_ADMISSION
handoff-confirmation-candidate-1277,handoff-confirmation-candidate-1277-configuration,False,True,True,0,True,True,False,False,False,,0,0,PHYSICAL_VALID_AWAITING_METHOD_ADMISSION
handoff-confirmation-candidate-1278,handoff-confirmation-candidate-1278-configuration,False,True,True,0,True,True,False,False,False,,0,0,PHYSICAL_VALID_AWAITING_METHOD_ADMISSION
handoff-confirmation-candidate-1279,handoff-confirmation-candidate-1279-configuration,False,True,True,0,True,True,False,False,False,,0,0,PHYSICAL_VALID_AWAITING_METHOD_ADMISSION
handoff-confirmation-candidate-1280,handoff-confirmation-candidate-1280-configuration,False,True,True,0,True,True,False,False,False,,0,0,PHYSICAL_VALID_AWAITING_METHOD_ADMISSION
handoff-confirmation-candidate-1281,handoff-confirmation-candidate-1281-configuration,False,True,True,0,True,True,False,False,False,,0,0,PHYSICAL_VALID_AWAITING_METHOD_ADMISSION
handoff-confirmation-candidate-1282,handoff-confirmation-candidate-1282-configuration,False,True,True,0,True,True,False,False,False,,0,0,PHYSICAL_VALID_AWAITING_METHOD_ADMISSION
handoff-confirmation-candidate-1283,handoff-confirmation-candidate-1283-configuration,False,True,True,0,True,True,False,False,False,,0,0,PHYSICAL_VALID_AWAITING_METHOD_ADMISSION
handoff-confirmation-candidate-1284,handoff-confirmation-candidate-1284-configuration,False,True,True,0,True,True,False,False,False,,0,0,PHYSICAL_VALID_AWAITING_METHOD_ADMISSION
handoff-confirmation-candidate-1285,handoff-confirmation-candidate-1285-configuration,False,True,True,0,True,True,False,False,False,,0,0,PHYSICAL_VALID_AWAITING_METHOD_ADMISSION
handoff-confirmation-candidate-1286,handoff-confirmation-candidate-1286-configuration,False,True,True,0,True,True,False,False,False,,0,0,PHYSICAL_VALID_AWAITING_METHOD_ADMISSION
handoff-confirmation-candidate-1287,handoff-confirmation-candidate-1287-configuration,False,True,True,0,True,True,False,False,False,,0,0,PHYSICAL_VALID_AWAITING_METHOD_ADMISSION
handoff-confirmation-candidate-1288,handoff-confirmation-candidate-1288-configuration,False,True,True,0,True,True,False,False,False,,0,0,PHYSICAL_VALID_AWAITING_METHOD_ADMISSION
handoff-confirmation-candidate-1289,handoff-confirmation-candidate-1289-configuration,False,True,True,0,True,True,False,False,False,,0,0,PHYSICAL_VALID_AWAITING_METHOD_ADMISSION
handoff-confirmation-candidate-1290,handoff-confirmation-candidate-1290-configuration,False,True,True,0,True,True,False,False,False,,0,0,PHYSICAL_VALID_AWAITING_METHOD_ADMISSION
handoff-confirmation-candidate-1291,handoff-confirmation-candidate-1291-configuration,False,True,True,0,True,True,False,False,False,,0,0,PHYSICAL_VALID_AWAITING_METHOD_ADMISSION
handoff-confirmation-candidate-1292,handoff-confirmation-candidate-1292-configuration,False,True,True,0,True,True,False,False,False,,0,0,PHYSICAL_VALID_AWAITING_METHOD_ADMISSION
handoff-confirmation-candidate-1293,handoff-confirmation-candidate-1293-configuration,False,True,True,0,True,True,False,False,False,,0,0,PHYSICAL_VALID_AWAITING_METHOD_ADMISSION
handoff-confirmation-candidate-1294,handoff-confirmation-candidate-1294-configuration,False,True,True,0,True,True,False,False,False,,0,0,PHYSICAL_VALID_AWAITING_METHOD_ADMISSION
handoff-confirmation-candidate-1295,handoff-confirmation-candidate-1295-configuration,False,True,True,0,True,True,False,False,False,,0,0,PHYSICAL_VALID_AWAITING_METHOD_ADMISSION
handoff-confirmation-candidate-1296,handoff-confirmation-candidate-1296-configuration,False,True,True,0,True,True,False,False,False,,0,0,PHYSICAL_VALID_AWAITING_METHOD_ADMISSION
handoff-confirmation-candidate-1297,handoff-confirmation-candidate-1297-configuration,False,True,True,0,True,True,False,False,False,,0,0,PHYSICAL_VALID_AWAITING_METHOD_ADMISSION
handoff-confirmation-candidate-1298,handoff-confirmation-candidate-1298-configuration,False,True,True,0,True,True,False,False,False,,0,0,PHYSICAL_VALID_AWAITING_METHOD_ADMISSION
handoff-confirmation-candidate-1299,handoff-confirmation-candidate-1299-configuration,False,True,True,0,False,True,False,False,False,,0,0,PHYSICAL_TECHNICAL_INVALID_AWAITING_ADMISSION
handoff-confirmation-candidate-1300,handoff-confirmation-candidate-1300-configuration,False,True,True,0,True,True,False,False,False,,0,0,PHYSICAL_VALID_AWAITING_METHOD_ADMISSION
handoff-confirmation-candidate-1301,handoff-confirmation-candidate-1301-configuration,False,True,True,0,True,True,False,False,False,,0,0,PHYSICAL_VALID_AWAITING_METHOD_ADMISSION
handoff-confirmation-candidate-1302,handoff-confirmation-candidate-1302-configuration,False,True,True,0,True,True,False,False,False,,0,0,PHYSICAL_VALID_AWAITING_METHOD_ADMISSION
handoff-confirmation-candidate-1303,handoff-confirmation-candidate-1303-configuration,False,True,True,0,True,True,False,False,False,,0,0,PHYSICAL_VALID_AWAITING_METHOD_ADMISSION
handoff-confirmation-candidate-1304,handoff-confirmation-candidate-1304-configuration,False,True,True,0,True,True,False,False,False,,0,0,PHYSICAL_VALID_AWAITING_METHOD_ADMISSION
handoff-confirmation-candidate-1305,handoff-confirmation-candidate-1305-configuration,False,True,True,0,True,True,False,False,False,,0,0,PHYSICAL_VALID_AWAITING_METHOD_ADMISSION
handoff-confirmation-candidate-1306,handoff-confirmation-candidate-1306-configuration,False,True,True,0,False,True,False,False,False,,0,0,PHYSICAL_TECHNICAL_INVALID_AWAITING_ADMISSION
handoff-confirmation-candidate-1307,handoff-confirmation-candidate-1307-configuration,False,True,True,0,False,False,False,False,False,,0,0,PHYSICAL_TECHNICAL_INVALID_AWAITING_ADMISSION
handoff-confirmation-candidate-1308,handoff-confirmation-candidate-1308-configuration,False,True,True,0,False,True,False,False,False,,0,0,PHYSICAL_TECHNICAL_INVALID_AWAITING_ADMISSION
handoff-confirmation-candidate-1309,handoff-confirmation-candidate-1309-configuration,False,True,True,0,False,True,False,False,False,,0,0,PHYSICAL_TECHNICAL_INVALID_AWAITING_ADMISSION
handoff-confirmation-candidate-1310,handoff-confirmation-candidate-1310-configuration,False,True,True,0,True,True,False,False,False,,0,0,PHYSICAL_VALID_AWAITING_METHOD_ADMISSION
handoff-confirmation-candidate-1311,handoff-confirmation-candidate-1311-configuration,False,True,True,0,False,True,False,False,False,,0,0,PHYSICAL_TECHNICAL_INVALID_AWAITING_ADMISSION
handoff-confirmation-candidate-1312,handoff-confirmation-candidate-1312-configuration,False,True,True,0,True,True,False,False,False,,0,0,PHYSICAL_VALID_AWAITING_METHOD_ADMISSION
handoff-confirmation-candidate-1313,handoff-confirmation-candidate-1313-configuration,False,True,True,0,True,True,False,False,False,,0,0,PHYSICAL_VALID_AWAITING_METHOD_ADMISSION
handoff-confirmation-candidate-1314,handoff-confirmation-candidate-1314-configuration,False,True,True,0,True,True,False,False,False,,0,0,PHYSICAL_VALID_AWAITING_METHOD_ADMISSION
handoff-confirmation-candidate-1315,handoff-confirmation-candidate-1315-configuration,False,True,True,0,True,True,False,False,False,,0,0,PHYSICAL_VALID_AWAITING_METHOD_ADMISSION
handoff-confirmation-candidate-1316,handoff-confirmation-candidate-1316-configuration,False,True,True,0,True,True,False,False,False,,0,0,PHYSICAL_VALID_AWAITING_METHOD_ADMISSION
handoff-confirmation-candidate-1317,handoff-confirmation-candidate-1317-configuration,False,True,True,0,True,True,False,False,False,,0,0,PHYSICAL_VALID_AWAITING_METHOD_ADMISSION
handoff-confirmation-candidate-1318,handoff-confirmation-candidate-1318-configuration,False,True,True,0,True,True,False,False,False,,0,0,PHYSICAL_VALID_AWAITING_METHOD_ADMISSION
handoff-confirmation-candidate-1319,handoff-confirmation-candidate-1319-configuration,False,True,True,0,True,True,False,False,False,,0,0,PHYSICAL_VALID_AWAITING_METHOD_ADMISSION
handoff-confirmation-candidate-1320,handoff-confirmation-candidate-1320-configuration,False,True,True,0,True,True,False,False,False,,0,0,PHYSICAL_VALID_AWAITING_METHOD_ADMISSION
handoff-confirmation-candidate-1321,handoff-confirmation-candidate-1321-configuration,False,True,True,0,True,True,False,False,False,,0,0,PHYSICAL_VALID_AWAITING_METHOD_ADMISSION
handoff-confirmation-candidate-1322,handoff-confirmation-candidate-1322-configuration,False,True,True,0,True,True,False,False,False,,0,0,PHYSICAL_VALID_AWAITING_METHOD_ADMISSION
handoff-confirmation-candidate-1323,handoff-confirmation-candidate-1323-configuration,False,True,True,0,True,True,False,False,False,,0,0,PHYSICAL_VALID_AWAITING_METHOD_ADMISSION
handoff-confirmation-candidate-1324,handoff-confirmation-candidate-1324-configuration,False,True,True,0,True,True,False,False,False,,0,0,PHYSICAL_VALID_AWAITING_METHOD_ADMISSION
handoff-confirmation-candidate-1325,handoff-confirmation-candidate-1325-configuration,False,True,True,0,True,True,False,False,False,,0,0,PHYSICAL_VALID_AWAITING_METHOD_ADMISSION
handoff-confirmation-candidate-1326,handoff-confirmation-candidate-1326-configuration,False,True,True,0,True,True,False,False,False,,0,0,PHYSICAL_VALID_AWAITING_METHOD_ADMISSION
handoff-confirmation-candidate-1327,handoff-confirmation-candidate-1327-configuration,False,True,True,0,True,True,False,False,False,,0,0,PHYSICAL_VALID_AWAITING_METHOD_ADMISSION
handoff-confirmation-candidate-1328,handoff-confirmation-candidate-1328-configuration,False,True,True,0,True,True,False,False,False,,0,0,PHYSICAL_VALID_AWAITING_METHOD_ADMISSION
handoff-confirmation-candidate-1329,handoff-confirmation-candidate-1329-configuration,False,True,True,0,True,True,False,False,False,,0,0,PHYSICAL_VALID_AWAITING_METHOD_ADMISSION
handoff-confirmation-candidate-1330,handoff-confirmation-candidate-1330-configuration,False,True,True,0,True,True,False,False,False,,0,0,PHYSICAL_VALID_AWAITING_METHOD_ADMISSION
handoff-confirmation-candidate-1331,handoff-confirmation-candidate-1331-configuration,False,True,True,0,True,True,False,False,False,,0,0,PHYSICAL_VALID_AWAITING_METHOD_ADMISSION
handoff-confirmation-candidate-1332,handoff-confirmation-candidate-1332-configuration,False,True,True,0,True,True,False,False,False,,0,0,PHYSICAL_VALID_AWAITING_METHOD_ADMISSION
handoff-confirmation-candidate-1333,handoff-confirmation-candidate-1333-configuration,False,True,True,0,True,True,False,False,False,,0,0,PHYSICAL_VALID_AWAITING_METHOD_ADMISSION
handoff-confirmation-candidate-1334,handoff-confirmation-candidate-1334-configuration,False,True,True,0,True,True,False,False,False,,0,0,PHYSICAL_VALID_AWAITING_METHOD_ADMISSION
handoff-confirmation-candidate-1335,handoff-confirmation-candidate-1335-configuration,False,True,True,0,True,True,False,False,False,,0,0,PHYSICAL_VALID_AWAITING_METHOD_ADMISSION
handoff-confirmation-candidate-1336,handoff-confirmation-candidate-1336-configuration,False,True,True,0,True,True,False,False,False,,0,0,PHYSICAL_VALID_AWAITING_METHOD_ADMISSION
handoff-confirmation-candidate-1337,handoff-confirmation-candidate-1337-configuration,False,True,True,0,True,True,False,False,False,,0,0,PHYSICAL_VALID_AWAITING_METHOD_ADMISSION
handoff-confirmation-candidate-1338,handoff-confirmation-candidate-1338-configuration,False,True,True,0,True,True,False,False,False,,0,0,PHYSICAL_VALID_AWAITING_METHOD_ADMISSION
handoff-confirmation-candidate-1339,handoff-confirmation-candidate-1339-configuration,False,True,True,0,True,True,False,False,False,,0,0,PHYSICAL_VALID_AWAITING_METHOD_ADMISSION
handoff-confirmation-candidate-1340,handoff-confirmation-candidate-1340-configuration,False,True,True,0,True,True,False,False,False,,0,0,PHYSICAL_VALID_AWAITING_METHOD_ADMISSION
handoff-confirmation-candidate-1341,handoff-confirmation-candidate-1341-configuration,False,True,True,0,True,True,False,False,False,,0,0,PHYSICAL_VALID_AWAITING_METHOD_ADMISSION
handoff-confirmation-candidate-1342,handoff-confirmation-candidate-1342-configuration,False,True,True,0,True,True,False,False,False,,0,0,PHYSICAL_VALID_AWAITING_METHOD_ADMISSION
handoff-confirmation-candidate-1343,handoff-confirmation-candidate-1343-configuration,False,True,True,0,False,True,False,False,False,,0,0,PHYSICAL_TECHNICAL_INVALID_AWAITING_ADMISSION
handoff-confirmation-candidate-1344,handoff-confirmation-candidate-1344-configuration,False,True,True,0,True,True,False,False,False,,0,0,PHYSICAL_VALID_AWAITING_METHOD_ADMISSION
handoff-confirmation-candidate-1345,handoff-confirmation-candidate-1345-configuration,False,True,True,0,True,True,False,False,False,,0,0,PHYSICAL_VALID_AWAITING_METHOD_ADMISSION
handoff-confirmation-candidate-1346,handoff-confirmation-candidate-1346-configuration,False,True,True,0,True,True,False,False,False,,0,0,PHYSICAL_VALID_AWAITING_METHOD_ADMISSION
handoff-confirmation-candidate-1347,handoff-confirmation-candidate-1347-configuration,False,True,True,0,True,True,False,False,False,,0,0,PHYSICAL_VALID_AWAITING_METHOD_ADMISSION
handoff-confirmation-candidate-1348,handoff-confirmation-candidate-1348-configuration,False,True,True,0,True,True,False,False,False,,0,0,PHYSICAL_VALID_AWAITING_METHOD_ADMISSION
handoff-confirmation-candidate-1349,handoff-confirmation-candidate-1349-configuration,False,True,True,0,True,True,False,False,False,,0,0,PHYSICAL_VALID_AWAITING_METHOD_ADMISSION
handoff-confirmation-candidate-1350,handoff-confirmation-candidate-1350-configuration,False,True,True,0,True,True,False,False,False,,0,0,PHYSICAL_VALID_AWAITING_METHOD_ADMISSION
handoff-confirmation-candidate-1351,handoff-confirmation-candidate-1351-configuration,False,True,True,0,True,True,False,False,False,,0,0,PHYSICAL_VALID_AWAITING_METHOD_ADMISSION
handoff-confirmation-candidate-1352,handoff-confirmation-candidate-1352-configuration,False,True,True,0,True,True,False,False,False,,0,0,PHYSICAL_VALID_AWAITING_METHOD_ADMISSION
handoff-confirmation-candidate-1353,handoff-confirmation-candidate-1353-configuration,False,True,True,0,True,True,False,False,False,,0,0,PHYSICAL_VALID_AWAITING_METHOD_ADMISSION
handoff-confirmation-candidate-1354,handoff-confirmation-candidate-1354-configuration,False,True,True,0,True,True,False,False,False,,0,0,PHYSICAL_VALID_AWAITING_METHOD_ADMISSION
handoff-confirmation-candidate-1355,handoff-confirmation-candidate-1355-configuration,False,True,True,0,True,True,False,False,False,,0,0,PHYSICAL_VALID_AWAITING_METHOD_ADMISSION
handoff-confirmation-candidate-1356,handoff-confirmation-candidate-1356-configuration,False,True,True,0,True,True,False,False,False,,0,0,PHYSICAL_VALID_AWAITING_METHOD_ADMISSION
handoff-confirmation-candidate-1357,handoff-confirmation-candidate-1357-configuration,False,True,True,0,True,True,False,False,False,,0,0,PHYSICAL_VALID_AWAITING_METHOD_ADMISSION
handoff-confirmation-candidate-1358,handoff-confirmation-candidate-1358-configuration,False,True,True,0,False,True,False,False,False,,0,0,PHYSICAL_TECHNICAL_INVALID_AWAITING_ADMISSION
handoff-confirmation-candidate-1359,handoff-confirmation-candidate-1359-configuration,False,True,True,0,True,True,False,False,False,,0,0,PHYSICAL_VALID_AWAITING_METHOD_ADMISSION
handoff-confirmation-candidate-1360,handoff-confirmation-candidate-1360-configuration,False,True,True,0,True,True,False,False,False,,0,0,PHYSICAL_VALID_AWAITING_METHOD_ADMISSION
handoff-confirmation-candidate-1361,handoff-confirmation-candidate-1361-configuration,False,True,True,0,True,True,False,False,False,,0,0,PHYSICAL_VALID_AWAITING_METHOD_ADMISSION
handoff-confirmation-candidate-1362,handoff-confirmation-candidate-1362-configuration,False,True,True,0,True,True,False,False,False,,0,0,PHYSICAL_VALID_AWAITING_METHOD_ADMISSION
handoff-confirmation-candidate-1363,handoff-confirmation-candidate-1363-configuration,False,True,True,0,True,True,False,False,False,,0,0,PHYSICAL_VALID_AWAITING_METHOD_ADMISSION
handoff-confirmation-candidate-1364,handoff-confirmation-candidate-1364-configuration,False,True,True,0,True,True,False,False,False,,0,0,PHYSICAL_VALID_AWAITING_METHOD_ADMISSION
handoff-confirmation-candidate-1365,handoff-confirmation-candidate-1365-configuration,False,True,True,0,True,True,False,False,False,,0,0,PHYSICAL_VALID_AWAITING_METHOD_ADMISSION
handoff-confirmation-candidate-1366,handoff-confirmation-candidate-1366-configuration,False,True,True,0,True,True,False,False,False,,0,0,PHYSICAL_VALID_AWAITING_METHOD_ADMISSION
handoff-confirmation-candidate-1367,handoff-confirmation-candidate-1367-configuration,False,True,True,0,True,True,False,False,False,,0,0,PHYSICAL_VALID_AWAITING_METHOD_ADMISSION
handoff-confirmation-candidate-1368,handoff-confirmation-candidate-1368-configuration,False,True,True,0,True,True,False,False,False,,0,0,PHYSICAL_VALID_AWAITING_METHOD_ADMISSION
handoff-confirmation-candidate-1369,handoff-confirmation-candidate-1369-configuration,False,True,True,0,True,True,False,False,False,,0,0,PHYSICAL_VALID_AWAITING_METHOD_ADMISSION
handoff-confirmation-candidate-1370,handoff-confirmation-candidate-1370-configuration,False,True,True,0,True,True,False,False,False,,0,0,PHYSICAL_VALID_AWAITING_METHOD_ADMISSION
handoff-confirmation-candidate-1371,handoff-confirmation-candidate-1371-configuration,False,True,True,0,True,True,False,False,False,,0,0,PHYSICAL_VALID_AWAITING_METHOD_ADMISSION
handoff-confirmation-candidate-1372,handoff-confirmation-candidate-1372-configuration,False,True,True,0,True,True,False,False,False,,0,0,PHYSICAL_VALID_AWAITING_METHOD_ADMISSION
handoff-confirmation-candidate-1373,handoff-confirmation-candidate-1373-configuration,False,True,True,0,True,True,False,False,False,,0,0,PHYSICAL_VALID_AWAITING_METHOD_ADMISSION
handoff-confirmation-candidate-1374,handoff-confirmation-candidate-1374-configuration,False,True,True,0,True,True,False,False,False,,0,0,PHYSICAL_VALID_AWAITING_METHOD_ADMISSION
handoff-confirmation-candidate-1375,handoff-confirmation-candidate-1375-configuration,False,True,True,0,True,True,False,False,False,,0,0,PHYSICAL_VALID_AWAITING_METHOD_ADMISSION
handoff-confirmation-candidate-1376,handoff-confirmation-candidate-1376-configuration,False,True,True,0,True,True,False,False,False,,0,0,PHYSICAL_VALID_AWAITING_METHOD_ADMISSION
handoff-confirmation-candidate-1377,handoff-confirmation-candidate-1377-configuration,False,True,True,0,True,True,False,False,False,,0,0,PHYSICAL_VALID_AWAITING_METHOD_ADMISSION
handoff-confirmation-candidate-1378,handoff-confirmation-candidate-1378-configuration,False,True,True,0,True,True,False,False,False,,0,0,PHYSICAL_VALID_AWAITING_METHOD_ADMISSION
handoff-confirmation-candidate-1379,handoff-confirmation-candidate-1379-configuration,False,True,True,0,True,True,False,False,False,,0,0,PHYSICAL_VALID_AWAITING_METHOD_ADMISSION
handoff-confirmation-candidate-1380,handoff-confirmation-candidate-1380-configuration,False,True,True,0,True,True,False,False,False,,0,0,PHYSICAL_VALID_AWAITING_METHOD_ADMISSION
handoff-confirmation-candidate-1381,handoff-confirmation-candidate-1381-configuration,False,True,True,0,True,True,False,False,False,,0,0,PHYSICAL_VALID_AWAITING_METHOD_ADMISSION
handoff-confirmation-candidate-1382,handoff-confirmation-candidate-1382-configuration,False,True,True,0,True,True,False,False,False,,0,0,PHYSICAL_VALID_AWAITING_METHOD_ADMISSION
handoff-confirmation-candidate-1383,handoff-confirmation-candidate-1383-configuration,False,True,True,0,True,True,False,False,False,,0,0,PHYSICAL_VALID_AWAITING_METHOD_ADMISSION
handoff-confirmation-candidate-1384,handoff-confirmation-candidate-1384-configuration,False,True,True,0,True,True,False,False,False,,0,0,PHYSICAL_VALID_AWAITING_METHOD_ADMISSION
handoff-confirmation-candidate-1385,handoff-confirmation-candidate-1385-configuration,False,True,True,0,True,True,False,False,False,,0,0,PHYSICAL_VALID_AWAITING_METHOD_ADMISSION
handoff-confirmation-candidate-1386,handoff-confirmation-candidate-1386-configuration,False,True,True,0,True,True,False,False,False,,0,0,PHYSICAL_VALID_AWAITING_METHOD_ADMISSION
handoff-confirmation-candidate-1387,handoff-confirmation-candidate-1387-configuration,False,True,True,0,True,True,False,False,False,,0,0,PHYSICAL_VALID_AWAITING_METHOD_ADMISSION
handoff-confirmation-candidate-1388,handoff-confirmation-candidate-1388-configuration,False,True,True,0,True,True,False,False,False,,0,0,PHYSICAL_VALID_AWAITING_METHOD_ADMISSION
handoff-confirmation-candidate-1389,handoff-confirmation-candidate-1389-configuration,False,True,True,0,True,True,False,False,False,,0,0,PHYSICAL_VALID_AWAITING_METHOD_ADMISSION
handoff-confirmation-candidate-1390,handoff-confirmation-candidate-1390-configuration,False,True,True,0,False,True,False,False,False,,0,0,PHYSICAL_TECHNICAL_INVALID_AWAITING_ADMISSION
handoff-confirmation-candidate-1391,handoff-confirmation-candidate-1391-configuration,False,True,True,0,True,True,False,False,False,,0,0,PHYSICAL_VALID_AWAITING_METHOD_ADMISSION
handoff-confirmation-candidate-1392,handoff-confirmation-candidate-1392-configuration,False,True,True,0,True,True,False,False,False,,0,0,PHYSICAL_VALID_AWAITING_METHOD_ADMISSION
handoff-confirmation-candidate-1393,handoff-confirmation-candidate-1393-configuration,False,True,True,0,True,True,False,False,False,,0,0,PHYSICAL_VALID_AWAITING_METHOD_ADMISSION
handoff-confirmation-candidate-1394,handoff-confirmation-candidate-1394-configuration,False,True,True,0,True,True,False,False,False,,0,0,PHYSICAL_VALID_AWAITING_METHOD_ADMISSION
handoff-confirmation-candidate-1395,handoff-confirmation-candidate-1395-configuration,False,True,True,0,True,True,False,False,False,,0,0,PHYSICAL_VALID_AWAITING_METHOD_ADMISSION
handoff-confirmation-candidate-1396,handoff-confirmation-candidate-1396-configuration,False,True,True,0,True,True,False,False,False,,0,0,PHYSICAL_VALID_AWAITING_METHOD_ADMISSION
handoff-confirmation-candidate-1397,handoff-confirmation-candidate-1397-configuration,False,True,True,0,True,True,False,False,False,,0,0,PHYSICAL_VALID_AWAITING_METHOD_ADMISSION
handoff-confirmation-candidate-1398,handoff-confirmation-candidate-1398-configuration,False,True,True,0,True,True,False,False,False,,0,0,PHYSICAL_VALID_AWAITING_METHOD_ADMISSION
handoff-confirmation-candidate-1399,handoff-confirmation-candidate-1399-configuration,False,True,True,0,True,True,False,False,False,,0,0,PHYSICAL_VALID_AWAITING_METHOD_ADMISSION
handoff-confirmation-candidate-1400,handoff-confirmation-candidate-1400-configuration,False,True,True,0,True,True,False,False,False,,0,0,PHYSICAL_VALID_AWAITING_METHOD_ADMISSION
handoff-confirmation-candidate-1401,handoff-confirmation-candidate-1401-configuration,False,True,True,0,True,True,False,False,False,,0,0,PHYSICAL_VALID_AWAITING_METHOD_ADMISSION
handoff-confirmation-candidate-1402,handoff-confirmation-candidate-1402-configuration,False,True,True,0,True,True,False,False,False,,0,0,PHYSICAL_VALID_AWAITING_METHOD_ADMISSION
handoff-confirmation-candidate-1403,handoff-confirmation-candidate-1403-configuration,False,True,True,0,False,True,False,False,False,,0,0,PHYSICAL_TECHNICAL_INVALID_AWAITING_ADMISSION
handoff-confirmation-candidate-1404,handoff-confirmation-candidate-1404-configuration,False,True,True,0,True,True,False,False,False,,0,0,PHYSICAL_VALID_AWAITING_METHOD_ADMISSION
handoff-confirmation-candidate-1405,handoff-confirmation-candidate-1405-configuration,False,True,True,0,True,True,False,False,False,,0,0,PHYSICAL_VALID_AWAITING_METHOD_ADMISSION
handoff-confirmation-candidate-1406,handoff-confirmation-candidate-1406-configuration,False,True,True,0,True,True,False,False,False,,0,0,PHYSICAL_VALID_AWAITING_METHOD_ADMISSION
handoff-confirmation-candidate-1407,handoff-confirmation-candidate-1407-configuration,False,True,True,0,True,True,False,False,False,,0,0,PHYSICAL_VALID_AWAITING_METHOD_ADMISSION
handoff-confirmation-candidate-1408,handoff-confirmation-candidate-1408-configuration,False,True,True,0,True,True,False,False,False,,0,0,PHYSICAL_VALID_AWAITING_METHOD_ADMISSION
handoff-confirmation-candidate-1409,handoff-confirmation-candidate-1409-configuration,False,True,True,0,True,True,False,False,False,,0,0,PHYSICAL_VALID_AWAITING_METHOD_ADMISSION
handoff-confirmation-candidate-1410,handoff-confirmation-candidate-1410-configuration,False,True,True,0,True,True,False,False,False,,0,0,PHYSICAL_VALID_AWAITING_METHOD_ADMISSION
handoff-confirmation-candidate-1411,handoff-confirmation-candidate-1411-configuration,False,True,True,0,True,True,False,False,False,,0,0,PHYSICAL_VALID_AWAITING_METHOD_ADMISSION
handoff-confirmation-candidate-1412,handoff-confirmation-candidate-1412-configuration,False,True,True,0,True,True,False,False,False,,0,0,PHYSICAL_VALID_AWAITING_METHOD_ADMISSION
handoff-confirmation-candidate-1413,handoff-confirmation-candidate-1413-configuration,False,True,True,0,True,True,False,False,False,,0,0,PHYSICAL_VALID_AWAITING_METHOD_ADMISSION
handoff-confirmation-candidate-1414,handoff-confirmation-candidate-1414-configuration,False,True,True,0,True,True,False,False,False,,0,0,PHYSICAL_VALID_AWAITING_METHOD_ADMISSION
handoff-confirmation-candidate-1415,handoff-confirmation-candidate-1415-configuration,False,True,True,0,True,True,False,False,False,,0,0,PHYSICAL_VALID_AWAITING_METHOD_ADMISSION
handoff-confirmation-candidate-1416,handoff-confirmation-candidate-1416-configuration,False,True,True,0,True,True,False,False,False,,0,0,PHYSICAL_VALID_AWAITING_METHOD_ADMISSION
handoff-confirmation-candidate-1417,handoff-confirmation-candidate-1417-configuration,False,True,True,0,True,True,False,False,False,,0,0,PHYSICAL_VALID_AWAITING_METHOD_ADMISSION
handoff-confirmation-candidate-1418,handoff-confirmation-candidate-1418-configuration,False,True,True,0,True,True,False,False,False,,0,0,PHYSICAL_VALID_AWAITING_METHOD_ADMISSION
handoff-confirmation-candidate-1419,handoff-confirmation-candidate-1419-configuration,False,True,True,0,True,True,False,False,False,,0,0,PHYSICAL_VALID_AWAITING_METHOD_ADMISSION
handoff-confirmation-candidate-1420,handoff-confirmation-candidate-1420-configuration,False,True,True,0,True,True,False,False,False,,0,0,PHYSICAL_VALID_AWAITING_METHOD_ADMISSION
handoff-confirmation-candidate-1421,handoff-confirmation-candidate-1421-configuration,False,True,True,0,True,True,False,False,False,,0,0,PHYSICAL_VALID_AWAITING_METHOD_ADMISSION
handoff-confirmation-candidate-1422,handoff-confirmation-candidate-1422-configuration,False,True,True,0,True,True,False,False,False,,0,0,PHYSICAL_VALID_AWAITING_METHOD_ADMISSION
handoff-confirmation-candidate-1423,handoff-confirmation-candidate-1423-configuration,False,True,True,0,True,True,False,False,False,,0,0,PHYSICAL_VALID_AWAITING_METHOD_ADMISSION
handoff-confirmation-candidate-1424,handoff-confirmation-candidate-1424-configuration,False,True,True,0,True,True,False,False,False,,0,0,PHYSICAL_VALID_AWAITING_METHOD_ADMISSION
handoff-confirmation-candidate-1425,handoff-confirmation-candidate-1425-configuration,False,True,True,0,True,True,False,False,False,,0,0,PHYSICAL_VALID_AWAITING_METHOD_ADMISSION
handoff-confirmation-candidate-1426,handoff-confirmation-candidate-1426-configuration,False,True,True,0,True,True,False,False,False,,0,0,PHYSICAL_VALID_AWAITING_METHOD_ADMISSION
handoff-confirmation-candidate-1427,handoff-confirmation-candidate-1427-configuration,False,True,True,0,True,True,False,False,False,,0,0,PHYSICAL_VALID_AWAITING_METHOD_ADMISSION
handoff-confirmation-candidate-1428,handoff-confirmation-candidate-1428-configuration,False,True,True,0,True,True,False,False,False,,0,0,PHYSICAL_VALID_AWAITING_METHOD_ADMISSION
handoff-confirmation-candidate-1429,handoff-confirmation-candidate-1429-configuration,False,True,True,0,True,True,False,False,False,,0,0,PHYSICAL_VALID_AWAITING_METHOD_ADMISSION
handoff-confirmation-candidate-1430,handoff-confirmation-candidate-1430-configuration,False,True,True,0,True,True,False,False,False,,0,0,PHYSICAL_VALID_AWAITING_METHOD_ADMISSION
handoff-confirmation-candidate-1431,handoff-confirmation-candidate-1431-configuration,False,True,True,0,True,True,False,False,False,,0,0,PHYSICAL_VALID_AWAITING_METHOD_ADMISSION
handoff-confirmation-candidate-1432,handoff-confirmation-candidate-1432-configuration,False,True,True,0,True,True,False,False,False,,0,0,PHYSICAL_VALID_AWAITING_METHOD_ADMISSION
handoff-confirmation-candidate-1433,handoff-confirmation-candidate-1433-configuration,False,True,True,0,True,True,False,False,False,,0,0,PHYSICAL_VALID_AWAITING_METHOD_ADMISSION
handoff-confirmation-candidate-1434,handoff-confirmation-candidate-1434-configuration,False,True,True,0,True,True,False,False,False,,0,0,PHYSICAL_VALID_AWAITING_METHOD_ADMISSION
handoff-confirmation-candidate-1435,handoff-confirmation-candidate-1435-configuration,False,True,True,0,True,True,False,False,False,,0,0,PHYSICAL_VALID_AWAITING_METHOD_ADMISSION
handoff-confirmation-candidate-1436,handoff-confirmation-candidate-1436-configuration,False,True,True,0,True,True,False,False,False,,0,0,PHYSICAL_VALID_AWAITING_METHOD_ADMISSION
handoff-confirmation-candidate-1437,handoff-confirmation-candidate-1437-configuration,False,True,True,0,True,True,False,False,False,,0,0,PHYSICAL_VALID_AWAITING_METHOD_ADMISSION
handoff-confirmation-candidate-1438,handoff-confirmation-candidate-1438-configuration,False,True,True,0,True,True,False,False,False,,0,0,PHYSICAL_VALID_AWAITING_METHOD_ADMISSION
handoff-confirmation-candidate-1439,handoff-confirmation-candidate-1439-configuration,False,True,True,0,True,True,False,False,False,,0,0,PHYSICAL_VALID_AWAITING_METHOD_ADMISSION
handoff-confirmation-candidate-1440,handoff-confirmation-candidate-1440-configuration,False,True,True,0,True,True,False,False,False,,0,0,PHYSICAL_VALID_AWAITING_METHOD_ADMISSION
handoff-confirmation-candidate-1441,handoff-confirmation-candidate-1441-configuration,False,True,True,0,True,True,False,False,False,,0,0,PHYSICAL_VALID_AWAITING_METHOD_ADMISSION
handoff-confirmation-candidate-1442,handoff-confirmation-candidate-1442-configuration,False,True,True,0,True,True,False,False,False,,0,0,PHYSICAL_VALID_AWAITING_METHOD_ADMISSION
handoff-confirmation-candidate-1443,handoff-confirmation-candidate-1443-configuration,False,True,True,0,True,True,False,False,False,,0,0,PHYSICAL_VALID_AWAITING_METHOD_ADMISSION
handoff-confirmation-candidate-1444,handoff-confirmation-candidate-1444-configuration,False,True,True,0,True,True,False,False,False,,0,0,PHYSICAL_VALID_AWAITING_METHOD_ADMISSION
handoff-confirmation-candidate-1445,handoff-confirmation-candidate-1445-configuration,False,True,True,0,True,True,False,False,False,,0,0,PHYSICAL_VALID_AWAITING_METHOD_ADMISSION
handoff-confirmation-candidate-1446,handoff-confirmation-candidate-1446-configuration,False,True,True,0,True,True,False,False,False,,0,0,PHYSICAL_VALID_AWAITING_METHOD_ADMISSION
handoff-confirmation-candidate-1447,handoff-confirmation-candidate-1447-configuration,False,True,True,0,True,True,False,False,False,,0,0,PHYSICAL_VALID_AWAITING_METHOD_ADMISSION
handoff-confirmation-candidate-1448,handoff-confirmation-candidate-1448-configuration,False,True,True,0,True,True,False,False,False,,0,0,PHYSICAL_VALID_AWAITING_METHOD_ADMISSION
handoff-confirmation-candidate-1449,handoff-confirmation-candidate-1449-configuration,False,True,True,0,True,True,False,False,False,,0,0,PHYSICAL_VALID_AWAITING_METHOD_ADMISSION
handoff-confirmation-candidate-1450,handoff-confirmation-candidate-1450-configuration,False,True,True,0,True,True,False,False,False,,0,0,PHYSICAL_VALID_AWAITING_METHOD_ADMISSION
handoff-confirmation-candidate-1451,handoff-confirmation-candidate-1451-configuration,False,True,True,0,True,True,False,False,False,,0,0,PHYSICAL_VALID_AWAITING_METHOD_ADMISSION
handoff-confirmation-candidate-1452,handoff-confirmation-candidate-1452-configuration,False,True,True,0,True,True,False,False,False,,0,0,PHYSICAL_VALID_AWAITING_METHOD_ADMISSION
handoff-confirmation-candidate-1453,handoff-confirmation-candidate-1453-configuration,False,True,True,0,True,True,False,False,False,,0,0,PHYSICAL_VALID_AWAITING_METHOD_ADMISSION
handoff-confirmation-candidate-1454,handoff-confirmation-candidate-1454-configuration,False,True,True,0,True,True,False,False,False,,0,0,PHYSICAL_VALID_AWAITING_METHOD_ADMISSION
handoff-confirmation-candidate-1455,handoff-confirmation-candidate-1455-configuration,False,True,True,0,True,True,False,False,False,,0,0,PHYSICAL_VALID_AWAITING_METHOD_ADMISSION
handoff-confirmation-candidate-1456,handoff-confirmation-candidate-1456-configuration,False,True,True,0,True,True,False,False,False,,0,0,PHYSICAL_VALID_AWAITING_METHOD_ADMISSION
handoff-confirmation-candidate-1457,handoff-confirmation-candidate-1457-configuration,False,True,True,0,True,True,False,False,False,,0,0,PHYSICAL_VALID_AWAITING_METHOD_ADMISSION
handoff-confirmation-candidate-1458,handoff-confirmation-candidate-1458-configuration,False,True,True,0,True,True,False,False,False,,0,0,PHYSICAL_VALID_AWAITING_METHOD_ADMISSION
handoff-confirmation-candidate-1459,handoff-confirmation-candidate-1459-configuration,False,True,True,0,True,True,False,False,False,,0,0,PHYSICAL_VALID_AWAITING_METHOD_ADMISSION
handoff-confirmation-candidate-1460,handoff-confirmation-candidate-1460-configuration,False,True,True,0,True,True,False,False,False,,0,0,PHYSICAL_VALID_AWAITING_METHOD_ADMISSION
handoff-confirmation-candidate-1461,handoff-confirmation-candidate-1461-configuration,False,True,True,0,True,True,False,False,False,,0,0,PHYSICAL_VALID_AWAITING_METHOD_ADMISSION
handoff-confirmation-candidate-1462,handoff-confirmation-candidate-1462-configuration,False,True,True,0,True,True,False,False,False,,0,0,PHYSICAL_VALID_AWAITING_METHOD_ADMISSION
handoff-confirmation-candidate-1463,handoff-confirmation-candidate-1463-configuration,False,True,True,0,True,True,False,False,False,,0,0,PHYSICAL_VALID_AWAITING_METHOD_ADMISSION
handoff-confirmation-candidate-1464,handoff-confirmation-candidate-1464-configuration,False,True,True,0,True,True,False,False,False,,0,0,PHYSICAL_VALID_AWAITING_METHOD_ADMISSION
handoff-confirmation-candidate-1465,handoff-confirmation-candidate-1465-configuration,False,True,True,0,True,True,False,False,False,,0,0,PHYSICAL_VALID_AWAITING_METHOD_ADMISSION
handoff-confirmation-candidate-1466,handoff-confirmation-candidate-1466-configuration,False,True,True,0,False,False,False,False,False,,0,0,PHYSICAL_TECHNICAL_INVALID_AWAITING_ADMISSION
handoff-confirmation-candidate-1467,handoff-confirmation-candidate-1467-configuration,False,True,True,0,True,True,False,False,False,,0,0,PHYSICAL_VALID_AWAITING_METHOD_ADMISSION
handoff-confirmation-candidate-1468,handoff-confirmation-candidate-1468-configuration,False,True,True,0,True,True,False,False,False,,0,0,PHYSICAL_VALID_AWAITING_METHOD_ADMISSION
handoff-confirmation-candidate-1469,handoff-confirmation-candidate-1469-configuration,False,True,True,0,True,True,False,False,False,,0,0,PHYSICAL_VALID_AWAITING_METHOD_ADMISSION
handoff-confirmation-candidate-1470,handoff-confirmation-candidate-1470-configuration,False,True,True,0,True,True,False,False,False,,0,0,PHYSICAL_VALID_AWAITING_METHOD_ADMISSION
handoff-confirmation-candidate-1471,handoff-confirmation-candidate-1471-configuration,False,True,True,0,True,True,False,False,False,,0,0,PHYSICAL_VALID_AWAITING_METHOD_ADMISSION
handoff-confirmation-candidate-1472,handoff-confirmation-candidate-1472-configuration,False,True,True,0,True,True,False,False,False,,0,0,PHYSICAL_VALID_AWAITING_METHOD_ADMISSION
handoff-confirmation-candidate-1473,handoff-confirmation-candidate-1473-configuration,False,True,True,0,True,True,False,False,False,,0,0,PHYSICAL_VALID_AWAITING_METHOD_ADMISSION
handoff-confirmation-candidate-1474,handoff-confirmation-candidate-1474-configuration,False,True,True,0,True,True,False,False,False,,0,0,PHYSICAL_VALID_AWAITING_METHOD_ADMISSION
handoff-confirmation-candidate-1475,handoff-confirmation-candidate-1475-configuration,False,True,True,0,True,True,False,False,False,,0,0,PHYSICAL_VALID_AWAITING_METHOD_ADMISSION
handoff-confirmation-candidate-1476,handoff-confirmation-candidate-1476-configuration,False,True,True,0,True,True,False,False,False,,0,0,PHYSICAL_VALID_AWAITING_METHOD_ADMISSION
handoff-confirmation-candidate-1477,handoff-confirmation-candidate-1477-configuration,False,True,True,0,True,True,False,False,False,,0,0,PHYSICAL_VALID_AWAITING_METHOD_ADMISSION
handoff-confirmation-candidate-1478,handoff-confirmation-candidate-1478-configuration,False,True,True,0,True,True,False,False,False,,0,0,PHYSICAL_VALID_AWAITING_METHOD_ADMISSION
handoff-confirmation-candidate-1479,handoff-confirmation-candidate-1479-configuration,False,True,True,0,True,True,False,False,False,,0,0,PHYSICAL_VALID_AWAITING_METHOD_ADMISSION
handoff-confirmation-candidate-1480,handoff-confirmation-candidate-1480-configuration,False,True,True,0,True,True,False,False,False,,0,0,PHYSICAL_VALID_AWAITING_METHOD_ADMISSION
handoff-confirmation-candidate-1481,handoff-confirmation-candidate-1481-configuration,False,True,True,0,True,True,False,False,False,,0,0,PHYSICAL_VALID_AWAITING_METHOD_ADMISSION
handoff-confirmation-candidate-1482,handoff-confirmation-candidate-1482-configuration,False,True,True,0,True,True,False,False,False,,0,0,PHYSICAL_VALID_AWAITING_METHOD_ADMISSION
handoff-confirmation-candidate-1483,handoff-confirmation-candidate-1483-configuration,False,True,True,0,True,True,False,False,False,,0,0,PHYSICAL_VALID_AWAITING_METHOD_ADMISSION
handoff-confirmation-candidate-1484,handoff-confirmation-candidate-1484-configuration,False,True,True,0,True,True,False,False,False,,0,0,PHYSICAL_VALID_AWAITING_METHOD_ADMISSION
handoff-confirmation-candidate-1485,handoff-confirmation-candidate-1485-configuration,False,True,True,0,True,True,False,False,False,,0,0,PHYSICAL_VALID_AWAITING_METHOD_ADMISSION
handoff-confirmation-candidate-1486,handoff-confirmation-candidate-1486-configuration,False,True,True,0,True,True,False,False,False,,0,0,PHYSICAL_VALID_AWAITING_METHOD_ADMISSION
handoff-confirmation-candidate-1487,handoff-confirmation-candidate-1487-configuration,False,True,True,0,True,True,False,False,False,,0,0,PHYSICAL_VALID_AWAITING_METHOD_ADMISSION
handoff-confirmation-candidate-1488,handoff-confirmation-candidate-1488-configuration,False,True,True,0,True,True,False,False,False,,0,0,PHYSICAL_VALID_AWAITING_METHOD_ADMISSION
handoff-confirmation-candidate-1489,handoff-confirmation-candidate-1489-configuration,False,True,True,0,True,True,False,False,False,,0,0,PHYSICAL_VALID_AWAITING_METHOD_ADMISSION
handoff-confirmation-candidate-1490,handoff-confirmation-candidate-1490-configuration,False,True,True,0,True,True,False,False,False,,0,0,PHYSICAL_VALID_AWAITING_METHOD_ADMISSION
handoff-confirmation-candidate-1491,handoff-confirmation-candidate-1491-configuration,False,True,True,0,True,True,False,False,False,,0,0,PHYSICAL_VALID_AWAITING_METHOD_ADMISSION
handoff-confirmation-candidate-1492,handoff-confirmation-candidate-1492-configuration,False,True,True,0,True,True,False,False,False,,0,0,PHYSICAL_VALID_AWAITING_METHOD_ADMISSION
handoff-confirmation-candidate-1493,handoff-confirmation-candidate-1493-configuration,False,True,False,,,,False,False,False,,0,0,NO_TERMINAL_PHYSICAL_RECORD
handoff-confirmation-candidate-1494,handoff-confirmation-candidate-1494-configuration,False,True,False,,,,False,False,False,,0,0,NO_TERMINAL_PHYSICAL_RECORD
handoff-confirmation-candidate-1495,handoff-confirmation-candidate-1495-configuration,False,True,False,,,,False,False,False,,0,0,NO_TERMINAL_PHYSICAL_RECORD
handoff-confirmation-candidate-1496,handoff-confirmation-candidate-1496-configuration,False,True,False,,,,False,False,False,,0,0,NO_TERMINAL_PHYSICAL_RECORD
handoff-confirmation-candidate-1497,handoff-confirmation-candidate-1497-configuration,False,True,False,,,,False,False,False,,0,0,NO_TERMINAL_PHYSICAL_RECORD
handoff-confirmation-candidate-1498,handoff-confirmation-candidate-1498-configuration,False,True,False,,,,False,False,False,,0,0,NO_TERMINAL_PHYSICAL_RECORD
handoff-confirmation-candidate-1499,handoff-confirmation-candidate-1499-configuration,False,True,False,,,,False,False,False,,0,0,NO_TERMINAL_PHYSICAL_RECORD
handoff-confirmation-candidate-1500,handoff-confirmation-candidate-1500-configuration,False,True,False,,,,False,False,False,,0,0,NO_TERMINAL_PHYSICAL_RECORD
handoff-confirmation-candidate-1501,handoff-confirmation-candidate-1501-configuration,False,True,False,,,,False,False,False,,0,0,NO_TERMINAL_PHYSICAL_RECORD
handoff-confirmation-candidate-1502,handoff-confirmation-candidate-1502-configuration,False,True,False,,,,False,False,False,,0,0,NO_TERMINAL_PHYSICAL_RECORD
handoff-confirmation-candidate-1503,handoff-confirmation-candidate-1503-configuration,False,True,False,,,,False,False,False,,0,0,NO_TERMINAL_PHYSICAL_RECORD
handoff-confirmation-candidate-1504,handoff-confirmation-candidate-1504-configuration,False,True,False,,,,False,False,False,,0,0,NO_TERMINAL_PHYSICAL_RECORD
handoff-confirmation-candidate-1505,handoff-confirmation-candidate-1505-configuration,False,True,False,,,,False,False,False,,0,0,NO_TERMINAL_PHYSICAL_RECORD
handoff-confirmation-candidate-1506,handoff-confirmation-candidate-1506-configuration,False,True,False,,,,False,False,False,,0,0,NO_TERMINAL_PHYSICAL_RECORD
handoff-confirmation-candidate-1507,handoff-confirmation-candidate-1507-configuration,False,True,False,,,,False,False,False,,0,0,NO_TERMINAL_PHYSICAL_RECORD
handoff-confirmation-candidate-1508,handoff-confirmation-candidate-1508-configuration,False,True,False,,,,False,False,False,,0,0,NO_TERMINAL_PHYSICAL_RECORD
handoff-confirmation-candidate-1509,handoff-confirmation-candidate-1509-configuration,False,True,False,,,,False,False,False,,0,0,NO_TERMINAL_PHYSICAL_RECORD
handoff-confirmation-candidate-1510,handoff-confirmation-candidate-1510-configuration,False,True,False,,,,False,False,False,,0,0,NO_TERMINAL_PHYSICAL_RECORD
handoff-confirmation-candidate-1511,handoff-confirmation-candidate-1511-configuration,False,True,False,,,,False,False,False,,0,0,NO_TERMINAL_PHYSICAL_RECORD
handoff-confirmation-candidate-1512,handoff-confirmation-candidate-1512-configuration,False,True,False,,,,False,False,False,,0,0,NO_TERMINAL_PHYSICAL_RECORD
handoff-confirmation-candidate-1513,handoff-confirmation-candidate-1513-configuration,False,True,False,,,,False,False,False,,0,0,NO_TERMINAL_PHYSICAL_RECORD
handoff-confirmation-candidate-1514,handoff-confirmation-candidate-1514-configuration,False,True,False,,,,False,False,False,,0,0,NO_TERMINAL_PHYSICAL_RECORD
handoff-confirmation-candidate-1515,handoff-confirmation-candidate-1515-configuration,False,True,False,,,,False,False,False,,0,0,NO_TERMINAL_PHYSICAL_RECORD
handoff-confirmation-candidate-1516,handoff-confirmation-candidate-1516-configuration,False,True,False,,,,False,False,False,,0,0,NO_TERMINAL_PHYSICAL_RECORD
handoff-confirmation-candidate-1517,handoff-confirmation-candidate-1517-configuration,False,True,False,,,,False,False,False,,0,0,NO_TERMINAL_PHYSICAL_RECORD
handoff-confirmation-candidate-1518,handoff-confirmation-candidate-1518-configuration,False,True,False,,,,False,False,False,,0,0,NO_TERMINAL_PHYSICAL_RECORD
handoff-confirmation-candidate-1519,handoff-confirmation-candidate-1519-configuration,False,True,False,,,,False,False,False,,0,0,NO_TERMINAL_PHYSICAL_RECORD
handoff-confirmation-candidate-1520,handoff-confirmation-candidate-1520-configuration,False,True,False,,,,False,False,False,,0,0,NO_TERMINAL_PHYSICAL_RECORD
handoff-confirmation-candidate-1521,handoff-confirmation-candidate-1521-configuration,False,True,False,,,,False,False,False,,0,0,NO_TERMINAL_PHYSICAL_RECORD
handoff-confirmation-candidate-1522,handoff-confirmation-candidate-1522-configuration,False,True,False,,,,False,False,False,,0,0,NO_TERMINAL_PHYSICAL_RECORD
handoff-confirmation-candidate-1523,handoff-confirmation-candidate-1523-configuration,False,True,False,,,,False,False,False,,0,0,NO_TERMINAL_PHYSICAL_RECORD
handoff-confirmation-candidate-1524,handoff-confirmation-candidate-1524-configuration,False,True,False,,,,False,False,False,,0,0,NO_TERMINAL_PHYSICAL_RECORD
handoff-confirmation-candidate-1525,handoff-confirmation-candidate-1525-configuration,False,True,False,,,,False,False,False,,0,0,NO_TERMINAL_PHYSICAL_RECORD
handoff-confirmation-candidate-1526,handoff-confirmation-candidate-1526-configuration,False,True,False,,,,False,False,False,,0,0,NO_TERMINAL_PHYSICAL_RECORD
handoff-confirmation-candidate-1527,handoff-confirmation-candidate-1527-configuration,False,True,False,,,,False,False,False,,0,0,NO_TERMINAL_PHYSICAL_RECORD
handoff-confirmation-candidate-1528,handoff-confirmation-candidate-1528-configuration,False,True,False,,,,False,False,False,,0,0,NO_TERMINAL_PHYSICAL_RECORD
handoff-confirmation-candidate-1529,handoff-confirmation-candidate-1529-configuration,False,True,False,,,,False,False,False,,0,0,NO_TERMINAL_PHYSICAL_RECORD
handoff-confirmation-candidate-1530,handoff-confirmation-candidate-1530-configuration,False,True,False,,,,False,False,False,,0,0,NO_TERMINAL_PHYSICAL_RECORD
handoff-confirmation-candidate-1531,handoff-confirmation-candidate-1531-configuration,False,True,False,,,,False,False,False,,0,0,NO_TERMINAL_PHYSICAL_RECORD
handoff-confirmation-candidate-1532,handoff-confirmation-candidate-1532-configuration,False,True,False,,,,False,False,False,,0,0,NO_TERMINAL_PHYSICAL_RECORD
handoff-confirmation-candidate-1533,handoff-confirmation-candidate-1533-configuration,False,True,False,,,,False,False,False,,0,0,NO_TERMINAL_PHYSICAL_RECORD
handoff-confirmation-candidate-1534,handoff-confirmation-candidate-1534-configuration,False,True,False,,,,False,False,False,,0,0,NO_TERMINAL_PHYSICAL_RECORD
handoff-confirmation-candidate-1535,handoff-confirmation-candidate-1535-configuration,False,True,False,,,,False,False,False,,0,0,NO_TERMINAL_PHYSICAL_RECORD
handoff-confirmation-candidate-1536,handoff-confirmation-candidate-1536-configuration,False,True,False,,,,False,False,False,,0,0,NO_TERMINAL_PHYSICAL_RECORD
handoff-confirmation-candidate-1537,handoff-confirmation-candidate-1537-configuration,False,True,False,,,,False,False,False,,0,0,NO_TERMINAL_PHYSICAL_RECORD
handoff-confirmation-candidate-1538,handoff-confirmation-candidate-1538-configuration,False,True,False,,,,False,False,False,,0,0,NO_TERMINAL_PHYSICAL_RECORD
handoff-confirmation-candidate-1539,handoff-confirmation-candidate-1539-configuration,False,True,False,,,,False,False,False,,0,0,NO_TERMINAL_PHYSICAL_RECORD
handoff-confirmation-candidate-1540,handoff-confirmation-candidate-1540-configuration,False,True,False,,,,False,False,False,,0,0,NO_TERMINAL_PHYSICAL_RECORD
handoff-confirmation-candidate-1541,handoff-confirmation-candidate-1541-configuration,False,True,False,,,,False,False,False,,0,0,NO_TERMINAL_PHYSICAL_RECORD
handoff-confirmation-candidate-1542,handoff-confirmation-candidate-1542-configuration,False,True,False,,,,False,False,False,,0,0,NO_TERMINAL_PHYSICAL_RECORD
handoff-confirmation-candidate-1543,handoff-confirmation-candidate-1543-configuration,False,True,False,,,,False,False,False,,0,0,NO_TERMINAL_PHYSICAL_RECORD
handoff-confirmation-candidate-1544,handoff-confirmation-candidate-1544-configuration,False,True,False,,,,False,False,False,,0,0,NO_TERMINAL_PHYSICAL_RECORD
handoff-confirmation-candidate-1545,handoff-confirmation-candidate-1545-configuration,False,True,False,,,,False,False,False,,0,0,NO_TERMINAL_PHYSICAL_RECORD
handoff-confirmation-candidate-1546,handoff-confirmation-candidate-1546-configuration,False,True,False,,,,False,False,False,,0,0,NO_TERMINAL_PHYSICAL_RECORD
handoff-confirmation-candidate-1547,handoff-confirmation-candidate-1547-configuration,False,True,False,,,,False,False,False,,0,0,NO_TERMINAL_PHYSICAL_RECORD
handoff-confirmation-candidate-1548,handoff-confirmation-candidate-1548-configuration,False,True,False,,,,False,False,False,,0,0,NO_TERMINAL_PHYSICAL_RECORD
handoff-confirmation-candidate-1549,handoff-confirmation-candidate-1549-configuration,False,True,False,,,,False,False,False,,0,0,NO_TERMINAL_PHYSICAL_RECORD
handoff-confirmation-candidate-1550,handoff-confirmation-candidate-1550-configuration,False,True,False,,,,False,False,False,,0,0,NO_TERMINAL_PHYSICAL_RECORD
handoff-confirmation-candidate-1551,handoff-confirmation-candidate-1551-configuration,False,True,False,,,,False,False,False,,0,0,NO_TERMINAL_PHYSICAL_RECORD
handoff-confirmation-candidate-1552,handoff-confirmation-candidate-1552-configuration,False,True,False,,,,False,False,False,,0,0,NO_TERMINAL_PHYSICAL_RECORD
handoff-confirmation-candidate-1553,handoff-confirmation-candidate-1553-configuration,False,True,False,,,,False,False,False,,0,0,NO_TERMINAL_PHYSICAL_RECORD
handoff-confirmation-candidate-1554,handoff-confirmation-candidate-1554-configuration,False,True,False,,,,False,False,False,,0,0,NO_TERMINAL_PHYSICAL_RECORD
handoff-confirmation-candidate-1555,handoff-confirmation-candidate-1555-configuration,False,True,False,,,,False,False,False,,0,0,NO_TERMINAL_PHYSICAL_RECORD
handoff-confirmation-candidate-1556,handoff-confirmation-candidate-1556-configuration,False,True,False,,,,False,False,False,,0,0,NO_TERMINAL_PHYSICAL_RECORD
handoff-confirmation-candidate-1557,handoff-confirmation-candidate-1557-configuration,False,True,False,,,,False,False,False,,0,0,NO_TERMINAL_PHYSICAL_RECORD
handoff-confirmation-candidate-1558,handoff-confirmation-candidate-1558-configuration,False,True,False,,,,False,False,False,,0,0,NO_TERMINAL_PHYSICAL_RECORD
handoff-confirmation-candidate-1559,handoff-confirmation-candidate-1559-configuration,False,True,False,,,,False,False,False,,0,0,NO_TERMINAL_PHYSICAL_RECORD
handoff-confirmation-candidate-1560,handoff-confirmation-candidate-1560-configuration,False,True,False,,,,False,False,False,,0,0,NO_TERMINAL_PHYSICAL_RECORD
handoff-confirmation-candidate-1561,handoff-confirmation-candidate-1561-configuration,False,True,False,,,,False,False,False,,0,0,NO_TERMINAL_PHYSICAL_RECORD
handoff-confirmation-candidate-1562,handoff-confirmation-candidate-1562-configuration,False,True,False,,,,False,False,False,,0,0,NO_TERMINAL_PHYSICAL_RECORD
handoff-confirmation-candidate-1563,handoff-confirmation-candidate-1563-configuration,False,True,False,,,,False,False,False,,0,0,NO_TERMINAL_PHYSICAL_RECORD
handoff-confirmation-candidate-1564,handoff-confirmation-candidate-1564-configuration,False,True,False,,,,False,False,False,,0,0,NO_TERMINAL_PHYSICAL_RECORD
handoff-confirmation-candidate-1565,handoff-confirmation-candidate-1565-configuration,False,True,False,,,,False,False,False,,0,0,NO_TERMINAL_PHYSICAL_RECORD
handoff-confirmation-candidate-1566,handoff-confirmation-candidate-1566-configuration,False,True,False,,,,False,False,False,,0,0,NO_TERMINAL_PHYSICAL_RECORD
handoff-confirmation-candidate-1567,handoff-confirmation-candidate-1567-configuration,False,True,False,,,,False,False,False,,0,0,NO_TERMINAL_PHYSICAL_RECORD
handoff-confirmation-candidate-1568,handoff-confirmation-candidate-1568-configuration,False,True,False,,,,False,False,False,,0,0,NO_TERMINAL_PHYSICAL_RECORD
handoff-confirmation-candidate-1569,handoff-confirmation-candidate-1569-configuration,False,True,False,,,,False,False,False,,0,0,NO_TERMINAL_PHYSICAL_RECORD
handoff-confirmation-candidate-1570,handoff-confirmation-candidate-1570-configuration,False,True,False,,,,False,False,False,,0,0,NO_TERMINAL_PHYSICAL_RECORD
handoff-confirmation-candidate-1571,handoff-confirmation-candidate-1571-configuration,False,True,False,,,,False,False,False,,0,0,NO_TERMINAL_PHYSICAL_RECORD
handoff-confirmation-candidate-1572,handoff-confirmation-candidate-1572-configuration,False,True,False,,,,False,False,False,,0,0,NO_TERMINAL_PHYSICAL_RECORD
handoff-confirmation-candidate-1573,handoff-confirmation-candidate-1573-configuration,False,True,False,,,,False,False,False,,0,0,NO_TERMINAL_PHYSICAL_RECORD
handoff-confirmation-candidate-1574,handoff-confirmation-candidate-1574-configuration,False,True,False,,,,False,False,False,,0,0,NO_TERMINAL_PHYSICAL_RECORD
handoff-confirmation-candidate-1575,handoff-confirmation-candidate-1575-configuration,False,True,False,,,,False,False,False,,0,0,NO_TERMINAL_PHYSICAL_RECORD
handoff-confirmation-candidate-1576,handoff-confirmation-candidate-1576-configuration,False,True,False,,,,False,False,False,,0,0,NO_TERMINAL_PHYSICAL_RECORD
handoff-confirmation-candidate-1577,handoff-confirmation-candidate-1577-configuration,False,True,False,,,,False,False,False,,0,0,NO_TERMINAL_PHYSICAL_RECORD
handoff-confirmation-candidate-1578,handoff-confirmation-candidate-1578-configuration,False,True,False,,,,False,False,False,,0,0,NO_TERMINAL_PHYSICAL_RECORD
handoff-confirmation-candidate-1579,handoff-confirmation-candidate-1579-configuration,False,True,False,,,,False,False,False,,0,0,NO_TERMINAL_PHYSICAL_RECORD
handoff-confirmation-candidate-1580,handoff-confirmation-candidate-1580-configuration,False,True,False,,,,False,False,False,,0,0,NO_TERMINAL_PHYSICAL_RECORD
handoff-confirmation-candidate-1581,handoff-confirmation-candidate-1581-configuration,False,True,False,,,,False,False,False,,0,0,NO_TERMINAL_PHYSICAL_RECORD
handoff-confirmation-candidate-1582,handoff-confirmation-candidate-1582-configuration,False,True,False,,,,False,False,False,,0,0,NO_TERMINAL_PHYSICAL_RECORD
handoff-confirmation-candidate-1583,handoff-confirmation-candidate-1583-configuration,False,True,False,,,,False,False,False,,0,0,NO_TERMINAL_PHYSICAL_RECORD
handoff-confirmation-candidate-1584,handoff-confirmation-candidate-1584-configuration,False,True,False,,,,False,False,False,,0,0,NO_TERMINAL_PHYSICAL_RECORD
handoff-confirmation-candidate-1585,handoff-confirmation-candidate-1585-configuration,False,True,False,,,,False,False,False,,0,0,NO_TERMINAL_PHYSICAL_RECORD
handoff-confirmation-candidate-1586,handoff-confirmation-candidate-1586-configuration,False,True,False,,,,False,False,False,,0,0,NO_TERMINAL_PHYSICAL_RECORD
handoff-confirmation-candidate-1587,handoff-confirmation-candidate-1587-configuration,False,True,False,,,,False,False,False,,0,0,NO_TERMINAL_PHYSICAL_RECORD
handoff-confirmation-candidate-1588,handoff-confirmation-candidate-1588-configuration,False,True,False,,,,False,False,False,,0,0,NO_TERMINAL_PHYSICAL_RECORD
handoff-confirmation-candidate-1589,handoff-confirmation-candidate-1589-configuration,False,True,False,,,,False,False,False,,0,0,NO_TERMINAL_PHYSICAL_RECORD
handoff-confirmation-candidate-1590,handoff-confirmation-candidate-1590-configuration,False,True,False,,,,False,False,False,,0,0,NO_TERMINAL_PHYSICAL_RECORD
handoff-confirmation-candidate-1591,handoff-confirmation-candidate-1591-configuration,False,True,False,,,,False,False,False,,0,0,NO_TERMINAL_PHYSICAL_RECORD
handoff-confirmation-candidate-1592,handoff-confirmation-candidate-1592-configuration,False,True,False,,,,False,False,False,,0,0,NO_TERMINAL_PHYSICAL_RECORD
handoff-confirmation-candidate-1593,handoff-confirmation-candidate-1593-configuration,False,True,False,,,,False,False,False,,0,0,NO_TERMINAL_PHYSICAL_RECORD
handoff-confirmation-candidate-1594,handoff-confirmation-candidate-1594-configuration,False,True,False,,,,False,False,False,,0,0,NO_TERMINAL_PHYSICAL_RECORD
handoff-confirmation-candidate-1595,handoff-confirmation-candidate-1595-configuration,False,True,False,,,,False,False,False,,0,0,NO_TERMINAL_PHYSICAL_RECORD
handoff-confirmation-candidate-1596,handoff-confirmation-candidate-1596-configuration,False,True,False,,,,False,False,False,,0,0,NO_TERMINAL_PHYSICAL_RECORD
handoff-confirmation-candidate-1597,handoff-confirmation-candidate-1597-configuration,False,True,False,,,,False,False,False,,0,0,NO_TERMINAL_PHYSICAL_RECORD
handoff-confirmation-candidate-1598,handoff-confirmation-candidate-1598-configuration,False,True,False,,,,False,False,False,,0,0,NO_TERMINAL_PHYSICAL_RECORD
handoff-confirmation-candidate-1599,handoff-confirmation-candidate-1599-configuration,False,True,False,,,,False,False,False,,0,0,NO_TERMINAL_PHYSICAL_RECORD
handoff-confirmation-candidate-1600,handoff-confirmation-candidate-1600-configuration,False,True,False,,,,False,False,False,,0,0,NO_TERMINAL_PHYSICAL_RECORD
handoff-confirmation-candidate-1601,handoff-confirmation-candidate-1601-configuration,False,False,False,,,,False,False,False,,0,0,NO_TERMINAL_PHYSICAL_RECORD
handoff-confirmation-candidate-1602,handoff-confirmation-candidate-1602-configuration,False,False,False,,,,False,False,False,,0,0,NO_TERMINAL_PHYSICAL_RECORD
handoff-confirmation-candidate-1603,handoff-confirmation-candidate-1603-configuration,False,False,False,,,,False,False,False,,0,0,NO_TERMINAL_PHYSICAL_RECORD
handoff-confirmation-candidate-1604,handoff-confirmation-candidate-1604-configuration,False,False,False,,,,False,False,False,,0,0,NO_TERMINAL_PHYSICAL_RECORD
handoff-confirmation-candidate-1605,handoff-confirmation-candidate-1605-configuration,False,False,False,,,,False,False,False,,0,0,NO_TERMINAL_PHYSICAL_RECORD
handoff-confirmation-candidate-1606,handoff-confirmation-candidate-1606-configuration,False,False,False,,,,False,False,False,,0,0,NO_TERMINAL_PHYSICAL_RECORD
handoff-confirmation-candidate-1607,handoff-confirmation-candidate-1607-configuration,False,False,False,,,,False,False,False,,0,0,NO_TERMINAL_PHYSICAL_RECORD
handoff-confirmation-candidate-1608,handoff-confirmation-candidate-1608-configuration,False,False,False,,,,False,False,False,,0,0,NO_TERMINAL_PHYSICAL_RECORD
handoff-confirmation-candidate-1609,handoff-confirmation-candidate-1609-configuration,False,False,False,,,,False,False,False,,0,0,NO_TERMINAL_PHYSICAL_RECORD
handoff-confirmation-candidate-1610,handoff-confirmation-candidate-1610-configuration,False,False,False,,,,False,False,False,,0,0,NO_TERMINAL_PHYSICAL_RECORD
handoff-confirmation-candidate-1611,handoff-confirmation-candidate-1611-configuration,False,False,False,,,,False,False,False,,0,0,NO_TERMINAL_PHYSICAL_RECORD
handoff-confirmation-candidate-1612,handoff-confirmation-candidate-1612-configuration,False,False,False,,,,False,False,False,,0,0,NO_TERMINAL_PHYSICAL_RECORD
handoff-confirmation-candidate-1613,handoff-confirmation-candidate-1613-configuration,False,False,False,,,,False,False,False,,0,0,NO_TERMINAL_PHYSICAL_RECORD
handoff-confirmation-candidate-1614,handoff-confirmation-candidate-1614-configuration,False,False,False,,,,False,False,False,,0,0,NO_TERMINAL_PHYSICAL_RECORD
handoff-confirmation-candidate-1615,handoff-confirmation-candidate-1615-configuration,False,False,False,,,,False,False,False,,0,0,NO_TERMINAL_PHYSICAL_RECORD
handoff-confirmation-candidate-1616,handoff-confirmation-candidate-1616-configuration,False,False,False,,,,False,False,False,,0,0,NO_TERMINAL_PHYSICAL_RECORD
handoff-confirmation-candidate-1617,handoff-confirmation-candidate-1617-configuration,False,False,False,,,,False,False,False,,0,0,NO_TERMINAL_PHYSICAL_RECORD
handoff-confirmation-candidate-1618,handoff-confirmation-candidate-1618-configuration,False,False,False,,,,False,False,False,,0,0,NO_TERMINAL_PHYSICAL_RECORD
handoff-confirmation-candidate-1619,handoff-confirmation-candidate-1619-configuration,False,False,False,,,,False,False,False,,0,0,NO_TERMINAL_PHYSICAL_RECORD
handoff-confirmation-candidate-1620,handoff-confirmation-candidate-1620-configuration,False,False,False,,,,False,False,False,,0,0,NO_TERMINAL_PHYSICAL_RECORD
handoff-confirmation-candidate-1621,handoff-confirmation-candidate-1621-configuration,False,False,False,,,,False,False,False,,0,0,NO_TERMINAL_PHYSICAL_RECORD
handoff-confirmation-candidate-1622,handoff-confirmation-candidate-1622-configuration,False,False,False,,,,False,False,False,,0,0,NO_TERMINAL_PHYSICAL_RECORD
handoff-confirmation-candidate-1623,handoff-confirmation-candidate-1623-configuration,False,False,False,,,,False,False,False,,0,0,NO_TERMINAL_PHYSICAL_RECORD
handoff-confirmation-candidate-1624,handoff-confirmation-candidate-1624-configuration,False,False,False,,,,False,False,False,,0,0,NO_TERMINAL_PHYSICAL_RECORD
handoff-confirmation-candidate-1625,handoff-confirmation-candidate-1625-configuration,False,False,False,,,,False,False,False,,0,0,NO_TERMINAL_PHYSICAL_RECORD
handoff-confirmation-candidate-1626,handoff-confirmation-candidate-1626-configuration,False,False,False,,,,False,False,False,,0,0,NO_TERMINAL_PHYSICAL_RECORD
handoff-confirmation-candidate-1627,handoff-confirmation-candidate-1627-configuration,False,False,False,,,,False,False,False,,0,0,NO_TERMINAL_PHYSICAL_RECORD
handoff-confirmation-candidate-1628,handoff-confirmation-candidate-1628-configuration,False,False,False,,,,False,False,False,,0,0,NO_TERMINAL_PHYSICAL_RECORD
handoff-confirmation-candidate-1629,handoff-confirmation-candidate-1629-configuration,False,False,False,,,,False,False,False,,0,0,NO_TERMINAL_PHYSICAL_RECORD
handoff-confirmation-candidate-1630,handoff-confirmation-candidate-1630-configuration,False,False,False,,,,False,False,False,,0,0,NO_TERMINAL_PHYSICAL_RECORD
handoff-confirmation-candidate-1631,handoff-confirmation-candidate-1631-configuration,False,False,False,,,,False,False,False,,0,0,NO_TERMINAL_PHYSICAL_RECORD
handoff-confirmation-candidate-1632,handoff-confirmation-candidate-1632-configuration,False,False,False,,,,False,False,False,,0,0,NO_TERMINAL_PHYSICAL_RECORD
handoff-confirmation-candidate-1633,handoff-confirmation-candidate-1633-configuration,False,False,False,,,,False,False,False,,0,0,NO_TERMINAL_PHYSICAL_RECORD
handoff-confirmation-candidate-1634,handoff-confirmation-candidate-1634-configuration,False,False,False,,,,False,False,False,,0,0,NO_TERMINAL_PHYSICAL_RECORD
handoff-confirmation-candidate-1635,handoff-confirmation-candidate-1635-configuration,False,False,False,,,,False,False,False,,0,0,NO_TERMINAL_PHYSICAL_RECORD
handoff-confirmation-candidate-1636,handoff-confirmation-candidate-1636-configuration,False,False,False,,,,False,False,False,,0,0,NO_TERMINAL_PHYSICAL_RECORD
handoff-confirmation-candidate-1637,handoff-confirmation-candidate-1637-configuration,False,False,False,,,,False,False,False,,0,0,NO_TERMINAL_PHYSICAL_RECORD
handoff-confirmation-candidate-1638,handoff-confirmation-candidate-1638-configuration,False,False,False,,,,False,False,False,,0,0,NO_TERMINAL_PHYSICAL_RECORD
handoff-confirmation-candidate-1639,handoff-confirmation-candidate-1639-configuration,False,False,False,,,,False,False,False,,0,0,NO_TERMINAL_PHYSICAL_RECORD
handoff-confirmation-candidate-1640,handoff-confirmation-candidate-1640-configuration,False,False,False,,,,False,False,False,,0,0,NO_TERMINAL_PHYSICAL_RECORD
handoff-confirmation-candidate-1641,handoff-confirmation-candidate-1641-configuration,False,False,False,,,,False,False,False,,0,0,NO_TERMINAL_PHYSICAL_RECORD
handoff-confirmation-candidate-1642,handoff-confirmation-candidate-1642-configuration,False,False,False,,,,False,False,False,,0,0,NO_TERMINAL_PHYSICAL_RECORD
handoff-confirmation-candidate-1643,handoff-confirmation-candidate-1643-configuration,False,False,False,,,,False,False,False,,0,0,NO_TERMINAL_PHYSICAL_RECORD
handoff-confirmation-candidate-1644,handoff-confirmation-candidate-1644-configuration,False,False,False,,,,False,False,False,,0,0,NO_TERMINAL_PHYSICAL_RECORD
handoff-confirmation-candidate-1645,handoff-confirmation-candidate-1645-configuration,False,False,False,,,,False,False,False,,0,0,NO_TERMINAL_PHYSICAL_RECORD
handoff-confirmation-candidate-1646,handoff-confirmation-candidate-1646-configuration,False,False,False,,,,False,False,False,,0,0,NO_TERMINAL_PHYSICAL_RECORD
handoff-confirmation-candidate-1647,handoff-confirmation-candidate-1647-configuration,False,False,False,,,,False,False,False,,0,0,NO_TERMINAL_PHYSICAL_RECORD
handoff-confirmation-candidate-1648,handoff-confirmation-candidate-1648-configuration,False,False,False,,,,False,False,False,,0,0,NO_TERMINAL_PHYSICAL_RECORD
handoff-confirmation-candidate-1649,handoff-confirmation-candidate-1649-configuration,False,False,False,,,,False,False,False,,0,0,NO_TERMINAL_PHYSICAL_RECORD
handoff-confirmation-candidate-1650,handoff-confirmation-candidate-1650-configuration,False,False,False,,,,False,False,False,,0,0,NO_TERMINAL_PHYSICAL_RECORD
handoff-confirmation-candidate-1651,handoff-confirmation-candidate-1651-configuration,False,False,False,,,,False,False,False,,0,0,NO_TERMINAL_PHYSICAL_RECORD
handoff-confirmation-candidate-1652,handoff-confirmation-candidate-1652-configuration,False,False,False,,,,False,False,False,,0,0,NO_TERMINAL_PHYSICAL_RECORD
handoff-confirmation-candidate-1653,handoff-confirmation-candidate-1653-configuration,False,False,False,,,,False,False,False,,0,0,NO_TERMINAL_PHYSICAL_RECORD
handoff-confirmation-candidate-1654,handoff-confirmation-candidate-1654-configuration,False,False,False,,,,False,False,False,,0,0,NO_TERMINAL_PHYSICAL_RECORD
handoff-confirmation-candidate-1655,handoff-confirmation-candidate-1655-configuration,False,False,False,,,,False,False,False,,0,0,NO_TERMINAL_PHYSICAL_RECORD
handoff-confirmation-candidate-1656,handoff-confirmation-candidate-1656-configuration,False,False,False,,,,False,False,False,,0,0,NO_TERMINAL_PHYSICAL_RECORD
handoff-confirmation-candidate-1657,handoff-confirmation-candidate-1657-configuration,False,False,False,,,,False,False,False,,0,0,NO_TERMINAL_PHYSICAL_RECORD
handoff-confirmation-candidate-1658,handoff-confirmation-candidate-1658-configuration,False,False,False,,,,False,False,False,,0,0,NO_TERMINAL_PHYSICAL_RECORD
handoff-confirmation-candidate-1659,handoff-confirmation-candidate-1659-configuration,False,False,False,,,,False,False,False,,0,0,NO_TERMINAL_PHYSICAL_RECORD
handoff-confirmation-candidate-1660,handoff-confirmation-candidate-1660-configuration,False,False,False,,,,False,False,False,,0,0,NO_TERMINAL_PHYSICAL_RECORD
handoff-confirmation-candidate-1661,handoff-confirmation-candidate-1661-configuration,False,False,False,,,,False,False,False,,0,0,NO_TERMINAL_PHYSICAL_RECORD
handoff-confirmation-candidate-1662,handoff-confirmation-candidate-1662-configuration,False,False,False,,,,False,False,False,,0,0,NO_TERMINAL_PHYSICAL_RECORD
handoff-confirmation-candidate-1663,handoff-confirmation-candidate-1663-configuration,False,False,False,,,,False,False,False,,0,0,NO_TERMINAL_PHYSICAL_RECORD
handoff-confirmation-candidate-1664,handoff-confirmation-candidate-1664-configuration,False,False,False,,,,False,False,False,,0,0,NO_TERMINAL_PHYSICAL_RECORD
handoff-confirmation-candidate-1665,handoff-confirmation-candidate-1665-configuration,False,False,False,,,,False,False,False,,0,0,NO_TERMINAL_PHYSICAL_RECORD
handoff-confirmation-candidate-1666,handoff-confirmation-candidate-1666-configuration,False,False,False,,,,False,False,False,,0,0,NO_TERMINAL_PHYSICAL_RECORD
handoff-confirmation-candidate-1667,handoff-confirmation-candidate-1667-configuration,False,False,False,,,,False,False,False,,0,0,NO_TERMINAL_PHYSICAL_RECORD
handoff-confirmation-candidate-1668,handoff-confirmation-candidate-1668-configuration,False,False,False,,,,False,False,False,,0,0,NO_TERMINAL_PHYSICAL_RECORD
handoff-confirmation-candidate-1669,handoff-confirmation-candidate-1669-configuration,False,False,False,,,,False,False,False,,0,0,NO_TERMINAL_PHYSICAL_RECORD
handoff-confirmation-candidate-1670,handoff-confirmation-candidate-1670-configuration,False,False,False,,,,False,False,False,,0,0,NO_TERMINAL_PHYSICAL_RECORD
handoff-confirmation-candidate-1671,handoff-confirmation-candidate-1671-configuration,False,False,False,,,,False,False,False,,0,0,NO_TERMINAL_PHYSICAL_RECORD
handoff-confirmation-candidate-1672,handoff-confirmation-candidate-1672-configuration,False,False,False,,,,False,False,False,,0,0,NO_TERMINAL_PHYSICAL_RECORD
handoff-confirmation-candidate-1673,handoff-confirmation-candidate-1673-configuration,False,False,False,,,,False,False,False,,0,0,NO_TERMINAL_PHYSICAL_RECORD
handoff-confirmation-candidate-1674,handoff-confirmation-candidate-1674-configuration,False,False,False,,,,False,False,False,,0,0,NO_TERMINAL_PHYSICAL_RECORD
handoff-confirmation-candidate-1675,handoff-confirmation-candidate-1675-configuration,False,False,False,,,,False,False,False,,0,0,NO_TERMINAL_PHYSICAL_RECORD
handoff-confirmation-candidate-1676,handoff-confirmation-candidate-1676-configuration,False,False,False,,,,False,False,False,,0,0,NO_TERMINAL_PHYSICAL_RECORD
handoff-confirmation-candidate-1677,handoff-confirmation-candidate-1677-configuration,False,False,False,,,,False,False,False,,0,0,NO_TERMINAL_PHYSICAL_RECORD
handoff-confirmation-candidate-1678,handoff-confirmation-candidate-1678-configuration,False,False,False,,,,False,False,False,,0,0,NO_TERMINAL_PHYSICAL_RECORD
handoff-confirmation-candidate-1679,handoff-confirmation-candidate-1679-configuration,False,False,False,,,,False,False,False,,0,0,NO_TERMINAL_PHYSICAL_RECORD
handoff-confirmation-candidate-1680,handoff-confirmation-candidate-1680-configuration,False,False,False,,,,False,False,False,,0,0,NO_TERMINAL_PHYSICAL_RECORD
handoff-confirmation-candidate-1681,handoff-confirmation-candidate-1681-configuration,False,False,False,,,,False,False,False,,0,0,NO_TERMINAL_PHYSICAL_RECORD
handoff-confirmation-candidate-1682,handoff-confirmation-candidate-1682-configuration,False,False,False,,,,False,False,False,,0,0,NO_TERMINAL_PHYSICAL_RECORD
handoff-confirmation-candidate-1683,handoff-confirmation-candidate-1683-configuration,False,False,False,,,,False,False,False,,0,0,NO_TERMINAL_PHYSICAL_RECORD
handoff-confirmation-candidate-1684,handoff-confirmation-candidate-1684-configuration,False,False,False,,,,False,False,False,,0,0,NO_TERMINAL_PHYSICAL_RECORD
handoff-confirmation-candidate-1685,handoff-confirmation-candidate-1685-configuration,False,False,False,,,,False,False,False,,0,0,NO_TERMINAL_PHYSICAL_RECORD
handoff-confirmation-candidate-1686,handoff-confirmation-candidate-1686-configuration,False,False,False,,,,False,False,False,,0,0,NO_TERMINAL_PHYSICAL_RECORD
handoff-confirmation-candidate-1687,handoff-confirmation-candidate-1687-configuration,False,False,False,,,,False,False,False,,0,0,NO_TERMINAL_PHYSICAL_RECORD
handoff-confirmation-candidate-1688,handoff-confirmation-candidate-1688-configuration,False,False,False,,,,False,False,False,,0,0,NO_TERMINAL_PHYSICAL_RECORD
handoff-confirmation-candidate-1689,handoff-confirmation-candidate-1689-configuration,False,False,False,,,,False,False,False,,0,0,NO_TERMINAL_PHYSICAL_RECORD
handoff-confirmation-candidate-1690,handoff-confirmation-candidate-1690-configuration,False,False,False,,,,False,False,False,,0,0,NO_TERMINAL_PHYSICAL_RECORD
handoff-confirmation-candidate-1691,handoff-confirmation-candidate-1691-configuration,False,False,False,,,,False,False,False,,0,0,NO_TERMINAL_PHYSICAL_RECORD
handoff-confirmation-candidate-1692,handoff-confirmation-candidate-1692-configuration,False,False,False,,,,False,False,False,,0,0,NO_TERMINAL_PHYSICAL_RECORD
handoff-confirmation-candidate-1693,handoff-confirmation-candidate-1693-configuration,False,False,False,,,,False,False,False,,0,0,NO_TERMINAL_PHYSICAL_RECORD
handoff-confirmation-candidate-1694,handoff-confirmation-candidate-1694-configuration,False,False,False,,,,False,False,False,,0,0,NO_TERMINAL_PHYSICAL_RECORD
handoff-confirmation-candidate-1695,handoff-confirmation-candidate-1695-configuration,False,False,False,,,,False,False,False,,0,0,NO_TERMINAL_PHYSICAL_RECORD
handoff-confirmation-candidate-1696,handoff-confirmation-candidate-1696-configuration,False,False,False,,,,False,False,False,,0,0,NO_TERMINAL_PHYSICAL_RECORD
handoff-confirmation-candidate-1697,handoff-confirmation-candidate-1697-configuration,False,False,False,,,,False,False,False,,0,0,NO_TERMINAL_PHYSICAL_RECORD
handoff-confirmation-candidate-1698,handoff-confirmation-candidate-1698-configuration,False,False,False,,,,False,False,False,,0,0,NO_TERMINAL_PHYSICAL_RECORD
handoff-confirmation-candidate-1699,handoff-confirmation-candidate-1699-configuration,False,False,False,,,,False,False,False,,0,0,NO_TERMINAL_PHYSICAL_RECORD
handoff-confirmation-candidate-1700,handoff-confirmation-candidate-1700-configuration,False,False,False,,,,False,False,False,,0,0,NO_TERMINAL_PHYSICAL_RECORD
handoff-confirmation-candidate-1701,handoff-confirmation-candidate-1701-configuration,False,False,False,,,,False,False,False,,0,0,NO_TERMINAL_PHYSICAL_RECORD
handoff-confirmation-candidate-1702,handoff-confirmation-candidate-1702-configuration,False,False,False,,,,False,False,False,,0,0,NO_TERMINAL_PHYSICAL_RECORD
handoff-confirmation-candidate-1703,handoff-confirmation-candidate-1703-configuration,False,False,False,,,,False,False,False,,0,0,NO_TERMINAL_PHYSICAL_RECORD
handoff-confirmation-candidate-1704,handoff-confirmation-candidate-1704-configuration,False,False,False,,,,False,False,False,,0,0,NO_TERMINAL_PHYSICAL_RECORD
handoff-confirmation-candidate-1705,handoff-confirmation-candidate-1705-configuration,False,False,False,,,,False,False,False,,0,0,NO_TERMINAL_PHYSICAL_RECORD
handoff-confirmation-candidate-1706,handoff-confirmation-candidate-1706-configuration,False,False,False,,,,False,False,False,,0,0,NO_TERMINAL_PHYSICAL_RECORD
handoff-confirmation-candidate-1707,handoff-confirmation-candidate-1707-configuration,False,False,False,,,,False,False,False,,0,0,NO_TERMINAL_PHYSICAL_RECORD
handoff-confirmation-candidate-1708,handoff-confirmation-candidate-1708-configuration,False,False,False,,,,False,False,False,,0,0,NO_TERMINAL_PHYSICAL_RECORD
handoff-confirmation-candidate-1709,handoff-confirmation-candidate-1709-configuration,False,False,False,,,,False,False,False,,0,0,NO_TERMINAL_PHYSICAL_RECORD
handoff-confirmation-candidate-1710,handoff-confirmation-candidate-1710-configuration,False,False,False,,,,False,False,False,,0,0,NO_TERMINAL_PHYSICAL_RECORD
handoff-confirmation-candidate-1711,handoff-confirmation-candidate-1711-configuration,False,False,False,,,,False,False,False,,0,0,NO_TERMINAL_PHYSICAL_RECORD
handoff-confirmation-candidate-1712,handoff-confirmation-candidate-1712-configuration,False,False,False,,,,False,False,False,,0,0,NO_TERMINAL_PHYSICAL_RECORD
handoff-confirmation-candidate-1713,handoff-confirmation-candidate-1713-configuration,False,False,False,,,,False,False,False,,0,0,NO_TERMINAL_PHYSICAL_RECORD
handoff-confirmation-candidate-1714,handoff-confirmation-candidate-1714-configuration,False,False,False,,,,False,False,False,,0,0,NO_TERMINAL_PHYSICAL_RECORD
handoff-confirmation-candidate-1715,handoff-confirmation-candidate-1715-configuration,False,False,False,,,,False,False,False,,0,0,NO_TERMINAL_PHYSICAL_RECORD
handoff-confirmation-candidate-1716,handoff-confirmation-candidate-1716-configuration,False,False,False,,,,False,False,False,,0,0,NO_TERMINAL_PHYSICAL_RECORD
handoff-confirmation-candidate-1717,handoff-confirmation-candidate-1717-configuration,False,False,False,,,,False,False,False,,0,0,NO_TERMINAL_PHYSICAL_RECORD
handoff-confirmation-candidate-1718,handoff-confirmation-candidate-1718-configuration,False,False,False,,,,False,False,False,,0,0,NO_TERMINAL_PHYSICAL_RECORD
handoff-confirmation-candidate-1719,handoff-confirmation-candidate-1719-configuration,False,False,False,,,,False,False,False,,0,0,NO_TERMINAL_PHYSICAL_RECORD
handoff-confirmation-candidate-1720,handoff-confirmation-candidate-1720-configuration,False,False,False,,,,False,False,False,,0,0,NO_TERMINAL_PHYSICAL_RECORD
handoff-confirmation-candidate-1721,handoff-confirmation-candidate-1721-configuration,False,False,False,,,,False,False,False,,0,0,NO_TERMINAL_PHYSICAL_RECORD
handoff-confirmation-candidate-1722,handoff-confirmation-candidate-1722-configuration,False,False,False,,,,False,False,False,,0,0,NO_TERMINAL_PHYSICAL_RECORD
handoff-confirmation-candidate-1723,handoff-confirmation-candidate-1723-configuration,False,False,False,,,,False,False,False,,0,0,NO_TERMINAL_PHYSICAL_RECORD
handoff-confirmation-candidate-1724,handoff-confirmation-candidate-1724-configuration,False,False,False,,,,False,False,False,,0,0,NO_TERMINAL_PHYSICAL_RECORD
handoff-confirmation-candidate-1725,handoff-confirmation-candidate-1725-configuration,False,False,False,,,,False,False,False,,0,0,NO_TERMINAL_PHYSICAL_RECORD
handoff-confirmation-candidate-1726,handoff-confirmation-candidate-1726-configuration,False,False,False,,,,False,False,False,,0,0,NO_TERMINAL_PHYSICAL_RECORD
handoff-confirmation-candidate-1727,handoff-confirmation-candidate-1727-configuration,False,False,False,,,,False,False,False,,0,0,NO_TERMINAL_PHYSICAL_RECORD
handoff-confirmation-candidate-1728,handoff-confirmation-candidate-1728-configuration,False,False,False,,,,False,False,False,,0,0,NO_TERMINAL_PHYSICAL_RECORD
handoff-confirmation-candidate-1729,handoff-confirmation-candidate-1729-configuration,False,False,False,,,,False,False,False,,0,0,NO_TERMINAL_PHYSICAL_RECORD
handoff-confirmation-candidate-1730,handoff-confirmation-candidate-1730-configuration,False,False,False,,,,False,False,False,,0,0,NO_TERMINAL_PHYSICAL_RECORD
handoff-confirmation-candidate-1731,handoff-confirmation-candidate-1731-configuration,False,False,False,,,,False,False,False,,0,0,NO_TERMINAL_PHYSICAL_RECORD
handoff-confirmation-candidate-1732,handoff-confirmation-candidate-1732-configuration,False,False,False,,,,False,False,False,,0,0,NO_TERMINAL_PHYSICAL_RECORD
handoff-confirmation-candidate-1733,handoff-confirmation-candidate-1733-configuration,False,False,False,,,,False,False,False,,0,0,NO_TERMINAL_PHYSICAL_RECORD
handoff-confirmation-candidate-1734,handoff-confirmation-candidate-1734-configuration,False,False,False,,,,False,False,False,,0,0,NO_TERMINAL_PHYSICAL_RECORD
handoff-confirmation-candidate-1735,handoff-confirmation-candidate-1735-configuration,False,False,False,,,,False,False,False,,0,0,NO_TERMINAL_PHYSICAL_RECORD
handoff-confirmation-candidate-1736,handoff-confirmation-candidate-1736-configuration,False,False,False,,,,False,False,False,,0,0,NO_TERMINAL_PHYSICAL_RECORD
handoff-confirmation-candidate-1737,handoff-confirmation-candidate-1737-configuration,False,False,False,,,,False,False,False,,0,0,NO_TERMINAL_PHYSICAL_RECORD
handoff-confirmation-candidate-1738,handoff-confirmation-candidate-1738-configuration,False,False,False,,,,False,False,False,,0,0,NO_TERMINAL_PHYSICAL_RECORD
handoff-confirmation-candidate-1739,handoff-confirmation-candidate-1739-configuration,False,False,False,,,,False,False,False,,0,0,NO_TERMINAL_PHYSICAL_RECORD
handoff-confirmation-candidate-1740,handoff-confirmation-candidate-1740-configuration,False,False,False,,,,False,False,False,,0,0,NO_TERMINAL_PHYSICAL_RECORD
handoff-confirmation-candidate-1741,handoff-confirmation-candidate-1741-configuration,False,False,False,,,,False,False,False,,0,0,NO_TERMINAL_PHYSICAL_RECORD
handoff-confirmation-candidate-1742,handoff-confirmation-candidate-1742-configuration,False,False,False,,,,False,False,False,,0,0,NO_TERMINAL_PHYSICAL_RECORD
handoff-confirmation-candidate-1743,handoff-confirmation-candidate-1743-configuration,False,False,False,,,,False,False,False,,0,0,NO_TERMINAL_PHYSICAL_RECORD
handoff-confirmation-candidate-1744,handoff-confirmation-candidate-1744-configuration,False,False,False,,,,False,False,False,,0,0,NO_TERMINAL_PHYSICAL_RECORD
handoff-confirmation-candidate-1745,handoff-confirmation-candidate-1745-configuration,False,False,False,,,,False,False,False,,0,0,NO_TERMINAL_PHYSICAL_RECORD
handoff-confirmation-candidate-1746,handoff-confirmation-candidate-1746-configuration,False,False,False,,,,False,False,False,,0,0,NO_TERMINAL_PHYSICAL_RECORD
handoff-confirmation-candidate-1747,handoff-confirmation-candidate-1747-configuration,False,False,False,,,,False,False,False,,0,0,NO_TERMINAL_PHYSICAL_RECORD
handoff-confirmation-candidate-1748,handoff-confirmation-candidate-1748-configuration,False,False,False,,,,False,False,False,,0,0,NO_TERMINAL_PHYSICAL_RECORD
handoff-confirmation-candidate-1749,handoff-confirmation-candidate-1749-configuration,False,False,False,,,,False,False,False,,0,0,NO_TERMINAL_PHYSICAL_RECORD
handoff-confirmation-candidate-1750,handoff-confirmation-candidate-1750-configuration,False,False,False,,,,False,False,False,,0,0,NO_TERMINAL_PHYSICAL_RECORD
handoff-confirmation-candidate-1751,handoff-confirmation-candidate-1751-configuration,False,False,False,,,,False,False,False,,0,0,NO_TERMINAL_PHYSICAL_RECORD
handoff-confirmation-candidate-1752,handoff-confirmation-candidate-1752-configuration,False,False,False,,,,False,False,False,,0,0,NO_TERMINAL_PHYSICAL_RECORD
handoff-confirmation-candidate-1753,handoff-confirmation-candidate-1753-configuration,False,False,False,,,,False,False,False,,0,0,NO_TERMINAL_PHYSICAL_RECORD
handoff-confirmation-candidate-1754,handoff-confirmation-candidate-1754-configuration,False,False,False,,,,False,False,False,,0,0,NO_TERMINAL_PHYSICAL_RECORD
handoff-confirmation-candidate-1755,handoff-confirmation-candidate-1755-configuration,False,False,False,,,,False,False,False,,0,0,NO_TERMINAL_PHYSICAL_RECORD
handoff-confirmation-candidate-1756,handoff-confirmation-candidate-1756-configuration,False,False,False,,,,False,False,False,,0,0,NO_TERMINAL_PHYSICAL_RECORD
handoff-confirmation-candidate-1757,handoff-confirmation-candidate-1757-configuration,False,False,False,,,,False,False,False,,0,0,NO_TERMINAL_PHYSICAL_RECORD
handoff-confirmation-candidate-1758,handoff-confirmation-candidate-1758-configuration,False,False,False,,,,False,False,False,,0,0,NO_TERMINAL_PHYSICAL_RECORD
handoff-confirmation-candidate-1759,handoff-confirmation-candidate-1759-configuration,False,False,False,,,,False,False,False,,0,0,NO_TERMINAL_PHYSICAL_RECORD
handoff-confirmation-candidate-1760,handoff-confirmation-candidate-1760-configuration,False,False,False,,,,False,False,False,,0,0,NO_TERMINAL_PHYSICAL_RECORD
handoff-confirmation-candidate-1761,handoff-confirmation-candidate-1761-configuration,False,False,False,,,,False,False,False,,0,0,NO_TERMINAL_PHYSICAL_RECORD
handoff-confirmation-candidate-1762,handoff-confirmation-candidate-1762-configuration,False,False,False,,,,False,False,False,,0,0,NO_TERMINAL_PHYSICAL_RECORD
handoff-confirmation-candidate-1763,handoff-confirmation-candidate-1763-configuration,False,False,False,,,,False,False,False,,0,0,NO_TERMINAL_PHYSICAL_RECORD
handoff-confirmation-candidate-1764,handoff-confirmation-candidate-1764-configuration,False,False,False,,,,False,False,False,,0,0,NO_TERMINAL_PHYSICAL_RECORD
handoff-confirmation-candidate-1765,handoff-confirmation-candidate-1765-configuration,False,False,False,,,,False,False,False,,0,0,NO_TERMINAL_PHYSICAL_RECORD
handoff-confirmation-candidate-1766,handoff-confirmation-candidate-1766-configuration,False,False,False,,,,False,False,False,,0,0,NO_TERMINAL_PHYSICAL_RECORD
handoff-confirmation-candidate-1767,handoff-confirmation-candidate-1767-configuration,False,False,False,,,,False,False,False,,0,0,NO_TERMINAL_PHYSICAL_RECORD
handoff-confirmation-candidate-1768,handoff-confirmation-candidate-1768-configuration,False,False,False,,,,False,False,False,,0,0,NO_TERMINAL_PHYSICAL_RECORD
handoff-confirmation-candidate-1769,handoff-confirmation-candidate-1769-configuration,False,False,False,,,,False,False,False,,0,0,NO_TERMINAL_PHYSICAL_RECORD
handoff-confirmation-candidate-1770,handoff-confirmation-candidate-1770-configuration,False,False,False,,,,False,False,False,,0,0,NO_TERMINAL_PHYSICAL_RECORD
handoff-confirmation-candidate-1771,handoff-confirmation-candidate-1771-configuration,False,False,False,,,,False,False,False,,0,0,NO_TERMINAL_PHYSICAL_RECORD
handoff-confirmation-candidate-1772,handoff-confirmation-candidate-1772-configuration,False,False,False,,,,False,False,False,,0,0,NO_TERMINAL_PHYSICAL_RECORD
handoff-confirmation-candidate-1773,handoff-confirmation-candidate-1773-configuration,False,False,False,,,,False,False,False,,0,0,NO_TERMINAL_PHYSICAL_RECORD
handoff-confirmation-candidate-1774,handoff-confirmation-candidate-1774-configuration,False,False,False,,,,False,False,False,,0,0,NO_TERMINAL_PHYSICAL_RECORD
handoff-confirmation-candidate-1775,handoff-confirmation-candidate-1775-configuration,False,False,False,,,,False,False,False,,0,0,NO_TERMINAL_PHYSICAL_RECORD
handoff-confirmation-candidate-1776,handoff-confirmation-candidate-1776-configuration,False,False,False,,,,False,False,False,,0,0,NO_TERMINAL_PHYSICAL_RECORD
handoff-confirmation-candidate-1777,handoff-confirmation-candidate-1777-configuration,False,False,False,,,,False,False,False,,0,0,NO_TERMINAL_PHYSICAL_RECORD
handoff-confirmation-candidate-1778,handoff-confirmation-candidate-1778-configuration,False,False,False,,,,False,False,False,,0,0,NO_TERMINAL_PHYSICAL_RECORD
handoff-confirmation-candidate-1779,handoff-confirmation-candidate-1779-configuration,False,False,False,,,,False,False,False,,0,0,NO_TERMINAL_PHYSICAL_RECORD
handoff-confirmation-candidate-1780,handoff-confirmation-candidate-1780-configuration,False,False,False,,,,False,False,False,,0,0,NO_TERMINAL_PHYSICAL_RECORD
handoff-confirmation-candidate-1781,handoff-confirmation-candidate-1781-configuration,False,False,False,,,,False,False,False,,0,0,NO_TERMINAL_PHYSICAL_RECORD
handoff-confirmation-candidate-1782,handoff-confirmation-candidate-1782-configuration,False,False,False,,,,False,False,False,,0,0,NO_TERMINAL_PHYSICAL_RECORD
handoff-confirmation-candidate-1783,handoff-confirmation-candidate-1783-configuration,False,False,False,,,,False,False,False,,0,0,NO_TERMINAL_PHYSICAL_RECORD
handoff-confirmation-candidate-1784,handoff-confirmation-candidate-1784-configuration,False,False,False,,,,False,False,False,,0,0,NO_TERMINAL_PHYSICAL_RECORD
handoff-confirmation-candidate-1785,handoff-confirmation-candidate-1785-configuration,False,False,False,,,,False,False,False,,0,0,NO_TERMINAL_PHYSICAL_RECORD
handoff-confirmation-candidate-1786,handoff-confirmation-candidate-1786-configuration,False,False,False,,,,False,False,False,,0,0,NO_TERMINAL_PHYSICAL_RECORD
handoff-confirmation-candidate-1787,handoff-confirmation-candidate-1787-configuration,False,False,False,,,,False,False,False,,0,0,NO_TERMINAL_PHYSICAL_RECORD
handoff-confirmation-candidate-1788,handoff-confirmation-candidate-1788-configuration,False,False,False,,,,False,False,False,,0,0,NO_TERMINAL_PHYSICAL_RECORD
handoff-confirmation-candidate-1789,handoff-confirmation-candidate-1789-configuration,False,False,False,,,,False,False,False,,0,0,NO_TERMINAL_PHYSICAL_RECORD
handoff-confirmation-candidate-1790,handoff-confirmation-candidate-1790-configuration,False,False,False,,,,False,False,False,,0,0,NO_TERMINAL_PHYSICAL_RECORD
handoff-confirmation-candidate-1791,handoff-confirmation-candidate-1791-configuration,False,False,False,,,,False,False,False,,0,0,NO_TERMINAL_PHYSICAL_RECORD
handoff-confirmation-candidate-1792,handoff-confirmation-candidate-1792-configuration,False,False,False,,,,False,False,False,,0,0,NO_TERMINAL_PHYSICAL_RECORD
handoff-confirmation-candidate-1793,handoff-confirmation-candidate-1793-configuration,False,False,False,,,,False,False,False,,0,0,NO_TERMINAL_PHYSICAL_RECORD
handoff-confirmation-candidate-1794,handoff-confirmation-candidate-1794-configuration,False,False,False,,,,False,False,False,,0,0,NO_TERMINAL_PHYSICAL_RECORD
handoff-confirmation-candidate-1795,handoff-confirmation-candidate-1795-configuration,False,False,False,,,,False,False,False,,0,0,NO_TERMINAL_PHYSICAL_RECORD
handoff-confirmation-candidate-1796,handoff-confirmation-candidate-1796-configuration,False,False,False,,,,False,False,False,,0,0,NO_TERMINAL_PHYSICAL_RECORD
handoff-confirmation-candidate-1797,handoff-confirmation-candidate-1797-configuration,False,False,False,,,,False,False,False,,0,0,NO_TERMINAL_PHYSICAL_RECORD
handoff-confirmation-candidate-1798,handoff-confirmation-candidate-1798-configuration,False,False,False,,,,False,False,False,,0,0,NO_TERMINAL_PHYSICAL_RECORD
handoff-confirmation-candidate-1799,handoff-confirmation-candidate-1799-configuration,False,False,False,,,,False,False,False,,0,0,NO_TERMINAL_PHYSICAL_RECORD
handoff-confirmation-candidate-1800,handoff-confirmation-candidate-1800-configuration,False,False,False,,,,False,False,False,,0,0,NO_TERMINAL_PHYSICAL_RECORD
handoff-confirmation-candidate-1801,handoff-confirmation-candidate-1801-configuration,False,False,False,,,,False,False,False,,0,0,NO_TERMINAL_PHYSICAL_RECORD
handoff-confirmation-candidate-1802,handoff-confirmation-candidate-1802-configuration,False,False,False,,,,False,False,False,,0,0,NO_TERMINAL_PHYSICAL_RECORD
handoff-confirmation-candidate-1803,handoff-confirmation-candidate-1803-configuration,False,False,False,,,,False,False,False,,0,0,NO_TERMINAL_PHYSICAL_RECORD
handoff-confirmation-candidate-1804,handoff-confirmation-candidate-1804-configuration,False,False,False,,,,False,False,False,,0,0,NO_TERMINAL_PHYSICAL_RECORD
handoff-confirmation-candidate-1805,handoff-confirmation-candidate-1805-configuration,False,False,False,,,,False,False,False,,0,0,NO_TERMINAL_PHYSICAL_RECORD
handoff-confirmation-candidate-1806,handoff-confirmation-candidate-1806-configuration,False,False,False,,,,False,False,False,,0,0,NO_TERMINAL_PHYSICAL_RECORD
handoff-confirmation-candidate-1807,handoff-confirmation-candidate-1807-configuration,False,False,False,,,,False,False,False,,0,0,NO_TERMINAL_PHYSICAL_RECORD
handoff-confirmation-candidate-1808,handoff-confirmation-candidate-1808-configuration,False,False,False,,,,False,False,False,,0,0,NO_TERMINAL_PHYSICAL_RECORD
handoff-confirmation-candidate-1809,handoff-confirmation-candidate-1809-configuration,False,False,False,,,,False,False,False,,0,0,NO_TERMINAL_PHYSICAL_RECORD
handoff-confirmation-candidate-1810,handoff-confirmation-candidate-1810-configuration,False,False,False,,,,False,False,False,,0,0,NO_TERMINAL_PHYSICAL_RECORD
handoff-confirmation-candidate-1811,handoff-confirmation-candidate-1811-configuration,False,False,False,,,,False,False,False,,0,0,NO_TERMINAL_PHYSICAL_RECORD
handoff-confirmation-candidate-1812,handoff-confirmation-candidate-1812-configuration,False,False,False,,,,False,False,False,,0,0,NO_TERMINAL_PHYSICAL_RECORD
handoff-confirmation-candidate-1813,handoff-confirmation-candidate-1813-configuration,False,False,False,,,,False,False,False,,0,0,NO_TERMINAL_PHYSICAL_RECORD
handoff-confirmation-candidate-1814,handoff-confirmation-candidate-1814-configuration,False,False,False,,,,False,False,False,,0,0,NO_TERMINAL_PHYSICAL_RECORD
handoff-confirmation-candidate-1815,handoff-confirmation-candidate-1815-configuration,False,False,False,,,,False,False,False,,0,0,NO_TERMINAL_PHYSICAL_RECORD
handoff-confirmation-candidate-1816,handoff-confirmation-candidate-1816-configuration,False,False,False,,,,False,False,False,,0,0,NO_TERMINAL_PHYSICAL_RECORD
handoff-confirmation-candidate-1817,handoff-confirmation-candidate-1817-configuration,False,False,False,,,,False,False,False,,0,0,NO_TERMINAL_PHYSICAL_RECORD
handoff-confirmation-candidate-1818,handoff-confirmation-candidate-1818-configuration,False,False,False,,,,False,False,False,,0,0,NO_TERMINAL_PHYSICAL_RECORD
handoff-confirmation-candidate-1819,handoff-confirmation-candidate-1819-configuration,False,False,False,,,,False,False,False,,0,0,NO_TERMINAL_PHYSICAL_RECORD
handoff-confirmation-candidate-1820,handoff-confirmation-candidate-1820-configuration,False,False,False,,,,False,False,False,,0,0,NO_TERMINAL_PHYSICAL_RECORD
handoff-confirmation-candidate-1821,handoff-confirmation-candidate-1821-configuration,False,False,False,,,,False,False,False,,0,0,NO_TERMINAL_PHYSICAL_RECORD
handoff-confirmation-candidate-1822,handoff-confirmation-candidate-1822-configuration,False,False,False,,,,False,False,False,,0,0,NO_TERMINAL_PHYSICAL_RECORD
handoff-confirmation-candidate-1823,handoff-confirmation-candidate-1823-configuration,False,False,False,,,,False,False,False,,0,0,NO_TERMINAL_PHYSICAL_RECORD
handoff-confirmation-candidate-1824,handoff-confirmation-candidate-1824-configuration,False,False,False,,,,False,False,False,,0,0,NO_TERMINAL_PHYSICAL_RECORD
handoff-confirmation-candidate-1825,handoff-confirmation-candidate-1825-configuration,False,False,False,,,,False,False,False,,0,0,NO_TERMINAL_PHYSICAL_RECORD
handoff-confirmation-candidate-1826,handoff-confirmation-candidate-1826-configuration,False,False,False,,,,False,False,False,,0,0,NO_TERMINAL_PHYSICAL_RECORD
handoff-confirmation-candidate-1827,handoff-confirmation-candidate-1827-configuration,False,False,False,,,,False,False,False,,0,0,NO_TERMINAL_PHYSICAL_RECORD
handoff-confirmation-candidate-1828,handoff-confirmation-candidate-1828-configuration,False,False,False,,,,False,False,False,,0,0,NO_TERMINAL_PHYSICAL_RECORD
handoff-confirmation-candidate-1829,handoff-confirmation-candidate-1829-configuration,False,False,False,,,,False,False,False,,0,0,NO_TERMINAL_PHYSICAL_RECORD
handoff-confirmation-candidate-1830,handoff-confirmation-candidate-1830-configuration,False,False,False,,,,False,False,False,,0,0,NO_TERMINAL_PHYSICAL_RECORD
handoff-confirmation-candidate-1831,handoff-confirmation-candidate-1831-configuration,False,False,False,,,,False,False,False,,0,0,NO_TERMINAL_PHYSICAL_RECORD
handoff-confirmation-candidate-1832,handoff-confirmation-candidate-1832-configuration,False,False,False,,,,False,False,False,,0,0,NO_TERMINAL_PHYSICAL_RECORD
handoff-confirmation-candidate-1833,handoff-confirmation-candidate-1833-configuration,False,False,False,,,,False,False,False,,0,0,NO_TERMINAL_PHYSICAL_RECORD
handoff-confirmation-candidate-1834,handoff-confirmation-candidate-1834-configuration,False,False,False,,,,False,False,False,,0,0,NO_TERMINAL_PHYSICAL_RECORD
handoff-confirmation-candidate-1835,handoff-confirmation-candidate-1835-configuration,False,False,False,,,,False,False,False,,0,0,NO_TERMINAL_PHYSICAL_RECORD
handoff-confirmation-candidate-1836,handoff-confirmation-candidate-1836-configuration,False,False,False,,,,False,False,False,,0,0,NO_TERMINAL_PHYSICAL_RECORD
handoff-confirmation-candidate-1837,handoff-confirmation-candidate-1837-configuration,False,False,False,,,,False,False,False,,0,0,NO_TERMINAL_PHYSICAL_RECORD
handoff-confirmation-candidate-1838,handoff-confirmation-candidate-1838-configuration,False,False,False,,,,False,False,False,,0,0,NO_TERMINAL_PHYSICAL_RECORD
handoff-confirmation-candidate-1839,handoff-confirmation-candidate-1839-configuration,False,False,False,,,,False,False,False,,0,0,NO_TERMINAL_PHYSICAL_RECORD
handoff-confirmation-candidate-1840,handoff-confirmation-candidate-1840-configuration,False,False,False,,,,False,False,False,,0,0,NO_TERMINAL_PHYSICAL_RECORD
handoff-confirmation-candidate-1841,handoff-confirmation-candidate-1841-configuration,False,False,False,,,,False,False,False,,0,0,NO_TERMINAL_PHYSICAL_RECORD
handoff-confirmation-candidate-1842,handoff-confirmation-candidate-1842-configuration,False,False,False,,,,False,False,False,,0,0,NO_TERMINAL_PHYSICAL_RECORD
handoff-confirmation-candidate-1843,handoff-confirmation-candidate-1843-configuration,False,False,False,,,,False,False,False,,0,0,NO_TERMINAL_PHYSICAL_RECORD
handoff-confirmation-candidate-1844,handoff-confirmation-candidate-1844-configuration,False,False,False,,,,False,False,False,,0,0,NO_TERMINAL_PHYSICAL_RECORD
handoff-confirmation-candidate-1845,handoff-confirmation-candidate-1845-configuration,False,False,False,,,,False,False,False,,0,0,NO_TERMINAL_PHYSICAL_RECORD
handoff-confirmation-candidate-1846,handoff-confirmation-candidate-1846-configuration,False,False,False,,,,False,False,False,,0,0,NO_TERMINAL_PHYSICAL_RECORD
handoff-confirmation-candidate-1847,handoff-confirmation-candidate-1847-configuration,False,False,False,,,,False,False,False,,0,0,NO_TERMINAL_PHYSICAL_RECORD
handoff-confirmation-candidate-1848,handoff-confirmation-candidate-1848-configuration,False,False,False,,,,False,False,False,,0,0,NO_TERMINAL_PHYSICAL_RECORD
handoff-confirmation-candidate-1849,handoff-confirmation-candidate-1849-configuration,False,False,False,,,,False,False,False,,0,0,NO_TERMINAL_PHYSICAL_RECORD
handoff-confirmation-candidate-1850,handoff-confirmation-candidate-1850-configuration,False,False,False,,,,False,False,False,,0,0,NO_TERMINAL_PHYSICAL_RECORD
handoff-confirmation-candidate-1851,handoff-confirmation-candidate-1851-configuration,False,False,False,,,,False,False,False,,0,0,NO_TERMINAL_PHYSICAL_RECORD
handoff-confirmation-candidate-1852,handoff-confirmation-candidate-1852-configuration,False,False,False,,,,False,False,False,,0,0,NO_TERMINAL_PHYSICAL_RECORD
handoff-confirmation-candidate-1853,handoff-confirmation-candidate-1853-configuration,False,False,False,,,,False,False,False,,0,0,NO_TERMINAL_PHYSICAL_RECORD
handoff-confirmation-candidate-1854,handoff-confirmation-candidate-1854-configuration,False,False,False,,,,False,False,False,,0,0,NO_TERMINAL_PHYSICAL_RECORD
handoff-confirmation-candidate-1855,handoff-confirmation-candidate-1855-configuration,False,False,False,,,,False,False,False,,0,0,NO_TERMINAL_PHYSICAL_RECORD
handoff-confirmation-candidate-1856,handoff-confirmation-candidate-1856-configuration,False,False,False,,,,False,False,False,,0,0,NO_TERMINAL_PHYSICAL_RECORD
handoff-confirmation-candidate-1857,handoff-confirmation-candidate-1857-configuration,False,False,False,,,,False,False,False,,0,0,NO_TERMINAL_PHYSICAL_RECORD
handoff-confirmation-candidate-1858,handoff-confirmation-candidate-1858-configuration,False,False,False,,,,False,False,False,,0,0,NO_TERMINAL_PHYSICAL_RECORD
handoff-confirmation-candidate-1859,handoff-confirmation-candidate-1859-configuration,False,False,False,,,,False,False,False,,0,0,NO_TERMINAL_PHYSICAL_RECORD
handoff-confirmation-candidate-1860,handoff-confirmation-candidate-1860-configuration,False,False,False,,,,False,False,False,,0,0,NO_TERMINAL_PHYSICAL_RECORD
handoff-confirmation-candidate-1861,handoff-confirmation-candidate-1861-configuration,False,False,False,,,,False,False,False,,0,0,NO_TERMINAL_PHYSICAL_RECORD
handoff-confirmation-candidate-1862,handoff-confirmation-candidate-1862-configuration,False,False,False,,,,False,False,False,,0,0,NO_TERMINAL_PHYSICAL_RECORD
handoff-confirmation-candidate-1863,handoff-confirmation-candidate-1863-configuration,False,False,False,,,,False,False,False,,0,0,NO_TERMINAL_PHYSICAL_RECORD
handoff-confirmation-candidate-1864,handoff-confirmation-candidate-1864-configuration,False,False,False,,,,False,False,False,,0,0,NO_TERMINAL_PHYSICAL_RECORD
handoff-confirmation-candidate-1865,handoff-confirmation-candidate-1865-configuration,False,False,False,,,,False,False,False,,0,0,NO_TERMINAL_PHYSICAL_RECORD
handoff-confirmation-candidate-1866,handoff-confirmation-candidate-1866-configuration,False,False,False,,,,False,False,False,,0,0,NO_TERMINAL_PHYSICAL_RECORD
handoff-confirmation-candidate-1867,handoff-confirmation-candidate-1867-configuration,False,False,False,,,,False,False,False,,0,0,NO_TERMINAL_PHYSICAL_RECORD
handoff-confirmation-candidate-1868,handoff-confirmation-candidate-1868-configuration,False,False,False,,,,False,False,False,,0,0,NO_TERMINAL_PHYSICAL_RECORD
handoff-confirmation-candidate-1869,handoff-confirmation-candidate-1869-configuration,False,False,False,,,,False,False,False,,0,0,NO_TERMINAL_PHYSICAL_RECORD
handoff-confirmation-candidate-1870,handoff-confirmation-candidate-1870-configuration,False,False,False,,,,False,False,False,,0,0,NO_TERMINAL_PHYSICAL_RECORD
handoff-confirmation-candidate-1871,handoff-confirmation-candidate-1871-configuration,False,False,False,,,,False,False,False,,0,0,NO_TERMINAL_PHYSICAL_RECORD
handoff-confirmation-candidate-1872,handoff-confirmation-candidate-1872-configuration,False,False,False,,,,False,False,False,,0,0,NO_TERMINAL_PHYSICAL_RECORD
handoff-confirmation-candidate-1873,handoff-confirmation-candidate-1873-configuration,False,False,False,,,,False,False,False,,0,0,NO_TERMINAL_PHYSICAL_RECORD
handoff-confirmation-candidate-1874,handoff-confirmation-candidate-1874-configuration,False,False,False,,,,False,False,False,,0,0,NO_TERMINAL_PHYSICAL_RECORD
handoff-confirmation-candidate-1875,handoff-confirmation-candidate-1875-configuration,False,False,False,,,,False,False,False,,0,0,NO_TERMINAL_PHYSICAL_RECORD
handoff-confirmation-candidate-1876,handoff-confirmation-candidate-1876-configuration,False,False,False,,,,False,False,False,,0,0,NO_TERMINAL_PHYSICAL_RECORD
handoff-confirmation-candidate-1877,handoff-confirmation-candidate-1877-configuration,False,False,False,,,,False,False,False,,0,0,NO_TERMINAL_PHYSICAL_RECORD
handoff-confirmation-candidate-1878,handoff-confirmation-candidate-1878-configuration,False,False,False,,,,False,False,False,,0,0,NO_TERMINAL_PHYSICAL_RECORD
handoff-confirmation-candidate-1879,handoff-confirmation-candidate-1879-configuration,False,False,False,,,,False,False,False,,0,0,NO_TERMINAL_PHYSICAL_RECORD
handoff-confirmation-candidate-1880,handoff-confirmation-candidate-1880-configuration,False,False,False,,,,False,False,False,,0,0,NO_TERMINAL_PHYSICAL_RECORD
handoff-confirmation-candidate-1881,handoff-confirmation-candidate-1881-configuration,False,False,False,,,,False,False,False,,0,0,NO_TERMINAL_PHYSICAL_RECORD
handoff-confirmation-candidate-1882,handoff-confirmation-candidate-1882-configuration,False,False,False,,,,False,False,False,,0,0,NO_TERMINAL_PHYSICAL_RECORD
handoff-confirmation-candidate-1883,handoff-confirmation-candidate-1883-configuration,False,False,False,,,,False,False,False,,0,0,NO_TERMINAL_PHYSICAL_RECORD
handoff-confirmation-candidate-1884,handoff-confirmation-candidate-1884-configuration,False,False,False,,,,False,False,False,,0,0,NO_TERMINAL_PHYSICAL_RECORD
handoff-confirmation-candidate-1885,handoff-confirmation-candidate-1885-configuration,False,False,False,,,,False,False,False,,0,0,NO_TERMINAL_PHYSICAL_RECORD
handoff-confirmation-candidate-1886,handoff-confirmation-candidate-1886-configuration,False,False,False,,,,False,False,False,,0,0,NO_TERMINAL_PHYSICAL_RECORD
handoff-confirmation-candidate-1887,handoff-confirmation-candidate-1887-configuration,False,False,False,,,,False,False,False,,0,0,NO_TERMINAL_PHYSICAL_RECORD
handoff-confirmation-candidate-1888,handoff-confirmation-candidate-1888-configuration,False,False,False,,,,False,False,False,,0,0,NO_TERMINAL_PHYSICAL_RECORD
handoff-confirmation-candidate-1889,handoff-confirmation-candidate-1889-configuration,False,False,False,,,,False,False,False,,0,0,NO_TERMINAL_PHYSICAL_RECORD
handoff-confirmation-candidate-1890,handoff-confirmation-candidate-1890-configuration,False,False,False,,,,False,False,False,,0,0,NO_TERMINAL_PHYSICAL_RECORD
handoff-confirmation-candidate-1891,handoff-confirmation-candidate-1891-configuration,False,False,False,,,,False,False,False,,0,0,NO_TERMINAL_PHYSICAL_RECORD
handoff-confirmation-candidate-1892,handoff-confirmation-candidate-1892-configuration,False,False,False,,,,False,False,False,,0,0,NO_TERMINAL_PHYSICAL_RECORD
handoff-confirmation-candidate-1893,handoff-confirmation-candidate-1893-configuration,False,False,False,,,,False,False,False,,0,0,NO_TERMINAL_PHYSICAL_RECORD
handoff-confirmation-candidate-1894,handoff-confirmation-candidate-1894-configuration,False,False,False,,,,False,False,False,,0,0,NO_TERMINAL_PHYSICAL_RECORD
handoff-confirmation-candidate-1895,handoff-confirmation-candidate-1895-configuration,False,False,False,,,,False,False,False,,0,0,NO_TERMINAL_PHYSICAL_RECORD
handoff-confirmation-candidate-1896,handoff-confirmation-candidate-1896-configuration,False,False,False,,,,False,False,False,,0,0,NO_TERMINAL_PHYSICAL_RECORD
handoff-confirmation-candidate-1897,handoff-confirmation-candidate-1897-configuration,False,False,False,,,,False,False,False,,0,0,NO_TERMINAL_PHYSICAL_RECORD
handoff-confirmation-candidate-1898,handoff-confirmation-candidate-1898-configuration,False,False,False,,,,False,False,False,,0,0,NO_TERMINAL_PHYSICAL_RECORD
handoff-confirmation-candidate-1899,handoff-confirmation-candidate-1899-configuration,False,False,False,,,,False,False,False,,0,0,NO_TERMINAL_PHYSICAL_RECORD
handoff-confirmation-candidate-1900,handoff-confirmation-candidate-1900-configuration,False,False,False,,,,False,False,False,,0,0,NO_TERMINAL_PHYSICAL_RECORD
handoff-confirmation-candidate-1901,handoff-confirmation-candidate-1901-configuration,False,False,False,,,,False,False,False,,0,0,NO_TERMINAL_PHYSICAL_RECORD
handoff-confirmation-candidate-1902,handoff-confirmation-candidate-1902-configuration,False,False,False,,,,False,False,False,,0,0,NO_TERMINAL_PHYSICAL_RECORD
handoff-confirmation-candidate-1903,handoff-confirmation-candidate-1903-configuration,False,False,False,,,,False,False,False,,0,0,NO_TERMINAL_PHYSICAL_RECORD
handoff-confirmation-candidate-1904,handoff-confirmation-candidate-1904-configuration,False,False,False,,,,False,False,False,,0,0,NO_TERMINAL_PHYSICAL_RECORD
handoff-confirmation-candidate-1905,handoff-confirmation-candidate-1905-configuration,False,False,False,,,,False,False,False,,0,0,NO_TERMINAL_PHYSICAL_RECORD
handoff-confirmation-candidate-1906,handoff-confirmation-candidate-1906-configuration,False,False,False,,,,False,False,False,,0,0,NO_TERMINAL_PHYSICAL_RECORD
handoff-confirmation-candidate-1907,handoff-confirmation-candidate-1907-configuration,False,False,False,,,,False,False,False,,0,0,NO_TERMINAL_PHYSICAL_RECORD
handoff-confirmation-candidate-1908,handoff-confirmation-candidate-1908-configuration,False,False,False,,,,False,False,False,,0,0,NO_TERMINAL_PHYSICAL_RECORD
handoff-confirmation-candidate-1909,handoff-confirmation-candidate-1909-configuration,False,False,False,,,,False,False,False,,0,0,NO_TERMINAL_PHYSICAL_RECORD
handoff-confirmation-candidate-1910,handoff-confirmation-candidate-1910-configuration,False,False,False,,,,False,False,False,,0,0,NO_TERMINAL_PHYSICAL_RECORD
handoff-confirmation-candidate-1911,handoff-confirmation-candidate-1911-configuration,False,False,False,,,,False,False,False,,0,0,NO_TERMINAL_PHYSICAL_RECORD
handoff-confirmation-candidate-1912,handoff-confirmation-candidate-1912-configuration,False,False,False,,,,False,False,False,,0,0,NO_TERMINAL_PHYSICAL_RECORD
handoff-confirmation-candidate-1913,handoff-confirmation-candidate-1913-configuration,False,False,False,,,,False,False,False,,0,0,NO_TERMINAL_PHYSICAL_RECORD
handoff-confirmation-candidate-1914,handoff-confirmation-candidate-1914-configuration,False,False,False,,,,False,False,False,,0,0,NO_TERMINAL_PHYSICAL_RECORD
handoff-confirmation-candidate-1915,handoff-confirmation-candidate-1915-configuration,False,False,False,,,,False,False,False,,0,0,NO_TERMINAL_PHYSICAL_RECORD
handoff-confirmation-candidate-1916,handoff-confirmation-candidate-1916-configuration,False,False,False,,,,False,False,False,,0,0,NO_TERMINAL_PHYSICAL_RECORD
handoff-confirmation-candidate-1917,handoff-confirmation-candidate-1917-configuration,False,False,False,,,,False,False,False,,0,0,NO_TERMINAL_PHYSICAL_RECORD
handoff-confirmation-candidate-1918,handoff-confirmation-candidate-1918-configuration,False,False,False,,,,False,False,False,,0,0,NO_TERMINAL_PHYSICAL_RECORD
handoff-confirmation-candidate-1919,handoff-confirmation-candidate-1919-configuration,False,False,False,,,,False,False,False,,0,0,NO_TERMINAL_PHYSICAL_RECORD
handoff-confirmation-candidate-1920,handoff-confirmation-candidate-1920-configuration,False,False,False,,,,False,False,False,,0,0,NO_TERMINAL_PHYSICAL_RECORD
handoff-confirmation-candidate-1921,handoff-confirmation-candidate-1921-configuration,False,False,False,,,,False,False,False,,0,0,NO_TERMINAL_PHYSICAL_RECORD
handoff-confirmation-candidate-1922,handoff-confirmation-candidate-1922-configuration,False,False,False,,,,False,False,False,,0,0,NO_TERMINAL_PHYSICAL_RECORD
handoff-confirmation-candidate-1923,handoff-confirmation-candidate-1923-configuration,False,False,False,,,,False,False,False,,0,0,NO_TERMINAL_PHYSICAL_RECORD
handoff-confirmation-candidate-1924,handoff-confirmation-candidate-1924-configuration,False,False,False,,,,False,False,False,,0,0,NO_TERMINAL_PHYSICAL_RECORD
handoff-confirmation-candidate-1925,handoff-confirmation-candidate-1925-configuration,False,False,False,,,,False,False,False,,0,0,NO_TERMINAL_PHYSICAL_RECORD
handoff-confirmation-candidate-1926,handoff-confirmation-candidate-1926-configuration,False,False,False,,,,False,False,False,,0,0,NO_TERMINAL_PHYSICAL_RECORD
handoff-confirmation-candidate-1927,handoff-confirmation-candidate-1927-configuration,False,False,False,,,,False,False,False,,0,0,NO_TERMINAL_PHYSICAL_RECORD
handoff-confirmation-candidate-1928,handoff-confirmation-candidate-1928-configuration,False,False,False,,,,False,False,False,,0,0,NO_TERMINAL_PHYSICAL_RECORD
handoff-confirmation-candidate-1929,handoff-confirmation-candidate-1929-configuration,False,False,False,,,,False,False,False,,0,0,NO_TERMINAL_PHYSICAL_RECORD
handoff-confirmation-candidate-1930,handoff-confirmation-candidate-1930-configuration,False,False,False,,,,False,False,False,,0,0,NO_TERMINAL_PHYSICAL_RECORD
handoff-confirmation-candidate-1931,handoff-confirmation-candidate-1931-configuration,False,False,False,,,,False,False,False,,0,0,NO_TERMINAL_PHYSICAL_RECORD
handoff-confirmation-candidate-1932,handoff-confirmation-candidate-1932-configuration,False,False,False,,,,False,False,False,,0,0,NO_TERMINAL_PHYSICAL_RECORD
handoff-confirmation-candidate-1933,handoff-confirmation-candidate-1933-configuration,False,False,False,,,,False,False,False,,0,0,NO_TERMINAL_PHYSICAL_RECORD
handoff-confirmation-candidate-1934,handoff-confirmation-candidate-1934-configuration,False,False,False,,,,False,False,False,,0,0,NO_TERMINAL_PHYSICAL_RECORD
handoff-confirmation-candidate-1935,handoff-confirmation-candidate-1935-configuration,False,False,False,,,,False,False,False,,0,0,NO_TERMINAL_PHYSICAL_RECORD
handoff-confirmation-candidate-1936,handoff-confirmation-candidate-1936-configuration,False,False,False,,,,False,False,False,,0,0,NO_TERMINAL_PHYSICAL_RECORD
handoff-confirmation-candidate-1937,handoff-confirmation-candidate-1937-configuration,False,False,False,,,,False,False,False,,0,0,NO_TERMINAL_PHYSICAL_RECORD
handoff-confirmation-candidate-1938,handoff-confirmation-candidate-1938-configuration,False,False,False,,,,False,False,False,,0,0,NO_TERMINAL_PHYSICAL_RECORD
handoff-confirmation-candidate-1939,handoff-confirmation-candidate-1939-configuration,False,False,False,,,,False,False,False,,0,0,NO_TERMINAL_PHYSICAL_RECORD
handoff-confirmation-candidate-1940,handoff-confirmation-candidate-1940-configuration,False,False,False,,,,False,False,False,,0,0,NO_TERMINAL_PHYSICAL_RECORD
handoff-confirmation-candidate-1941,handoff-confirmation-candidate-1941-configuration,False,False,False,,,,False,False,False,,0,0,NO_TERMINAL_PHYSICAL_RECORD
handoff-confirmation-candidate-1942,handoff-confirmation-candidate-1942-configuration,False,False,False,,,,False,False,False,,0,0,NO_TERMINAL_PHYSICAL_RECORD
handoff-confirmation-candidate-1943,handoff-confirmation-candidate-1943-configuration,False,False,False,,,,False,False,False,,0,0,NO_TERMINAL_PHYSICAL_RECORD
handoff-confirmation-candidate-1944,handoff-confirmation-candidate-1944-configuration,False,False,False,,,,False,False,False,,0,0,NO_TERMINAL_PHYSICAL_RECORD
handoff-confirmation-candidate-1945,handoff-confirmation-candidate-1945-configuration,False,False,False,,,,False,False,False,,0,0,NO_TERMINAL_PHYSICAL_RECORD
handoff-confirmation-candidate-1946,handoff-confirmation-candidate-1946-configuration,False,False,False,,,,False,False,False,,0,0,NO_TERMINAL_PHYSICAL_RECORD
handoff-confirmation-candidate-1947,handoff-confirmation-candidate-1947-configuration,False,False,False,,,,False,False,False,,0,0,NO_TERMINAL_PHYSICAL_RECORD
handoff-confirmation-candidate-1948,handoff-confirmation-candidate-1948-configuration,False,False,False,,,,False,False,False,,0,0,NO_TERMINAL_PHYSICAL_RECORD
handoff-confirmation-candidate-1949,handoff-confirmation-candidate-1949-configuration,False,False,False,,,,False,False,False,,0,0,NO_TERMINAL_PHYSICAL_RECORD
handoff-confirmation-candidate-1950,handoff-confirmation-candidate-1950-configuration,False,False,False,,,,False,False,False,,0,0,NO_TERMINAL_PHYSICAL_RECORD
handoff-confirmation-candidate-1951,handoff-confirmation-candidate-1951-configuration,False,False,False,,,,False,False,False,,0,0,NO_TERMINAL_PHYSICAL_RECORD
handoff-confirmation-candidate-1952,handoff-confirmation-candidate-1952-configuration,False,False,False,,,,False,False,False,,0,0,NO_TERMINAL_PHYSICAL_RECORD
handoff-confirmation-candidate-1953,handoff-confirmation-candidate-1953-configuration,False,False,False,,,,False,False,False,,0,0,NO_TERMINAL_PHYSICAL_RECORD
handoff-confirmation-candidate-1954,handoff-confirmation-candidate-1954-configuration,False,False,False,,,,False,False,False,,0,0,NO_TERMINAL_PHYSICAL_RECORD
handoff-confirmation-candidate-1955,handoff-confirmation-candidate-1955-configuration,False,False,False,,,,False,False,False,,0,0,NO_TERMINAL_PHYSICAL_RECORD
handoff-confirmation-candidate-1956,handoff-confirmation-candidate-1956-configuration,False,False,False,,,,False,False,False,,0,0,NO_TERMINAL_PHYSICAL_RECORD
handoff-confirmation-candidate-1957,handoff-confirmation-candidate-1957-configuration,False,False,False,,,,False,False,False,,0,0,NO_TERMINAL_PHYSICAL_RECORD
handoff-confirmation-candidate-1958,handoff-confirmation-candidate-1958-configuration,False,False,False,,,,False,False,False,,0,0,NO_TERMINAL_PHYSICAL_RECORD
handoff-confirmation-candidate-1959,handoff-confirmation-candidate-1959-configuration,False,False,False,,,,False,False,False,,0,0,NO_TERMINAL_PHYSICAL_RECORD
handoff-confirmation-candidate-1960,handoff-confirmation-candidate-1960-configuration,False,False,False,,,,False,False,False,,0,0,NO_TERMINAL_PHYSICAL_RECORD
handoff-confirmation-candidate-1961,handoff-confirmation-candidate-1961-configuration,False,False,False,,,,False,False,False,,0,0,NO_TERMINAL_PHYSICAL_RECORD
handoff-confirmation-candidate-1962,handoff-confirmation-candidate-1962-configuration,False,False,False,,,,False,False,False,,0,0,NO_TERMINAL_PHYSICAL_RECORD
handoff-confirmation-candidate-1963,handoff-confirmation-candidate-1963-configuration,False,False,False,,,,False,False,False,,0,0,NO_TERMINAL_PHYSICAL_RECORD
handoff-confirmation-candidate-1964,handoff-confirmation-candidate-1964-configuration,False,False,False,,,,False,False,False,,0,0,NO_TERMINAL_PHYSICAL_RECORD
handoff-confirmation-candidate-1965,handoff-confirmation-candidate-1965-configuration,False,False,False,,,,False,False,False,,0,0,NO_TERMINAL_PHYSICAL_RECORD
handoff-confirmation-candidate-1966,handoff-confirmation-candidate-1966-configuration,False,False,False,,,,False,False,False,,0,0,NO_TERMINAL_PHYSICAL_RECORD
handoff-confirmation-candidate-1967,handoff-confirmation-candidate-1967-configuration,False,False,False,,,,False,False,False,,0,0,NO_TERMINAL_PHYSICAL_RECORD
handoff-confirmation-candidate-1968,handoff-confirmation-candidate-1968-configuration,False,False,False,,,,False,False,False,,0,0,NO_TERMINAL_PHYSICAL_RECORD
handoff-confirmation-candidate-1969,handoff-confirmation-candidate-1969-configuration,False,False,False,,,,False,False,False,,0,0,NO_TERMINAL_PHYSICAL_RECORD
handoff-confirmation-candidate-1970,handoff-confirmation-candidate-1970-configuration,False,False,False,,,,False,False,False,,0,0,NO_TERMINAL_PHYSICAL_RECORD
handoff-confirmation-candidate-1971,handoff-confirmation-candidate-1971-configuration,False,False,False,,,,False,False,False,,0,0,NO_TERMINAL_PHYSICAL_RECORD
handoff-confirmation-candidate-1972,handoff-confirmation-candidate-1972-configuration,False,False,False,,,,False,False,False,,0,0,NO_TERMINAL_PHYSICAL_RECORD
handoff-confirmation-candidate-1973,handoff-confirmation-candidate-1973-configuration,False,False,False,,,,False,False,False,,0,0,NO_TERMINAL_PHYSICAL_RECORD
handoff-confirmation-candidate-1974,handoff-confirmation-candidate-1974-configuration,False,False,False,,,,False,False,False,,0,0,NO_TERMINAL_PHYSICAL_RECORD
handoff-confirmation-candidate-1975,handoff-confirmation-candidate-1975-configuration,False,False,False,,,,False,False,False,,0,0,NO_TERMINAL_PHYSICAL_RECORD
handoff-confirmation-candidate-1976,handoff-confirmation-candidate-1976-configuration,False,False,False,,,,False,False,False,,0,0,NO_TERMINAL_PHYSICAL_RECORD
handoff-confirmation-candidate-1977,handoff-confirmation-candidate-1977-configuration,False,False,False,,,,False,False,False,,0,0,NO_TERMINAL_PHYSICAL_RECORD
handoff-confirmation-candidate-1978,handoff-confirmation-candidate-1978-configuration,False,False,False,,,,False,False,False,,0,0,NO_TERMINAL_PHYSICAL_RECORD
handoff-confirmation-candidate-1979,handoff-confirmation-candidate-1979-configuration,False,False,False,,,,False,False,False,,0,0,NO_TERMINAL_PHYSICAL_RECORD
handoff-confirmation-candidate-1980,handoff-confirmation-candidate-1980-configuration,False,False,False,,,,False,False,False,,0,0,NO_TERMINAL_PHYSICAL_RECORD
handoff-confirmation-candidate-1981,handoff-confirmation-candidate-1981-configuration,False,False,False,,,,False,False,False,,0,0,NO_TERMINAL_PHYSICAL_RECORD
handoff-confirmation-candidate-1982,handoff-confirmation-candidate-1982-configuration,False,False,False,,,,False,False,False,,0,0,NO_TERMINAL_PHYSICAL_RECORD
handoff-confirmation-candidate-1983,handoff-confirmation-candidate-1983-configuration,False,False,False,,,,False,False,False,,0,0,NO_TERMINAL_PHYSICAL_RECORD
handoff-confirmation-candidate-1984,handoff-confirmation-candidate-1984-configuration,False,False,False,,,,False,False,False,,0,0,NO_TERMINAL_PHYSICAL_RECORD
handoff-confirmation-candidate-1985,handoff-confirmation-candidate-1985-configuration,False,False,False,,,,False,False,False,,0,0,NO_TERMINAL_PHYSICAL_RECORD
handoff-confirmation-candidate-1986,handoff-confirmation-candidate-1986-configuration,False,False,False,,,,False,False,False,,0,0,NO_TERMINAL_PHYSICAL_RECORD
handoff-confirmation-candidate-1987,handoff-confirmation-candidate-1987-configuration,False,False,False,,,,False,False,False,,0,0,NO_TERMINAL_PHYSICAL_RECORD
handoff-confirmation-candidate-1988,handoff-confirmation-candidate-1988-configuration,False,False,False,,,,False,False,False,,0,0,NO_TERMINAL_PHYSICAL_RECORD
handoff-confirmation-candidate-1989,handoff-confirmation-candidate-1989-configuration,False,False,False,,,,False,False,False,,0,0,NO_TERMINAL_PHYSICAL_RECORD
handoff-confirmation-candidate-1990,handoff-confirmation-candidate-1990-configuration,False,False,False,,,,False,False,False,,0,0,NO_TERMINAL_PHYSICAL_RECORD
handoff-confirmation-candidate-1991,handoff-confirmation-candidate-1991-configuration,False,False,False,,,,False,False,False,,0,0,NO_TERMINAL_PHYSICAL_RECORD
handoff-confirmation-candidate-1992,handoff-confirmation-candidate-1992-configuration,False,False,False,,,,False,False,False,,0,0,NO_TERMINAL_PHYSICAL_RECORD
handoff-confirmation-candidate-1993,handoff-confirmation-candidate-1993-configuration,False,False,False,,,,False,False,False,,0,0,NO_TERMINAL_PHYSICAL_RECORD
handoff-confirmation-candidate-1994,handoff-confirmation-candidate-1994-configuration,False,False,False,,,,False,False,False,,0,0,NO_TERMINAL_PHYSICAL_RECORD
handoff-confirmation-candidate-1995,handoff-confirmation-candidate-1995-configuration,False,False,False,,,,False,False,False,,0,0,NO_TERMINAL_PHYSICAL_RECORD
handoff-confirmation-candidate-1996,handoff-confirmation-candidate-1996-configuration,False,False,False,,,,False,False,False,,0,0,NO_TERMINAL_PHYSICAL_RECORD
handoff-confirmation-candidate-1997,handoff-confirmation-candidate-1997-configuration,False,False,False,,,,False,False,False,,0,0,NO_TERMINAL_PHYSICAL_RECORD
handoff-confirmation-candidate-1998,handoff-confirmation-candidate-1998-configuration,False,False,False,,,,False,False,False,,0,0,NO_TERMINAL_PHYSICAL_RECORD
handoff-confirmation-candidate-1999,handoff-confirmation-candidate-1999-configuration,False,False,False,,,,False,False,False,,0,0,NO_TERMINAL_PHYSICAL_RECORD
handoff-confirmation-candidate-2000,handoff-confirmation-candidate-2000-configuration,False,False,False,,,,False,False,False,,0,0,NO_TERMINAL_PHYSICAL_RECORD
